customer_id,viewed,carted,checkout,purchased
1,1,1,1,1
2,1,1,1,0
5,1,0,0,0
8,1,0,0,0
9,1,0,0,0
10,1,0,0,0
12,1,0,0,0
15,1,1,0,0
16,1,1,0,0
19,1,0,0,0
20,1,0,0,0
21,1,0,0,0
22,1,0,0,0
26,1,0,0,0
28,1,0,0,0
31,1,0,0,0
32,1,0,0,0
33,1,1,1,1
34,1,1,0,0
35,1,0,0,0
42,1,0,0,0
43,1,0,0,0
45,1,0,0,0
48,1,0,0,0
50,1,0,0,0
52,1,1,0,0
53,1,0,0,0
58,1,0,0,0
59,1,0,0,0
65,1,1,1,1
69,1,0,0,0
73,1,1,1,0
76,1,0,0,0
77,1,1,1,1
78,1,1,0,0
80,1,0,0,0
83,1,1,1,1
84,1,0,0,0
85,1,0,0,0
93,1,0,0,0
98,1,0,0,0
99,1,0,0,0
100,1,0,0,0
105,1,0,0,0
106,1,0,0,0
107,1,1,0,0
110,1,1,1,0
111,1,0,0,0
112,1,1,1,0
114,1,0,0,0
118,1,1,0,0
120,1,0,0,0
123,1,0,0,0
129,1,1,1,1
133,1,0,0,0
134,1,1,1,0
135,1,0,0,0
137,1,0,0,0
138,1,0,0,0
145,1,0,0,0
151,1,0,0,0
153,1,0,0,0
157,0,\N,0,0
159,1,1,1,1
161,1,0,0,0
164,1,0,0,0
165,1,0,0,0
168,1,0,0,0
169,1,0,0,0
171,1,0,0,0
173,1,0,0,0
175,1,1,0,0
179,1,0,0,0
181,1,0,0,0
187,1,1,0,0
189,1,0,0,0
191,1,0,0,0
192,1,0,0,0
197,1,0,0,0
198,0,\N,1,0
200,1,1,1,0
201,1,0,0,0
203,1,0,0,0
206,1,0,0,0
207,1,0,0,0
209,1,0,0,0
210,1,1,0,0
211,1,0,0,0
212,1,1,1,0
221,1,0,0,0
222,1,0,0,0
224,1,1,0,0
227,1,1,0,0
230,1,0,0,0
231,1,1,1,1
233,1,1,0,0
234,1,0,0,0
235,1,1,1,0
239,1,1,0,0
241,1,1,0,0
242,1,0,0,0
243,1,0,0,0
251,1,0,0,0
253,1,0,0,0
254,1,0,0,0
255,1,1,1,0
256,1,1,1,0
257,1,0,0,0
260,1,0,\N,1
267,1,1,1,0
270,1,0,0,0
271,1,0,0,0
272,1,1,1,1
275,1,1,1,0
279,1,0,0,0
280,1,1,1,1
284,1,0,0,0
286,1,0,0,0
288,1,0,0,0
290,1,1,1,0
292,1,0,0,0
298,1,0,0,0
303,1,0,0,0
304,1,0,0,0
306,1,0,0,0
308,1,0,0,0
310,1,1,0,0
314,1,0,0,0
316,1,1,1,1
320,1,1,1,0
324,1,0,0,0
325,1,0,0,0
331,1,0,0,0
336,1,0,0,0
343,0,\N,0,0
344,1,1,1,1
345,1,1,1,0
348,1,1,1,1
350,1,0,0,0
354,1,0,0,0
356,1,1,1,0
363,1,0,\N,0
364,1,1,1,0
365,1,0,0,0
367,1,0,0,0
368,1,0,0,0
371,1,0,0,0
377,1,1,1,0
380,1,0,0,0
383,1,1,1,0
384,1,0,0,0
386,1,1,1,1
390,1,1,1,0
392,1,1,0,0
394,1,0,0,0
395,1,0,0,0
399,1,1,0,\N
400,1,0,0,0
401,0,\N,1,0
402,1,1,1,1
410,1,0,0,0
412,1,0,0,0
413,1,0,0,0
415,1,0,0,0
416,1,1,0,0
417,1,0,0,0
418,1,0,0,0
423,1,0,0,0
426,1,0,0,0
428,1,0,0,0
429,1,0,0,0
431,1,0,0,0
434,1,0,0,0
436,1,1,0,0
438,1,0,0,0
439,1,0,0,0
441,1,0,0,0
442,1,0,0,0
446,1,1,1,0
447,1,1,1,1
449,1,0,0,0
450,1,1,0,0
452,1,0,0,0
454,1,0,0,0
456,1,1,1,1
458,1,0,0,0
460,1,1,1,0
462,1,1,1,1
465,1,0,0,0
467,1,1,1,1
468,1,0,0,0
471,1,0,0,0
472,1,0,0,0
473,1,0,0,0
479,1,0,0,0
487,1,0,0,0
489,1,1,1,0
490,1,1,0,0
494,1,0,0,0
496,1,0,0,0
502,1,0,0,0
504,1,0,0,0
507,1,0,0,0
508,1,0,0,0
510,1,0,0,0
515,1,1,1,1
518,1,0,0,0
519,1,0,\N,1
520,1,1,1,1
522,1,0,0,0
524,1,1,0,0
525,1,0,0,0
526,1,0,0,0
528,1,0,0,0
529,1,0,0,0
534,1,1,0,0
535,1,0,0,0
536,1,1,1,1
539,1,1,1,1
541,1,0,0,0
544,0,\N,1,0
546,1,0,0,0
547,1,0,0,0
550,1,0,0,0
553,1,0,0,0
554,1,1,1,1
563,1,0,0,0
564,1,0,0,0
566,1,1,0,0
567,1,0,0,0
571,1,0,0,0
573,1,0,0,0
575,1,1,1,1
577,1,0,0,0
578,1,0,0,0
583,1,1,0,\N
584,1,0,0,0
585,1,0,0,0
592,1,1,1,0
593,1,1,0,0
595,1,0,0,0
596,1,0,0,0
601,1,1,0,0
602,1,0,0,0
608,1,1,1,0
609,1,1,1,1
610,1,0,0,0
614,1,1,0,0
615,1,1,0,0
619,1,0,0,0
622,1,0,0,0
623,1,1,0,0
625,1,1,1,0
626,1,0,0,0
627,1,0,0,0
632,1,0,0,0
633,1,0,0,0
634,1,0,0,0
635,1,0,0,0
636,1,0,0,0
644,1,0,0,0
646,1,0,0,0
654,1,0,0,0
656,1,1,1,1
658,1,1,0,0
659,1,0,0,0
661,1,1,1,0
662,1,1,0,0
665,1,0,0,0
672,1,0,0,0
674,1,1,0,0
676,1,1,1,1
677,1,1,0,0
683,1,1,0,0
687,1,0,0,0
688,1,0,0,0
695,1,0,0,0
696,1,1,1,1
701,1,1,1,1
702,1,0,0,0
703,1,0,0,0
705,1,1,1,1
709,1,0,0,0
711,1,0,0,0
713,1,0,0,0
715,1,1,1,0
718,1,0,0,0
720,1,0,0,0
721,0,\N,0,0
722,1,0,0,0
723,1,0,0,0
728,1,0,0,0
731,1,0,0,0
736,1,1,0,0
737,1,0,0,0
738,1,0,0,0
742,1,1,1,1
745,1,1,0,0
751,1,1,1,1
752,1,0,0,0
753,1,1,1,1
756,1,0,0,0
758,1,1,1,1
760,1,1,1,0
762,1,0,0,0
764,1,0,0,0
765,1,1,0,0
766,1,0,0,0
767,1,0,0,0
769,1,1,1,0
771,1,1,1,1
772,1,0,0,0
773,1,0,0,0
776,1,0,0,0
778,1,1,0,0
779,1,0,0,0
785,1,0,0,0
790,1,0,0,0
792,1,0,0,0
793,1,1,1,0
797,1,0,0,0
798,1,0,0,0
811,1,1,1,1
813,1,0,0,0
817,1,0,0,0
820,1,1,1,0
823,0,\N,0,0
825,1,0,0,0
827,1,1,1,1
833,1,0,0,0
843,1,1,0,0
845,1,1,0,0
846,1,1,1,1
849,1,1,1,0
850,1,0,0,0
855,1,0,0,0
856,1,0,0,0
860,1,0,0,0
865,1,0,0,0
866,1,0,0,0
867,1,0,0,0
870,1,1,1,1
872,1,0,0,0
873,1,0,0,0
875,1,0,0,0
876,1,0,0,0
877,1,0,0,0
879,1,0,0,0
881,1,0,0,0
883,1,0,0,0
889,1,0,0,0
890,1,0,0,0
892,1,0,0,0
893,1,0,0,0
894,1,0,0,0
895,1,0,0,0
905,1,0,0,0
906,1,1,1,1
907,1,0,0,0
911,1,0,0,0
912,1,0,0,0
916,1,0,0,0
918,1,1,1,0
920,1,0,0,0
923,1,0,0,0
926,1,0,0,0
927,1,0,0,0
930,1,1,1,0
934,1,0,0,0
935,1,1,0,0
938,1,0,0,0
941,1,0,0,0
942,1,0,0,0
943,1,0,0,0
947,1,0,0,0
950,1,0,0,0
951,1,0,0,0
953,1,0,0,0
954,1,1,1,0
958,1,0,\N,1
959,1,0,0,0
961,1,0,0,0
964,1,0,0,0
969,1,0,0,0
970,1,0,0,0
971,1,0,0,0
976,1,0,0,0
977,1,0,0,0
979,1,0,0,0
982,1,1,1,1
983,1,0,0,0
985,1,1,0,0
987,1,0,0,0
988,1,0,0,0
994,1,0,0,0
998,1,0,0,0
1000,1,0,0,0
1008,1,0,0,0
1011,1,0,0,0
1012,1,0,0,0
1013,1,1,0,0
1014,1,1,1,0
1020,1,1,1,1
1021,1,0,0,0
1022,1,0,0,0
1023,1,1,0,0
1025,1,0,0,0
1027,1,1,0,0
1028,1,0,0,0
1029,1,1,1,0
1032,1,0,0,0
1034,0,\N,1,1
1036,1,0,0,0
1044,1,0,0,0
1047,1,0,0,0
1048,1,0,0,0
1049,1,0,0,0
1053,1,0,0,0
1054,1,0,0,0
1055,1,0,0,0
1067,1,0,0,0
1068,1,0,0,0
1069,1,0,0,0
1073,1,1,1,1
1077,1,0,0,0
1083,1,0,0,0
1086,1,0,0,0
1087,1,1,1,0
1088,1,0,0,0
1089,1,1,1,1
1096,1,1,1,1
1097,1,0,0,0
1103,1,0,0,0
1105,1,1,1,1
1107,1,1,0,0
1108,1,1,1,0
1109,1,1,1,0
1110,1,0,0,0
1114,1,1,1,1
1117,1,0,0,0
1120,1,0,0,0
1121,1,1,0,0
1122,1,0,0,0
1123,1,1,0,0
1124,1,1,0,0
1129,1,0,0,0
1133,1,0,0,0
1134,1,1,1,1
1135,1,1,0,0
1138,1,1,1,0
1139,1,0,0,0
1143,1,0,0,0
1144,1,1,1,1
1147,1,0,0,0
1151,1,0,0,0
1154,1,0,0,0
1157,1,1,1,1
1159,1,1,1,0
1163,1,0,0,0
1169,1,0,\N,0
1172,1,0,0,0
1176,1,0,0,0
1177,1,1,0,0
1178,1,0,0,0
1180,1,0,0,0
1185,1,1,1,1
1186,1,1,0,0
1187,1,1,1,1
1188,1,0,0,0
1191,1,0,0,0
1192,1,0,0,0
1196,1,0,0,0
1198,1,0,0,0
1201,1,0,0,0
1203,1,0,0,0
1208,0,\N,1,1
1210,1,1,1,1
1211,1,1,0,0
1214,1,0,0,0
1215,1,1,1,0
1218,1,0,0,0
1220,1,1,1,0
1222,1,0,0,0
1224,1,0,0,0
1225,1,0,0,0
1227,1,0,0,0
1232,1,0,0,0
1233,1,0,0,0
1236,1,0,0,0
1239,1,0,0,0
1241,0,\N,0,0
1242,1,0,0,0
1244,1,1,0,0
1246,1,1,0,0
1249,1,0,0,0
1253,1,0,0,0
1254,1,0,0,0
1255,1,0,0,0
1256,1,1,0,0
1257,1,0,0,0
1261,1,0,0,0
1263,1,0,0,0
1274,1,0,0,0
1275,1,1,0,0
1276,1,0,0,0
1277,1,0,0,0
1280,1,1,0,0
1285,1,1,0,0
1286,1,0,0,0
1287,1,0,0,0
1288,1,0,0,0
1289,1,0,0,0
1292,1,0,0,0
1293,1,1,0,0
1294,1,0,0,0
1296,1,0,0,0
1297,1,0,0,0
1298,1,1,1,1
1299,1,0,0,0
1301,1,0,0,0
1302,1,1,1,0
1311,1,1,0,0
1313,1,0,0,0
1314,1,0,0,0
1317,1,0,0,0
1320,1,0,0,0
1322,1,0,0,0
1324,1,1,0,0
1327,1,0,\N,0
1331,1,0,0,0
1333,1,0,0,0
1337,1,1,0,0
1342,1,0,0,0
1344,1,1,1,0
1348,1,0,0,0
1352,1,1,1,1
1354,1,1,1,1
1356,1,0,0,0
1357,1,0,0,0
1360,1,1,1,1
1366,1,0,0,0
1367,1,1,1,1
1374,1,1,1,1
1378,1,0,0,0
1379,1,0,0,0
1383,1,1,0,0
1386,1,0,0,0
1389,1,0,0,0
1390,1,0,0,0
1391,1,0,0,0
1393,1,1,0,0
1394,1,0,\N,0
1395,1,0,0,0
1398,1,1,1,1
1399,1,0,0,0
1400,1,0,0,0
1401,1,0,0,0
1402,1,0,0,0
1404,1,0,0,0
1405,1,0,0,0
1409,1,0,0,0
1410,1,0,0,0
1411,1,0,0,0
1414,1,0,0,0
1416,1,0,0,0
1417,1,0,0,0
1419,1,0,0,0
1420,1,0,0,0
1422,1,1,1,0
1424,1,0,0,0
1431,0,\N,1,0
1435,1,0,0,0
1443,1,0,0,0
1445,1,0,0,0
1446,1,0,0,0
1447,1,0,0,0
1449,1,1,1,1
1450,1,1,1,0
1455,1,0,0,0
1458,1,0,0,0
1460,1,0,0,0
1462,1,0,0,0
1463,1,0,0,0
1465,1,1,1,0
1466,1,1,1,0
1467,1,0,0,0
1471,1,1,1,1
1474,0,\N,0,0
1475,1,1,0,0
1477,1,0,0,0
1482,1,1,0,0
1483,1,1,0,0
1484,1,0,0,0
1485,1,1,1,0
1490,1,0,0,0
1491,1,0,0,0
1492,1,0,0,0
1494,1,0,0,0
1497,1,0,0,0
1498,1,1,1,0
1502,1,1,0,0
1503,1,1,1,1
1505,1,0,0,0
1508,1,1,0,0
1510,1,1,1,1
1516,1,1,1,0
1520,1,0,0,0
1521,1,1,0,0
1528,1,0,0,0
1529,1,0,0,0
1530,1,1,1,1
1534,1,0,0,0
1540,1,0,0,0
1542,1,1,0,0
1544,1,0,0,0
1547,1,0,0,0
1549,1,0,0,0
1551,1,0,0,0
1553,1,0,0,0
1555,1,1,0,0
1556,1,0,0,0
1558,1,1,1,1
1562,1,1,0,0
1563,1,1,1,1
1566,1,0,0,0
1568,1,0,0,0
1569,1,0,0,0
1571,1,0,0,0
1574,1,1,0,0
1578,1,1,0,0
1583,1,0,0,0
1585,1,0,0,0
1589,1,0,0,0
1591,1,1,0,0
1595,1,1,0,0
1601,1,0,0,0
1602,1,1,0,0
1603,1,0,0,0
1605,1,0,0,0
1606,1,0,0,0
1612,1,0,0,0
1614,1,0,0,0
1616,1,1,0,0
1617,1,1,0,0
1618,1,0,0,0
1623,1,0,0,0
1624,1,0,0,0
1625,1,0,0,0
1638,1,1,1,0
1642,1,0,0,0
1646,1,0,0,0
1649,1,0,0,0
1653,1,0,0,0
1654,1,0,0,0
1657,1,1,0,0
1658,0,\N,0,0
1659,1,1,1,1
1662,1,1,0,0
1664,1,1,1,0
1665,1,1,0,0
1666,1,0,0,0
1667,1,1,1,0
1668,1,0,0,0
1670,1,0,0,0
1671,1,1,1,0
1675,1,1,0,0
1680,1,0,0,0
1686,1,0,0,0
1690,1,0,0,0
1692,1,0,0,0
1693,1,0,0,0
1696,0,\N,0,0
1697,1,0,0,0
1698,1,0,0,0
1700,1,0,0,0
1701,1,1,1,0
1702,0,\N,0,0
1705,1,1,1,0
1707,1,0,0,0
1708,1,1,0,0
1709,1,1,0,0
1710,1,0,0,0
1714,0,\N,1,1
1718,1,0,0,0
1721,1,0,0,0
1723,1,0,0,0
1726,1,0,0,0
1731,1,0,0,0
1734,1,0,0,0
1735,1,0,0,0
1737,1,0,0,0
1738,1,0,0,0
1742,1,0,\N,0
1743,1,0,0,0
1744,1,1,1,0
1745,1,0,0,0
1753,1,0,0,0
1754,1,0,0,0
1756,1,1,0,0
1762,1,0,0,0
1763,1,0,0,0
1767,1,1,0,0
1770,1,0,0,0
1777,0,\N,0,0
1783,1,0,0,0
1785,1,1,1,1
1787,1,0,0,0
1788,1,1,1,0
1791,1,0,0,0
1796,1,0,0,0
1798,1,1,1,0
1799,1,0,0,0
1802,1,0,0,0
1804,1,1,1,0
1808,1,1,1,0
1813,1,1,1,1
1815,1,1,0,0
1817,1,0,0,0
1821,1,0,0,0
1822,1,1,0,0
1826,1,0,0,0
1827,1,1,1,0
1829,1,0,0,0
1830,1,1,1,0
1834,1,1,0,0
1836,1,1,1,0
1839,1,0,0,0
1841,1,1,1,0
1847,1,1,0,0
1849,1,0,0,0
1850,1,1,1,1
1857,1,0,0,0
1858,1,0,0,0
1865,1,0,0,0
1866,1,0,0,0
1867,1,0,0,0
1868,1,0,0,0
1872,1,0,0,0
1881,1,1,1,1
1883,1,0,\N,1
1893,1,0,0,0
1894,1,0,0,0
1900,1,0,0,0
1902,1,0,0,0
1904,1,0,0,0
1907,1,1,1,1
1908,1,0,0,0
1911,1,1,0,0
1913,1,0,0,0
1915,1,0,0,0
1918,1,0,0,0
1919,1,1,0,0
1922,1,1,0,0
1923,1,0,0,0
1925,1,0,0,0
1927,1,0,0,0
1934,1,1,0,0
1937,1,0,0,0
1940,1,1,1,0
1943,1,0,0,0
1948,1,0,0,0
1951,1,0,0,0
1957,1,1,1,0
1959,1,0,0,0
1962,1,0,0,0
1966,1,1,0,0
1967,1,0,0,0
1971,1,0,0,0
1972,1,1,1,1
1976,1,1,1,0
1983,1,0,0,0
1987,1,0,0,0
1989,1,1,1,0
1991,1,0,0,0
1995,1,0,0,0
1999,1,1,0,0
2003,1,0,0,0
2006,1,0,0,0
2007,0,\N,1,0
2015,1,1,1,0
2016,1,0,0,0
2019,1,0,0,0
2020,1,0,0,0
2025,1,0,0,0
2027,1,0,0,0
2028,1,0,0,0
2030,1,0,0,0
2035,1,0,0,0
2037,1,1,1,0
2039,1,0,0,0
2040,1,0,0,0
2041,1,0,0,0
2043,1,0,\N,0
2044,1,0,0,0
2049,1,1,0,0
2050,1,0,0,0
2055,1,0,0,0
2056,1,0,0,0
2059,1,0,0,0
2065,1,0,0,0
2069,1,0,0,0
2078,1,0,0,0
2086,1,1,1,0
2087,1,1,0,0
2089,1,0,0,0
2090,1,0,0,0
2093,1,0,0,0
2096,1,0,0,0
2097,1,0,\N,1
2098,1,1,1,1
2102,1,1,1,0
2103,1,0,0,0
2104,1,0,0,0
2107,1,0,0,0
2114,1,0,0,0
2115,1,0,0,0
2118,1,1,1,1
2119,1,1,0,0
2122,1,0,0,0
2124,1,0,0,0
2125,1,1,1,1
2126,1,1,1,1
2128,1,0,0,0
2129,1,0,0,0
2131,1,0,0,0
2135,1,1,1,0
2143,1,0,0,0
2144,1,1,1,0
2146,1,0,0,0
2150,1,0,0,0
2151,1,1,0,0
2152,1,0,\N,0
2156,1,0,0,0
2160,1,1,0,0
2164,1,1,1,1
2166,1,0,0,0
2167,1,0,0,0
2170,1,0,0,0
2175,1,0,0,0
2176,1,0,0,0
2178,1,0,0,0
2182,1,1,1,0
2183,1,1,0,0
2185,1,0,0,0
2187,0,\N,1,0
2190,1,1,0,0
2191,1,1,0,0
2193,1,0,0,0
2195,1,0,0,0
2196,1,0,0,0
2197,1,0,0,0
2204,1,0,0,0
2205,1,0,0,0
2206,1,0,0,0
2208,1,0,0,0
2210,1,0,0,0
2213,1,0,0,0
2215,1,1,0,0
2220,1,0,0,0
2221,1,0,0,0
2223,1,0,0,0
2224,1,0,0,0
2226,1,1,1,0
2227,1,0,0,0
2228,1,0,0,0
2230,1,0,0,0
2235,1,1,1,0
2237,1,0,0,0
2238,1,0,0,0
2239,0,\N,0,0
2240,1,0,0,0
2242,1,0,0,0
2246,1,0,0,0
2247,1,1,1,1
2249,1,1,1,1
2250,1,1,0,0
2251,1,1,1,0
2254,1,0,0,0
2257,1,1,0,0
2258,1,0,0,0
2261,1,0,0,0
2262,1,1,1,0
2264,1,1,1,1
2265,1,0,0,0
2268,1,1,1,0
2271,1,0,0,0
2274,1,0,0,0
2276,1,1,1,1
2279,1,0,0,0
2280,1,0,0,0
2283,1,1,0,\N
2290,1,1,1,1
2292,1,1,1,1
2296,1,0,0,0
2297,1,0,0,0
2298,1,0,0,0
2299,1,0,0,0
2303,1,0,0,0
2304,1,0,0,0
2308,1,0,0,0
2309,1,0,0,0
2312,1,1,0,0
2315,1,0,0,0
2316,1,1,1,1
2319,1,0,0,0
2320,1,0,0,0
2325,1,0,0,0
2326,1,0,0,0
2328,1,0,0,0
2330,1,0,0,0
2332,1,0,0,0
2334,1,0,0,0
2335,1,0,0,0
2336,1,0,0,0
2337,1,0,0,0
2339,1,1,0,0
2341,1,0,0,0
2342,1,0,0,0
2343,1,0,0,0
2345,1,0,0,0
2347,1,0,0,0
2350,1,0,0,0
2351,1,1,1,1
2352,1,1,1,1
2353,1,0,0,0
2357,1,0,0,0
2358,1,0,0,0
2360,1,1,1,1
2362,1,0,0,0
2363,1,0,0,0
2364,1,0,0,0
2365,1,0,0,0
2367,1,1,0,0
2372,1,0,0,0
2375,1,0,0,0
2379,1,0,0,0
2380,1,1,1,0
2383,1,0,0,0
2384,1,0,0,0
2386,1,0,0,0
2387,1,0,0,0
2388,1,0,0,0
2390,1,0,0,0
2395,1,0,0,0
2396,1,1,1,1
2397,1,0,0,0
2403,1,0,0,0
2404,1,0,0,0
2413,1,0,0,0
2414,1,0,0,0
2416,1,0,0,0
2417,1,0,0,0
2418,1,0,0,0
2420,1,0,0,0
2424,1,0,0,0
2426,1,0,0,0
2427,1,1,0,0
2428,1,1,1,1
2430,1,0,0,0
2433,1,0,0,0
2434,1,1,1,0
2435,1,0,0,0
2436,1,0,0,0
2438,1,0,0,0
2439,1,0,0,0
2440,1,0,\N,1
2443,1,1,1,1
2445,1,0,\N,0
2447,1,0,0,0
2449,1,0,0,0
2453,1,1,1,1
2455,1,0,0,0
2457,1,0,0,0
2459,1,0,0,0
2460,1,1,1,1
2463,1,1,0,0
2464,1,0,0,0
2465,1,0,0,0
2466,1,0,0,0
2469,1,0,0,0
2471,1,1,1,0
2475,1,1,0,0
2479,1,1,1,1
2480,1,0,0,0
2481,1,0,0,0
2484,1,0,0,0
2485,1,0,0,0
2487,1,1,0,0
2488,1,0,0,0
2491,1,0,0,0
2492,1,1,0,0
2493,1,0,0,0
2496,1,1,0,0
2497,0,\N,0,\N
2501,1,1,1,1
2504,1,0,0,0
2508,1,1,1,0
2509,1,1,1,0
2511,1,0,0,0
2513,1,0,0,0
2519,1,0,0,0
2521,1,0,0,0
2525,1,1,1,1
2527,1,0,0,0
2533,1,1,0,0
2537,1,0,0,0
2540,1,0,0,0
2545,1,1,1,1
2546,1,0,0,0
2548,1,1,1,0
2549,1,1,1,1
2550,1,1,1,0
2553,0,\N,1,1
2554,1,0,0,0
2556,1,0,0,0
2560,1,1,0,0
2561,1,1,1,1
2566,1,0,0,0
2569,1,1,0,0
2575,1,0,0,0
2576,1,1,0,0
2577,1,0,0,0
2578,1,1,1,1
2581,1,0,0,0
2583,1,0,0,0
2584,1,1,0,\N
2585,1,0,0,0
2587,1,1,0,0
2588,1,1,1,0
2591,1,0,0,0
2594,1,0,0,0
2595,1,0,0,0
2596,1,0,0,0
2597,1,0,0,0
2599,1,0,0,0
2600,1,0,0,0
2603,1,1,1,0
2608,1,1,0,0
2609,0,\N,1,0
2611,1,0,0,0
2612,1,0,0,0
2613,1,0,0,0
2620,1,0,0,0
2623,1,0,0,0
2624,1,0,0,0
2625,1,0,0,0
2626,1,1,0,0
2628,1,0,0,0
2632,1,0,0,0
2634,1,0,0,0
2635,1,0,0,0
2636,0,\N,0,0
2640,1,0,0,0
2645,1,0,0,0
2646,1,0,0,0
2656,1,0,0,0
2657,1,1,1,0
2659,1,0,0,0
2663,1,0,0,0
2664,1,1,1,0
2669,1,0,0,0
2671,1,1,0,0
2673,1,0,0,0
2674,1,0,0,0
2679,1,1,1,0
2680,1,0,\N,0
2683,1,0,0,0
2687,1,0,0,0
2690,1,0,0,0
2692,1,0,0,0
2693,1,0,0,0
2698,1,0,0,0
2700,1,0,0,0
2705,1,0,0,0
2707,1,0,0,0
2710,1,1,0,0
2712,1,1,0,0
2715,1,0,0,0
2717,1,1,1,1
2719,1,1,1,0
2722,1,0,0,0
2723,1,1,1,1
2727,1,1,0,0
2728,1,1,0,0
2730,1,1,1,1
2732,1,0,0,0
2733,1,1,0,0
2735,1,0,0,0
2736,1,1,0,0
2737,1,1,0,0
2738,1,1,1,0
2750,1,0,0,0
2756,1,1,1,0
2757,1,0,0,0
2758,1,0,0,0
2763,1,1,1,1
2765,1,0,0,0
2766,1,0,0,0
2768,1,0,0,0
2771,1,1,1,1
2779,1,1,0,0
2782,1,0,0,0
2783,1,0,0,0
2785,1,0,0,0
2786,1,0,0,0
2787,1,0,0,0
2788,1,1,0,0
2789,1,0,0,0
2791,1,1,1,1
2792,1,0,0,0
2795,1,0,\N,1
2799,1,0,0,0
2800,1,0,0,0
2803,0,\N,1,1
2804,1,0,0,0
2808,1,1,0,0
2810,1,0,0,0
2813,1,0,0,0
2815,1,0,0,0
2817,1,0,0,0
2818,1,1,0,0
2819,1,1,1,0
2820,1,0,\N,1
2821,1,0,0,0
2822,1,0,0,0
2824,1,0,0,0
2825,1,1,0,0
2826,1,0,0,0
2829,1,0,0,0
2830,1,0,0,0
2831,1,1,0,0
2837,1,0,0,0
2840,1,1,1,1
2841,1,0,0,0
2843,1,0,0,0
2846,1,0,0,0
2850,1,1,1,0
2852,1,0,\N,1
2853,1,0,0,0
2854,1,0,0,0
2858,1,0,0,0
2861,1,0,0,0
2865,1,1,1,0
2867,1,0,0,0
2868,1,1,1,0
2869,1,0,0,0
2870,1,0,0,0
2876,1,1,1,0
2877,1,0,0,0
2879,1,1,1,1
2880,1,1,0,0
2881,1,0,0,0
2882,1,0,0,0
2883,1,0,0,0
2885,1,0,0,0
2890,1,1,1,0
2896,1,0,0,0
2899,1,0,0,0
2900,1,0,0,0
2904,1,0,0,0
2906,1,0,0,0
2910,1,1,0,0
2911,1,1,1,0
2914,1,0,0,0
2915,1,1,1,1
2916,1,1,1,1
2919,1,0,0,0
2920,1,0,0,0
2921,1,0,0,0
2922,1,0,0,0
2924,1,1,0,0
2925,1,1,1,1
2926,1,1,1,0
2927,1,1,1,0
2929,1,1,0,\N
2933,1,0,0,0
2934,1,0,0,0
2938,1,0,0,0
2941,1,0,0,0
2942,1,1,1,1
2943,1,0,0,0
2944,1,0,0,0
2948,1,1,0,0
2949,1,0,0,0
2950,1,0,0,0
2953,1,0,0,0
2955,1,1,1,1
2957,1,1,1,1
2958,1,0,0,0
2960,1,0,0,0
2966,1,0,0,0
2969,1,0,0,0
2974,1,0,0,0
2977,1,1,1,0
2980,1,0,0,0
2986,1,0,0,0
2989,1,0,0,0
2990,1,1,1,0
2991,1,1,1,1
2992,1,0,0,0
2998,1,1,1,0
3000,1,0,0,0
3001,1,1,0,0
3002,1,0,0,0
3007,1,0,0,0
3018,1,1,0,0
3026,1,0,0,0
3028,1,1,1,1
3031,1,1,0,0
3035,1,0,0,0
3040,1,1,1,0
3043,1,0,0,0
3044,1,0,0,0
3046,1,0,0,0
3047,1,0,0,0
3049,1,1,1,0
3050,1,0,0,0
3051,1,0,0,0
3053,1,1,1,0
3054,1,1,1,1
3055,1,0,0,0
3056,1,1,0,0
3061,1,1,1,1
3063,1,0,0,0
3068,1,0,0,0
3070,1,0,0,0
3072,1,0,0,0
3074,1,0,0,0
3075,1,1,0,0
3076,1,0,0,0
3082,1,0,0,0
3083,1,0,0,0
3086,1,0,0,0
3088,1,1,1,0
3091,1,1,1,1
3098,1,0,0,0
3099,1,0,0,0
3102,1,1,1,1
3104,1,1,0,0
3109,1,1,1,1
3111,1,0,0,0
3113,1,0,0,0
3116,1,1,1,0
3120,1,0,0,0
3121,1,0,\N,1
3125,0,\N,0,0
3127,1,0,0,0
3135,1,0,0,0
3137,1,0,0,0
3138,1,0,0,0
3139,1,1,0,0
3141,1,0,0,0
3142,1,0,0,0
3144,1,1,1,0
3145,1,1,0,0
3150,1,0,0,0
3159,1,0,0,0
3162,1,1,1,0
3163,1,0,0,0
3167,1,0,0,0
3168,1,1,1,0
3177,1,0,0,0
3178,1,0,0,0
3180,1,0,0,0
3181,1,0,0,0
3183,1,1,1,1
3184,1,1,1,0
3187,1,1,1,0
3191,1,1,0,0
3193,1,0,0,0
3195,1,0,0,0
3196,1,0,0,0
3200,1,1,1,0
3203,1,0,0,0
3204,1,1,1,0
3206,1,1,0,0
3209,1,0,0,0
3212,1,0,0,0
3217,1,1,1,0
3218,1,0,0,0
3219,0,\N,1,0
3223,1,0,0,0
3224,1,0,0,0
3225,1,0,0,0
3227,1,0,0,0
3238,1,0,0,0
3240,1,0,0,0
3241,1,0,0,0
3254,1,0,0,0
3258,1,0,0,0
3259,1,0,0,0
3261,1,1,0,0
3267,1,0,0,0
3274,1,0,0,0
3279,1,1,0,0
3285,1,1,0,0
3288,1,0,0,0
3291,1,0,0,0
3292,1,1,1,1
3293,1,0,0,0
3295,1,0,0,0
3298,1,0,0,0
3301,1,0,0,0
3304,1,0,0,0
3312,1,0,0,0
3313,1,1,1,1
3317,1,0,0,0
3318,1,0,0,0
3323,1,0,0,0
3327,1,0,0,0
3329,1,0,0,0
3333,1,0,0,0
3334,1,0,0,0
3335,0,\N,0,0
3338,1,0,0,0
3339,1,1,0,0
3343,1,0,0,0
3344,1,0,0,0
3345,1,0,0,0
3347,1,1,0,0
3348,1,0,0,0
3350,1,0,0,0
3352,1,0,0,0
3353,1,0,0,0
3357,1,0,0,0
3359,1,0,0,0
3364,1,0,0,0
3365,1,0,0,0
3375,1,1,1,0
3377,1,0,0,0
3381,1,0,0,0
3384,1,0,0,0
3388,1,0,0,0
3389,1,1,1,0
3392,1,0,0,0
3394,1,0,0,0
3395,1,0,0,0
3396,1,0,0,0
3397,1,0,0,0
3398,1,0,0,0
3401,1,1,1,0
3409,1,0,0,0
3410,1,0,0,0
3412,1,1,1,0
3414,1,0,0,0
3416,1,0,0,0
3419,1,1,1,0
3421,1,1,0,0
3423,1,1,1,0
3430,1,0,0,0
3432,1,0,0,0
3433,1,0,0,0
3434,1,0,0,0
3437,1,0,0,0
3442,1,0,0,0
3447,1,1,1,1
3450,1,1,0,0
3453,0,\N,0,0
3454,1,1,0,\N
3455,1,0,0,0
3456,1,0,0,0
3458,1,0,0,0
3460,1,0,0,0
3462,1,0,0,0
3463,1,1,1,0
3465,1,0,0,0
3468,1,1,1,0
3471,1,0,0,0
3473,1,1,0,0
3474,1,1,1,0
3476,1,0,0,0
3479,1,1,1,1
3486,1,0,0,0
3487,1,0,0,0
3489,1,0,0,0
3490,1,0,0,0
3492,1,0,0,0
3496,1,0,0,0
3501,1,0,0,0
3504,1,0,0,0
3512,1,0,\N,1
3517,1,0,0,0
3518,1,0,0,0
3519,1,0,0,0
3522,1,0,0,0
3523,1,0,0,0
3527,1,0,0,0
3528,1,0,0,0
3531,1,0,0,0
3538,1,0,0,0
3554,1,0,0,0
3555,1,0,0,0
3557,1,1,0,0
3559,1,0,0,0
3563,1,0,0,0
3570,1,0,0,0
3572,1,0,0,0
3573,1,0,0,0
3579,1,0,0,0
3580,1,0,0,0
3584,1,1,1,0
3585,1,0,0,0
3591,1,0,0,0
3592,1,0,0,0
3594,1,1,1,0
3601,1,0,0,0
3603,1,0,\N,0
3604,1,0,0,0
3605,1,0,0,0
3607,1,0,0,0
3608,1,0,0,0
3614,1,0,0,0
3617,1,0,0,0
3622,1,0,0,0
3623,1,1,1,1
3627,1,0,0,0
3628,1,0,0,0
3629,1,0,0,0
3631,1,1,0,0
3641,1,0,0,0
3643,1,0,0,0
3644,1,0,0,0
3653,1,0,0,0
3657,1,0,0,0
3658,1,0,0,0
3659,1,1,1,0
3662,1,0,0,0
3663,1,1,1,0
3664,1,1,0,0
3666,1,0,0,0
3667,1,0,0,0
3670,1,1,0,0
3671,1,1,0,0
3672,1,0,0,0
3674,1,0,0,0
3676,1,0,0,0
3678,1,0,0,0
3679,1,1,1,0
3689,1,1,0,0
3690,1,0,0,0
3691,1,0,0,0
3692,1,0,0,0
3699,1,0,0,0
3702,1,0,0,0
3704,1,0,\N,0
3706,1,0,0,0
3712,1,0,0,0
3715,1,0,0,0
3718,1,1,1,1
3720,1,0,0,0
3721,1,1,0,0
3724,1,0,0,0
3727,0,\N,1,1
3734,1,0,0,0
3735,1,0,0,0
3737,1,0,0,0
3740,1,0,0,0
3746,1,1,1,1
3750,1,0,0,0
3752,1,0,0,0
3756,1,1,0,0
3763,0,\N,0,0
3766,1,0,0,0
3768,1,1,1,1
3771,1,0,0,0
3775,1,0,0,0
3776,1,1,1,1
3779,0,\N,1,1
3781,1,0,0,0
3786,1,0,0,0
3792,1,0,0,0
3793,1,0,0,0
3797,1,0,0,0
3800,1,1,1,0
3803,1,0,0,0
3805,1,1,1,0
3807,1,1,1,0
3810,1,0,0,0
3812,1,0,0,0
3816,1,0,0,0
3817,1,1,0,0
3819,1,0,0,0
3820,1,1,1,1
3821,1,1,1,0
3823,1,0,0,0
3824,1,0,0,0
3829,1,1,1,0
3830,1,0,0,0
3831,1,0,0,0
3835,1,0,0,0
3841,1,0,0,0
3844,1,0,0,0
3848,1,0,0,0
3849,1,0,0,0
3851,1,0,0,0
3852,1,0,0,0
3853,1,0,0,0
3855,1,0,0,0
3859,1,1,0,0
3861,1,0,0,0
3863,1,0,0,0
3864,1,1,0,0
3870,1,0,0,0
3871,1,0,0,0
3873,1,1,1,0
3887,1,1,0,0
3888,1,0,0,0
3893,1,0,0,0
3894,1,0,0,0
3895,1,1,0,0
3896,1,0,0,0
3901,1,0,0,0
3902,1,1,1,0
3905,1,0,0,0
3910,1,1,1,0
3911,1,0,0,0
3912,1,0,0,0
3914,1,1,0,0
3916,1,0,0,0
3918,1,0,0,0
3921,1,0,0,0
3923,1,0,0,0
3927,1,0,\N,0
3928,0,\N,1,1
3932,1,0,0,0
3934,1,0,0,0
3935,1,0,0,0
3936,1,0,0,0
3939,1,0,0,0
3940,1,0,0,0
3942,1,0,0,0
3944,1,0,0,0
3947,1,1,0,0
3949,1,0,0,0
3958,1,0,0,0
3964,1,0,0,0
3968,1,1,1,1
3972,1,0,0,0
3973,1,1,1,0
3977,1,0,0,0
3983,1,0,0,0
3986,1,0,0,0
3993,1,0,0,0
3995,1,1,1,0
3999,1,0,0,0
4000,1,0,0,0
4002,1,0,0,0
4007,1,1,0,0
4009,1,0,0,0
4014,1,0,0,0
4016,1,0,0,0
4017,1,0,0,0
4020,1,0,0,0
4022,1,0,0,0
4023,1,0,0,0
4025,1,0,0,0
4026,0,\N,1,0
4027,1,0,0,0
4028,1,1,1,1
4031,1,0,0,0
4032,1,1,1,1
4037,1,0,0,0
4038,1,1,1,0
4039,1,0,0,0
4040,1,0,0,0
4041,1,0,0,0
4043,1,0,\N,1
4045,1,1,1,0
4047,1,1,0,0
4050,1,1,0,0
4058,1,0,0,0
4067,1,1,0,0
4073,1,1,1,0
4074,1,1,0,0
4077,1,0,0,0
4080,1,0,0,0
4081,1,1,1,1
4083,1,0,0,0
4084,1,1,0,0
4085,1,0,0,0
4086,1,0,0,0
4090,1,0,0,0
4091,1,1,0,0
4094,1,0,0,0
4095,1,0,0,0
4096,1,0,0,0
4103,1,0,0,0
4104,1,0,0,0
4105,1,0,0,0
4110,1,1,1,0
4117,1,1,1,0
4121,1,0,0,0
4125,1,1,0,0
4126,1,0,0,0
4133,1,1,1,0
4139,1,0,0,0
4140,1,1,1,0
4141,1,0,0,0
4142,1,0,0,0
4144,1,0,0,0
4148,1,0,0,0
4150,1,0,0,0
4151,1,0,0,0
4157,1,1,1,0
4160,1,0,0,0
4161,1,0,0,0
4162,1,0,0,0
4164,1,0,0,0
4165,1,1,0,0
4167,1,0,0,0
4169,1,0,0,0
4175,1,1,0,0
4176,1,1,0,0
4177,1,0,0,0
4179,1,0,0,0
4181,1,1,1,0
4182,1,0,0,0
4184,1,1,1,0
4186,1,0,0,0
4188,1,0,0,0
4191,1,1,1,1
4193,1,0,\N,0
4195,1,0,0,0
4198,1,1,1,1
4200,1,0,0,0
4201,1,0,0,0
4203,1,1,1,1
4207,1,0,0,0
4209,1,0,0,0
4212,1,0,0,0
4213,1,0,0,0
4214,1,0,0,0
4215,1,0,0,0
4217,1,1,1,0
4219,1,1,0,0
4220,1,1,0,0
4221,1,0,0,0
4222,1,0,0,0
4224,1,0,0,0
4226,1,0,0,0
4230,1,0,0,0
4232,1,0,0,0
4233,1,0,0,0
4236,1,0,0,0
4237,1,0,0,0
4238,1,1,0,0
4240,1,0,0,0
4243,1,0,0,0
4246,1,0,0,0
4247,1,0,0,0
4248,1,0,\N,1
4249,1,1,1,1
4251,1,0,0,0
4252,1,0,0,0
4261,1,1,0,0
4263,1,0,0,0
4270,1,0,0,0
4273,1,1,1,1
4275,1,0,0,0
4284,1,0,0,0
4285,1,0,0,0
4289,1,0,0,0
4290,1,0,0,0
4291,1,1,0,0
4292,1,0,0,0
4294,1,0,0,0
4295,1,0,0,0
4298,1,0,0,0
4299,1,1,1,1
4304,1,0,0,0
4305,1,0,0,0
4308,1,1,0,0
4319,1,0,0,0
4320,1,1,1,0
4321,1,0,0,0
4322,1,0,0,0
4326,1,1,1,1
4328,1,0,0,0
4331,1,0,0,0
4335,1,0,0,0
4341,1,1,0,0
4347,1,0,0,0
4349,1,1,1,0
4350,1,0,0,0
4356,1,0,0,0
4357,1,0,0,0
4360,1,0,0,0
4362,1,0,0,0
4363,1,0,0,0
4365,1,0,0,0
4366,1,1,1,1
4372,1,0,0,0
4376,1,0,0,0
4378,1,0,0,0
4379,1,0,0,0
4380,1,0,0,0
4382,1,0,0,0
4383,1,1,0,0
4389,1,0,0,0
4391,1,0,0,0
4393,1,0,\N,0
4394,1,0,0,0
4395,1,0,0,0
4403,1,0,0,0
4405,1,0,0,0
4406,1,0,0,0
4407,1,0,0,0
4411,1,0,0,0
4415,1,0,0,0
4416,1,1,1,0
4417,1,0,0,0
4418,1,0,0,0
4426,1,0,0,0
4428,1,0,0,0
4431,1,1,0,0
4432,1,0,0,0
4439,1,0,0,0
4440,1,1,1,1
4442,1,0,0,0
4445,1,1,1,1
4447,1,1,0,0
4452,1,0,0,0
4458,1,0,0,0
4461,1,0,0,0
4465,1,1,0,0
4466,1,0,0,0
4471,1,1,0,0
4472,1,0,0,0
4473,1,0,0,0
4474,1,1,1,0
4475,1,0,0,0
4476,1,0,0,0
4481,1,0,0,0
4485,1,1,1,0
4487,1,0,0,0
4493,1,0,0,0
4495,1,0,0,0
4503,1,0,0,0
4506,1,0,0,0
4508,1,1,1,0
4511,1,0,0,0
4513,1,0,0,0
4514,1,1,0,0
4515,1,1,1,1
4516,1,0,0,0
4517,1,1,1,0
4519,1,0,0,0
4522,1,0,0,0
4526,1,0,0,0
4528,1,1,0,0
4529,1,0,0,0
4531,1,1,0,0
4535,0,\N,1,1
4536,1,0,0,0
4543,1,0,0,0
4544,1,0,0,0
4545,1,0,0,0
4549,1,1,1,0
4559,1,0,0,0
4562,1,0,0,0
4565,1,0,0,0
4567,1,1,0,0
4569,1,0,0,0
4570,1,1,0,0
4571,1,0,0,0
4576,1,1,0,0
4580,1,0,\N,1
4583,1,0,0,0
4587,1,0,0,0
4589,1,0,0,0
4591,1,1,1,0
4593,1,1,1,1
4596,1,0,0,0
4598,1,0,0,0
4599,0,\N,0,0
4602,1,0,0,0
4603,1,0,0,0
4604,1,0,0,0
4605,1,1,1,0
4607,1,0,0,0
4609,1,0,0,0
4613,1,0,0,0
4615,1,0,0,0
4617,1,0,0,0
4619,1,1,0,0
4620,0,0,\N,0
4624,1,1,1,1
4625,1,1,0,0
4626,1,1,0,0
4627,1,1,1,0
4628,1,1,1,0
4631,1,0,0,0
4635,1,0,0,0
4636,1,0,0,0
4637,1,0,0,0
4638,1,1,0,0
4643,1,1,1,1
4644,1,1,1,0
4645,1,0,0,0
4646,1,0,0,0
4649,1,1,0,0
4651,1,1,1,0
4652,1,0,0,0
4658,1,0,0,0
4662,1,0,0,0
4663,1,1,1,1
4668,1,0,0,0
4671,1,0,0,0
4672,1,0,\N,1
4673,1,1,1,1
4675,1,1,1,1
4678,1,0,0,0
4681,1,0,0,0
4687,1,0,0,0
4689,1,0,0,0
4690,1,0,0,0
4697,1,0,0,0
4698,1,0,0,0
4701,1,1,0,0
4702,1,0,\N,0
4704,1,0,0,0
4705,1,1,1,0
4706,1,1,1,0
4707,1,1,0,0
4709,1,1,1,1
4710,1,0,0,0
4715,1,0,0,0
4716,0,\N,1,0
4718,1,0,0,0
4719,1,1,1,1
4725,1,0,0,0
4726,1,0,0,0
4727,1,0,0,0
4729,1,0,0,0
4730,1,0,0,0
4731,1,0,0,0
4735,1,0,0,0
4738,1,0,0,0
4739,1,0,0,0
4742,1,0,0,0
4743,1,0,0,0
4745,1,0,0,0
4747,1,0,0,0
4749,1,0,0,0
4750,1,1,0,0
4752,1,1,0,0
4755,1,0,0,0
4757,1,1,1,0
4762,1,0,0,0
4768,1,0,0,0
4770,1,0,0,0
4773,1,0,0,0
4774,1,0,0,0
4776,1,1,1,0
4778,1,0,0,0
4780,1,0,0,0
4791,1,0,0,0
4793,1,0,0,0
4795,1,0,0,0
4797,1,0,0,0
4799,1,1,1,0
4802,1,1,1,1
4805,1,1,0,0
4807,1,0,0,0
4812,1,0,0,0
4813,1,0,0,0
4817,1,0,\N,1
4818,1,0,0,0
4819,1,0,0,0
4823,1,0,0,0
4824,1,0,0,0
4826,1,1,1,1
4829,1,1,1,1
4830,1,1,0,0
4837,1,0,0,0
4838,1,0,0,0
4843,1,0,0,0
4845,1,0,0,0
4849,1,1,1,1
4851,1,1,1,1
4854,1,0,0,0
4860,1,0,0,0
4864,1,0,0,0
4865,1,1,0,0
4868,1,0,0,0
4869,1,0,0,0
4871,1,0,0,0
4883,1,0,0,0
4884,1,0,0,0
4885,1,0,0,0
4886,1,0,0,0
4887,1,0,0,0
4893,1,0,0,0
4894,1,0,0,0
4895,1,0,0,0
4896,1,1,1,1
4901,1,0,0,0
4902,1,0,0,0
4903,1,1,1,1
4907,0,\N,0,0
4908,1,0,0,0
4910,1,0,0,0
4912,1,0,0,0
4913,1,0,0,0
4915,1,0,0,0
4917,1,0,0,0
4919,1,1,0,0
4921,1,1,0,0
4927,1,0,0,0
4928,1,0,0,0
4931,1,0,0,0
4934,1,0,0,0
4935,1,0,0,0
4936,1,0,0,0
4937,1,0,0,0
4938,1,1,1,0
4940,1,0,0,0
4943,1,0,0,0
4945,1,0,0,0
4946,1,1,0,0
4947,1,0,0,0
4948,1,0,0,0
4949,0,\N,0,0
4951,1,0,0,0
4953,1,0,0,0
4956,1,0,0,0
4957,1,0,\N,1
4958,1,0,0,0
4960,1,1,0,0
4963,1,0,0,0
4966,1,0,0,0
4968,1,0,0,0
4977,1,1,1,0
4978,1,0,0,0
4979,1,0,0,0
4980,1,0,0,0
4982,1,1,0,0
4985,1,0,0,0
4987,1,0,0,0
4989,1,0,0,0
4997,1,0,0,0
4998,1,1,1,0
5000,1,0,0,0
5002,1,0,0,0
5006,1,0,0,0
5007,1,1,1,0
5016,1,0,0,0
5017,1,0,0,0
5021,1,0,0,0
5022,1,1,0,0
5023,1,0,0,0
5026,1,0,0,0
5027,1,0,0,0
5028,1,1,1,0
5033,1,0,0,0
5034,1,0,0,0
5036,1,1,1,0
5042,1,0,0,0
5046,1,0,0,0
5047,1,0,0,0
5048,1,0,0,0
5057,1,0,0,0
5058,1,0,0,0
5059,1,1,0,0
5061,1,0,0,0
5062,1,0,0,0
5066,1,0,0,0
5069,1,0,0,0
5071,1,0,0,0
5073,1,0,0,0
5077,1,0,0,0
5080,1,0,0,0
5081,1,0,0,0
5082,1,0,0,0
5083,1,0,0,0
5085,1,1,1,0
5086,1,1,0,0
5090,1,0,0,0
5091,1,0,0,0
5094,1,1,1,1
5095,1,1,1,1
5096,1,0,0,0
5101,1,0,0,0
5102,1,1,1,0
5106,1,1,0,0
5107,1,1,1,0
5110,1,0,0,0
5112,1,0,0,0
5113,1,0,0,0
5115,1,0,0,0
5124,1,0,0,0
5130,1,0,0,0
5134,1,0,0,0
5137,1,0,0,0
5139,1,0,0,0
5140,1,0,0,0
5141,1,1,1,1
5147,1,0,0,0
5149,1,0,0,0
5150,1,1,0,0
5151,1,0,0,0
5155,1,0,0,0
5157,1,0,0,0
5158,1,0,0,0
5160,1,0,0,0
5163,1,0,0,0
5164,1,0,0,0
5169,1,0,0,0
5170,1,0,0,0
5178,1,0,0,0
5179,1,1,0,0
5181,1,0,0,0
5183,1,1,0,0
5188,1,0,0,0
5189,1,1,1,1
5190,1,0,0,0
5192,1,0,0,0
5195,1,0,0,0
5198,1,0,0,0
5202,1,0,0,0
5203,1,1,0,0
5205,1,0,0,0
5207,1,0,0,0
5210,1,0,0,0
5212,1,0,0,0
5213,1,0,0,0
5216,1,1,1,1
5222,1,1,0,0
5226,1,0,0,0
5233,1,1,0,0
5234,1,0,0,0
5237,1,0,0,0
5238,1,0,0,0
5244,1,0,0,0
5245,1,1,0,0
5246,1,0,0,0
5247,1,0,0,0
5249,1,1,1,1
5250,1,1,1,1
5252,1,0,0,0
5256,1,0,0,0
5258,1,0,0,0
5263,1,1,0,0
5265,1,1,1,1
5266,1,0,0,0
5270,1,0,0,0
5271,1,0,0,0
5272,1,0,0,0
5281,1,0,0,0
5282,1,0,0,0
5283,1,0,0,0
5286,1,0,0,0
5290,1,0,0,0
5292,1,0,0,0
5293,1,0,0,0
5294,1,1,0,0
5299,1,1,0,0
5302,1,0,0,0
5304,1,0,0,0
5306,1,0,0,0
5308,1,0,0,0
5311,1,1,1,1
5312,1,0,0,0
5313,1,0,0,0
5314,1,1,0,0
5316,1,1,1,0
5318,1,0,0,0
5319,1,0,0,0
5324,1,0,0,0
5328,1,1,0,0
5332,1,1,1,1
5334,1,1,1,0
5340,1,1,0,0
5342,1,0,0,0
5343,1,0,0,0
5347,1,1,1,1
5350,1,1,1,1
5352,1,0,0,0
5354,1,1,0,0
5355,1,0,0,0
5360,1,0,0,0
5361,1,0,0,0
5364,1,0,0,0
5366,1,1,0,0
5367,1,0,0,0
5369,1,0,0,0
5371,1,0,0,0
5373,1,0,0,0
5378,1,0,0,0
5379,1,0,0,0
5387,1,1,0,0
5390,1,0,0,0
5392,1,0,0,0
5394,1,0,0,0
5395,1,0,0,0
5397,1,0,0,0
5399,1,1,0,0
5400,0,\N,0,0
5401,1,0,0,0
5402,1,1,1,1
5404,1,0,\N,1
5405,1,1,0,0
5407,1,1,1,0
5409,1,0,0,0
5410,1,1,1,0
5411,1,0,0,0
5412,1,0,0,0
5415,1,0,0,0
5417,1,0,0,0
5424,1,1,1,0
5425,1,0,0,0
5426,1,0,0,0
5428,1,1,0,0
5433,1,0,0,0
5434,1,1,1,0
5438,1,1,0,0
5443,1,0,0,0
5445,0,\N,1,0
5447,1,0,0,0
5452,1,1,1,1
5453,1,0,0,0
5455,1,0,0,0
5457,1,1,0,0
5465,1,0,0,0
5468,1,0,0,0
5469,1,1,1,0
5471,1,0,0,0
5472,1,0,0,0
5475,1,0,0,0
5476,1,0,0,0
5479,1,0,0,0
5480,1,1,1,0
5491,1,0,0,0
5495,1,1,1,1
5500,1,0,0,0
5504,1,1,0,0
5505,1,0,0,0
5508,0,\N,1,1
5510,0,\N,1,0
5512,1,0,0,0
5514,1,0,0,0
5516,1,0,0,0
5517,1,1,1,1
5521,1,0,0,0
5522,1,0,0,0
5523,1,1,0,0
5524,1,0,0,0
5525,1,1,0,0
5528,1,0,0,0
5529,1,1,0,0
5531,1,0,0,0
5533,1,0,0,0
5536,0,\N,1,1
5537,1,1,1,1
5538,1,1,1,1
5541,1,1,1,1
5547,1,0,0,0
5550,1,0,0,0
5552,1,0,0,0
5553,1,1,1,1
5554,1,0,0,0
5556,1,0,0,0
5558,1,1,0,0
5566,1,0,0,0
5570,1,0,0,0
5572,1,0,0,0
5573,1,0,0,0
5576,1,0,0,0
5578,1,1,1,0
5582,1,1,0,0
5583,1,0,0,0
5586,1,1,0,0
5591,1,0,0,0
5593,1,0,0,0
5594,1,1,1,0
5597,1,0,0,0
5605,1,0,0,0
5606,1,0,0,0
5608,1,1,1,1
5611,1,1,1,0
5612,1,0,0,0
5613,1,0,0,0
5615,1,0,0,0
5619,1,0,0,0
5620,1,1,1,0
5622,1,0,0,0
5623,1,0,0,0
5624,1,0,0,0
5627,1,0,0,0
5629,1,0,0,0
5630,1,1,1,1
5632,1,0,0,0
5635,1,1,1,1
5637,1,1,0,0
5639,1,0,0,0
5641,1,0,0,0
5643,1,0,0,0
5644,1,1,1,0
5648,1,0,0,0
5651,1,0,0,0
5652,1,1,1,1
5654,1,0,0,0
5655,1,0,0,0
5656,1,1,0,0
5657,1,0,0,0
5658,1,1,0,0
5664,1,0,0,0
5668,1,0,0,0
5671,1,0,0,0
5672,1,0,0,0
5675,1,1,1,1
5681,1,0,0,0
5685,1,0,0,0
5688,1,0,0,0
5689,1,1,0,0
5692,1,0,0,0
5693,1,0,0,0
5698,1,0,0,0
5699,1,1,0,0
5702,1,1,1,1
5705,1,1,1,1
5707,1,0,0,0
5709,1,1,0,0
5715,1,0,0,0
5718,1,1,1,1
5719,1,1,1,1
5721,1,0,0,0
5730,1,0,0,0
5731,0,\N,1,0
5732,1,1,0,0
5733,1,0,0,0
5735,1,1,0,0
5737,0,\N,0,0
5738,1,1,1,1
5740,1,1,0,0
5745,1,1,1,0
5748,1,1,0,0
5750,1,0,0,0
5751,1,1,1,0
5753,1,0,0,0
5756,1,0,\N,1
5757,1,0,0,0
5758,1,1,0,0
5759,1,0,0,0
5761,1,1,0,0
5762,1,0,0,0
5764,1,0,0,0
5766,1,0,0,0
5767,1,1,0,0
5768,1,1,1,0
5769,1,0,0,0
5771,1,0,0,0
5772,1,0,0,0
5775,1,0,0,0
5776,1,0,0,0
5777,1,0,0,0
5779,1,0,0,0
5780,1,0,0,0
5781,1,0,0,0
5782,0,\N,1,0
5785,1,0,0,0
5787,1,0,0,0
5792,1,0,0,0
5797,1,0,0,0
5799,1,0,0,0
5801,1,0,0,0
5803,1,0,0,0
5804,1,0,0,0
5805,1,1,1,1
5807,1,1,1,0
5808,1,0,0,0
5809,1,0,0,0
5817,1,1,0,0
5824,1,0,0,0
5826,1,0,0,0
5828,1,1,1,1
5831,1,0,0,0
5832,1,1,0,0
5833,1,0,0,0
5838,1,0,0,0
5839,1,0,0,0
5841,1,0,0,0
5843,1,1,0,0
5846,1,0,0,0
5847,1,0,0,0
5853,1,0,0,0
5854,1,0,0,0
5856,1,1,1,0
5857,1,0,0,0
5864,1,0,0,0
5866,1,0,0,0
5868,1,1,1,1
5875,1,0,0,0
5881,1,0,0,0
5882,1,0,0,0
5883,1,0,0,0
5884,1,0,0,0
5885,1,0,0,0
5887,1,0,0,0
5895,1,1,0,0
5898,1,1,1,1
5899,1,0,0,0
5901,1,0,0,0
5904,1,0,0,0
5905,1,1,1,1
5907,1,0,0,0
5910,1,0,0,0
5911,1,0,0,0
5912,1,0,0,0
5913,1,0,0,0
5915,1,0,0,0
5920,1,0,0,0
5927,1,1,1,0
5930,1,1,0,0
5931,1,0,0,0
5932,1,1,1,1
5933,1,0,0,0
5935,1,0,0,0
5946,1,0,0,0
5948,1,0,0,0
5950,1,1,1,0
5951,1,0,0,0
5953,1,1,0,0
5956,1,1,1,1
5959,1,1,0,0
5965,1,0,0,0
5966,1,0,0,0
5967,1,1,1,1
5977,1,1,1,0
5979,1,1,0,0
5981,1,1,1,1
5985,0,\N,1,0
5987,1,0,0,0
5991,1,1,1,1
5993,1,1,1,0
5994,1,1,1,1
5996,1,1,0,0
5999,1,1,1,1
6000,1,0,0,0
6002,1,0,0,0
6003,1,0,0,0
6004,1,0,0,0
6005,1,0,0,0
6006,1,0,0,0
6008,1,0,0,0
6012,1,0,0,0
6016,1,0,0,0
6017,1,0,0,0
6020,1,1,1,0
6023,1,0,0,0
6028,1,1,0,0
6029,1,0,0,0
6031,1,0,0,0
6035,1,0,0,0
6037,1,1,1,0
6038,1,1,1,0
6041,1,0,0,0
6046,1,0,0,0
6047,1,0,0,0
6055,1,0,0,0
6057,1,0,0,0
6059,1,1,1,0
6060,1,0,0,0
6061,1,1,0,0
6063,1,0,0,0
6068,1,1,0,0
6069,1,0,0,0
6070,1,1,0,0
6071,1,0,0,0
6073,1,0,0,0
6076,1,1,0,0
6083,1,0,0,0
6084,1,0,0,0
6088,1,0,0,0
6093,1,0,0,0
6097,1,0,0,0
6099,1,1,0,0
6102,1,1,0,0
6105,1,0,0,0
6116,1,0,0,0
6118,1,1,1,1
6123,1,0,0,0
6124,1,1,0,0
6126,1,0,0,0
6134,1,0,0,0
6137,1,0,0,0
6138,1,0,0,0
6140,1,1,1,1
6141,1,0,0,0
6144,1,0,0,0
6145,1,0,0,0
6148,1,1,0,0
6150,1,1,1,0
6151,1,0,0,0
6154,1,0,0,0
6160,1,0,0,0
6164,1,0,0,0
6169,1,1,1,1
6177,1,0,0,0
6178,1,1,1,0
6180,1,0,0,0
6181,1,0,0,0
6185,1,0,0,0
6189,1,0,0,0
6195,1,0,0,0
6196,1,1,0,0
6197,1,1,0,0
6198,1,0,0,0
6200,1,0,0,0
6204,1,1,0,0
6208,1,0,0,0
6209,1,0,0,0
6211,1,0,0,0
6213,1,0,0,0
6215,1,0,0,0
6218,1,0,0,0
6219,1,0,0,0
6221,1,0,0,0
6224,1,0,0,0
6225,1,0,0,0
6230,1,0,0,0
6232,1,0,0,0
6236,1,1,1,1
6237,1,0,0,0
6238,1,1,1,0
6239,1,0,0,0
6240,1,1,0,0
6242,1,0,0,0
6244,1,0,0,0
6247,1,1,0,0
6248,1,0,0,0
6249,1,0,0,0
6256,1,0,0,0
6257,1,1,1,0
6260,1,0,0,0
6261,1,0,0,0
6263,1,0,0,0
6264,1,0,0,0
6269,1,0,0,0
6276,1,0,0,0
6277,1,0,0,0
6281,1,0,0,0
6282,1,0,0,0
6286,1,0,0,0
6289,1,1,1,1
6290,1,1,0,0
6294,1,0,0,0
6295,1,1,0,0
6296,1,0,0,0
6299,1,0,0,0
6301,1,0,0,0
6303,1,0,0,0
6305,1,0,0,0
6307,1,1,1,1
6308,1,1,1,1
6309,1,0,0,0
6311,1,0,0,0
6312,1,1,1,0
6313,1,0,0,0
6316,1,0,0,0
6317,1,0,0,0
6320,1,0,0,0
6322,1,1,0,0
6323,1,1,1,0
6326,1,1,0,0
6329,1,0,0,0
6330,1,0,0,0
6338,1,0,0,0
6339,0,\N,1,0
6340,1,0,0,0
6342,1,0,0,0
6344,1,1,1,0
6345,1,1,1,1
6348,0,\N,1,1
6350,1,0,0,0
6352,1,0,0,0
6353,1,1,1,1
6354,1,1,0,0
6358,1,0,0,0
6360,1,1,1,0
6362,1,0,0,0
6379,1,0,0,0
6382,1,1,0,0
6384,1,1,1,1
6389,1,0,0,0
6391,1,1,0,0
6394,1,0,0,0
6398,1,0,0,0
6400,1,0,0,0
6402,1,0,0,0
6403,1,1,1,1
6410,1,0,0,0
6413,1,0,0,0
6415,1,0,0,0
6416,1,0,0,0
6431,0,\N,1,1
6432,1,1,1,0
6440,1,0,0,0
6441,1,0,0,0
6442,1,0,0,0
6443,1,0,0,0
6445,1,0,0,0
6448,1,0,0,0
6450,1,0,0,0
6451,1,1,1,1
6453,1,0,0,0
6456,1,0,0,0
6457,1,1,1,1
6458,1,0,\N,1
6459,1,1,0,0
6462,1,0,0,0
6463,1,0,0,0
6465,1,0,0,0
6469,1,0,0,0
6470,1,0,0,0
6471,1,1,0,0
6479,1,0,0,0
6482,1,0,0,0
6485,1,0,0,0
6490,1,0,0,0
6493,0,\N,0,0
6497,1,1,0,0
6498,1,0,0,0
6499,1,1,1,1
6501,1,1,0,0
6504,1,0,0,0
6505,1,0,0,0
6506,1,0,0,0
6507,1,0,0,0
6514,1,0,0,0
6515,1,0,0,0
6517,1,1,0,0
6518,1,0,0,0
6522,1,0,0,0
6523,1,0,0,0
6524,1,0,0,0
6525,1,0,0,0
6528,1,0,0,0
6533,1,0,0,0
6541,1,1,0,0
6547,1,0,0,0
6552,1,1,0,0
6553,1,0,0,0
6554,1,0,0,0
6560,1,1,1,1
6561,1,1,1,0
6568,1,0,\N,0
6569,1,0,0,0
6571,1,0,0,0
6577,1,0,0,0
6579,1,0,0,0
6580,1,0,0,0
6583,1,0,0,0
6584,1,0,0,0
6585,1,0,0,0
6588,1,0,0,0
6589,1,1,1,1
6595,1,0,0,0
6597,1,0,0,0
6598,1,1,1,1
6600,1,1,0,0
6601,1,0,0,0
6604,1,0,0,0
6605,1,0,0,0
6608,1,0,0,0
6609,1,1,0,0
6610,1,0,0,0
6611,1,0,0,0
6612,1,1,0,0
6618,1,0,0,0
6620,1,1,1,1
6622,1,1,0,0
6623,1,0,0,0
6625,1,1,1,0
6629,1,0,0,0
6630,1,1,1,0
6631,1,0,0,0
6634,1,0,0,0
6636,1,0,0,0
6639,1,1,0,0
6645,1,0,0,0
6646,1,0,0,0
6649,1,0,0,0
6654,1,0,0,0
6655,1,0,0,0
6656,1,1,1,0
6658,1,0,0,0
6661,1,0,0,0
6665,1,1,0,0
6666,1,0,0,0
6679,1,0,0,0
6683,1,0,0,0
6684,1,0,0,0
6689,0,\N,0,0
6692,1,0,0,0
6696,1,1,0,0
6700,1,0,0,0
6703,1,0,0,0
6711,1,0,0,0
6716,1,1,1,1
6718,1,0,0,0
6720,1,1,0,0
6730,1,0,0,0
6733,1,0,0,0
6734,1,0,0,0
6736,1,1,1,1
6743,1,0,0,0
6747,1,0,0,0
6748,1,0,0,0
6749,1,0,0,0
6751,0,\N,0,0
6752,1,0,0,0
6753,1,0,0,0
6756,1,0,0,0
6757,1,1,0,0
6760,1,0,0,0
6761,1,0,0,0
6762,1,0,0,0
6764,1,1,1,0
6767,1,0,0,0
6771,1,0,0,0
6777,1,1,1,0
6779,1,0,0,0
6780,1,1,1,1
6784,1,1,1,1
6787,1,0,0,0
6791,1,1,1,1
6793,1,0,0,0
6797,1,1,1,1
6802,1,0,0,0
6805,1,0,0,0
6806,1,0,0,0
6810,1,0,0,0
6812,1,1,0,0
6815,1,0,0,0
6816,1,0,0,0
6819,1,0,0,0
6820,1,0,0,0
6821,1,0,0,0
6824,1,0,0,0
6825,1,0,0,0
6826,1,0,0,0
6833,1,0,0,0
6838,1,0,0,0
6845,1,0,0,0
6847,1,0,0,0
6848,1,1,1,0
6849,1,0,0,0
6851,1,0,0,0
6854,1,0,0,0
6855,1,1,1,1
6861,1,0,0,0
6863,1,0,0,0
6864,1,1,0,0
6867,1,0,0,0
6868,1,0,0,0
6872,1,0,0,0
6876,1,1,0,0
6877,1,1,1,1
6878,1,0,\N,1
6879,1,0,0,0
6883,1,1,1,0
6884,1,0,0,0
6886,1,0,0,0
6891,1,0,0,0
6894,1,0,0,0
6901,1,1,0,0
6903,1,0,\N,1
6904,1,0,0,0
6905,1,0,0,0
6906,1,1,1,0
6907,1,0,0,0
6910,1,1,1,1
6911,1,0,0,0
6914,1,0,0,0
6915,1,1,1,1
6917,1,0,0,0
6919,1,1,1,1
6927,1,1,0,0
6928,1,0,0,0
6929,1,0,0,0
6931,1,1,1,0
6934,1,0,0,0
6936,1,1,0,0
6939,0,\N,0,0
6943,1,0,0,0
6944,1,0,0,0
6945,1,1,0,0
6949,1,1,0,0
6957,1,1,1,1
6958,1,0,0,0
6962,1,1,1,0
6963,1,1,1,1
6964,1,0,0,0
6965,1,1,0,0
6968,1,0,0,0
6970,1,0,0,0
6971,1,0,0,0
6974,1,0,0,0
6975,1,0,0,0
6976,1,1,1,1
6977,1,0,0,0
6981,1,1,0,0
6986,1,1,1,0
6988,1,1,1,0
6989,1,0,0,0
6990,1,1,1,1
6992,1,0,0,0
6998,1,0,0,0
7001,1,0,0,0
7003,1,0,0,0
7010,1,0,\N,1
7015,1,0,0,0
7016,1,1,0,0
7017,1,0,0,0
7019,1,1,0,0
7021,1,0,0,0
7026,1,0,0,0
7029,1,0,0,0
7030,1,0,0,0
7033,1,0,0,0
7036,1,0,0,0
7043,1,0,0,0
7048,1,0,0,0
7054,1,0,0,0
7064,1,0,\N,1
7065,1,0,0,0
7067,0,\N,1,0
7068,1,0,0,0
7071,1,0,0,0
7075,1,0,0,0
7081,1,0,0,0
7088,1,0,0,0
7092,1,0,0,0
7094,1,0,0,0
7095,1,0,0,0
7098,1,0,0,0
7101,1,0,0,0
7102,1,0,0,0
7106,1,1,1,1
7107,1,0,0,0
7115,1,1,0,0
7118,1,1,0,0
7120,1,0,0,0
7121,1,1,1,0
7123,1,1,0,0
7124,1,0,0,0
7126,1,0,0,0
7132,1,0,\N,1
7134,1,1,0,0
7135,1,0,0,0
7136,1,0,0,0
7138,1,1,0,0
7144,1,1,0,0
7145,1,0,0,0
7151,1,0,0,0
7152,1,0,0,0
7154,1,0,0,0
7157,1,0,0,0
7159,1,1,0,0
7163,1,0,0,0
7164,1,1,1,1
7165,1,0,0,0
7166,1,0,0,0
7167,1,0,0,0
7169,1,0,0,0
7170,1,1,1,0
7171,1,1,0,0
7172,1,0,0,0
7174,1,0,0,0
7175,1,0,0,0
7176,1,0,0,0
7178,1,1,0,0
7180,1,1,1,1
7185,1,0,0,0
7193,1,0,0,0
7194,1,1,0,0
7195,1,0,0,0
7196,1,0,0,0
7197,1,0,0,0
7201,1,0,0,0
7209,1,1,1,0
7211,1,1,1,0
7212,1,1,1,0
7220,0,\N,1,0
7221,1,1,0,0
7224,1,0,0,0
7225,1,0,0,0
7227,1,0,0,0
7235,1,1,0,0
7236,1,1,1,1
7238,1,0,0,0
7242,1,0,0,0
7248,1,0,0,0
7249,1,1,1,1
7250,1,0,0,0
7254,1,1,0,0
7257,1,0,0,0
7259,1,0,0,0
7261,1,1,0,\N
7262,1,1,1,0
7263,1,1,1,0
7270,1,0,\N,1
7271,1,0,0,0
7277,1,0,0,0
7278,1,0,0,0
7280,1,0,0,0
7283,1,0,0,0
7284,1,0,0,0
7285,1,0,0,0
7294,1,0,0,0
7298,1,1,1,0
7303,1,1,0,0
7307,1,0,0,0
7310,1,0,0,0
7311,1,0,0,0
7312,1,0,0,0
7314,1,0,0,0
7315,1,1,0,0
7318,1,0,0,0
7320,1,1,1,0
7321,1,0,0,0
7327,1,0,0,0
7329,1,1,1,1
7332,1,0,0,0
7334,1,1,1,0
7335,1,0,0,0
7336,1,0,0,0
7337,1,0,0,0
7338,1,0,0,0
7346,1,0,0,0
7349,1,1,1,1
7350,1,0,0,0
7351,1,0,0,0
7352,1,1,0,\N
7354,1,1,1,1
7357,1,1,0,0
7359,1,1,1,0
7362,1,1,1,1
7363,0,\N,1,0
7364,1,0,0,0
7365,1,1,0,0
7371,1,0,0,0
7375,1,0,0,0
7376,1,0,0,0
7379,1,1,1,1
7380,1,1,0,0
7385,1,0,0,0
7387,1,0,0,0
7391,1,1,0,0
7395,1,1,0,0
7400,1,1,0,0
7403,1,1,1,1
7404,1,0,0,0
7406,1,0,0,0
7408,1,0,0,0
7413,1,0,0,0
7414,1,0,0,0
7416,1,0,0,0
7418,1,1,1,1
7424,1,0,0,0
7425,1,0,0,0
7427,1,0,0,0
7428,1,0,0,0
7429,1,0,0,0
7432,1,0,0,0
7435,1,1,1,1
7436,1,0,0,0
7437,1,0,0,0
7439,1,0,\N,1
7441,1,0,0,0
7448,1,0,0,0
7449,1,1,1,0
7451,1,1,1,0
7452,0,0,\N,0
7455,1,1,0,0
7457,1,0,0,0
7459,1,0,0,0
7462,1,0,0,0
7468,1,0,0,0
7469,1,0,0,0
7470,1,0,0,0
7473,1,0,0,0
7474,1,1,0,0
7475,1,0,0,0
7477,1,0,0,0
7478,1,0,0,0
7484,1,0,0,0
7485,1,1,0,0
7487,1,0,0,0
7490,1,0,0,0
7499,1,0,0,0
7500,1,1,0,0
7505,1,1,1,0
7507,1,0,0,0
7508,1,0,0,0
7509,1,0,0,0
7510,1,1,1,1
7517,1,1,1,1
7518,1,1,0,0
7523,1,1,0,\N
7525,1,0,0,0
7526,1,0,0,0
7533,1,0,0,0
7537,1,0,0,0
7542,1,0,0,0
7543,1,0,0,0
7544,1,1,1,0
7546,1,0,0,0
7547,1,1,0,0
7548,1,0,0,0
7549,1,0,0,0
7552,1,0,0,0
7556,1,1,0,0
7559,1,1,0,0
7565,1,0,0,0
7568,1,0,\N,1
7571,1,0,0,0
7572,1,0,0,0
7573,1,0,0,0
7576,1,0,0,0
7578,1,1,1,1
7579,1,1,1,0
7580,1,0,0,0
7583,1,0,0,0
7587,1,0,0,0
7589,1,1,1,0
7591,1,1,1,1
7592,1,0,0,0
7595,1,1,0,0
7599,1,0,0,0
7603,1,0,\N,1
7605,1,0,0,0
7606,1,1,0,0
7610,1,1,0,\N
7611,1,0,0,0
7616,1,0,0,0
7618,1,1,0,0
7629,1,0,0,0
7632,1,0,0,0
7635,1,0,0,0
7637,1,0,0,0
7638,1,0,0,0
7639,1,0,0,0
7640,1,0,0,0
7642,1,0,0,0
7646,1,1,1,1
7650,1,0,0,0
7651,1,0,0,0
7652,1,0,0,0
7653,1,0,0,0
7659,1,0,0,0
7661,1,0,0,0
7662,1,1,0,0
7663,0,\N,1,0
7664,1,0,0,0
7668,1,1,1,0
7669,1,0,0,0
7679,1,1,0,0
7683,1,0,0,0
7688,1,0,0,0
7695,1,0,0,0
7696,1,0,0,0
7702,1,1,0,0
7706,1,0,0,0
7711,1,0,0,0
7714,1,1,0,0
7717,1,1,1,1
7719,1,1,1,0
7720,1,0,0,0
7721,1,0,0,0
7724,1,0,0,0
7727,1,0,0,0
7731,1,0,0,0
7732,1,1,1,1
7734,0,\N,0,0
7737,1,0,0,0
7738,1,0,0,0
7745,1,0,0,0
7747,1,0,0,0
7748,1,1,0,0
7750,1,0,0,0
7754,1,1,0,0
7755,1,0,0,0
7757,1,0,0,0
7759,1,0,0,0
7765,1,0,0,0
7766,1,1,0,0
7767,1,0,0,0
7769,1,0,0,0
7770,1,0,0,0
7773,1,1,0,0
7777,1,0,0,0
7780,1,0,0,0
7781,1,0,0,0
7782,1,0,0,0
7784,1,0,0,0
7785,1,0,0,0
7792,1,0,0,0
7793,1,0,0,0
7794,1,0,0,0
7795,1,0,0,0
7797,1,0,0,0
7798,1,0,0,0
7800,1,0,0,0
7801,1,0,0,0
7802,1,0,0,0
7808,1,1,0,0
7816,1,0,0,0
7820,1,1,1,1
7826,1,1,1,0
7828,1,1,1,1
7830,1,0,0,0
7834,1,0,0,0
7840,1,1,1,0
7843,1,0,0,0
7849,1,0,0,0
7850,1,1,1,1
7853,1,0,0,0
7854,1,0,0,0
7855,1,0,0,0
7858,1,0,0,0
7867,1,0,0,0
7868,1,0,0,0
7869,1,1,0,0
7871,1,0,0,0
7873,1,0,0,0
7880,1,0,0,0
7881,1,0,0,0
7888,1,0,0,0
7889,1,0,0,0
7890,1,1,1,0
7893,1,0,0,0
7894,1,0,0,0
7897,1,0,0,0
7899,1,1,0,0
7900,1,0,0,0
7901,1,0,0,0
7903,1,0,0,0
7904,1,0,0,0
7907,1,0,0,0
7908,1,1,0,0
7912,1,0,0,0
7915,1,1,1,1
7920,1,0,0,0
7921,1,0,0,0
7924,1,0,0,0
7928,1,0,0,0
7929,1,0,0,0
7933,1,1,0,0
7935,1,0,0,0
7945,1,0,0,0
7947,1,0,0,0
7953,1,0,0,0
7956,1,1,0,0
7957,1,1,0,0
7959,1,0,0,0
7965,1,1,1,1
7968,1,1,0,0
7974,1,1,1,1
7977,1,0,0,0
7978,1,1,1,1
7985,1,0,0,0
7986,1,1,1,0
7987,1,0,0,0
7990,1,0,0,0
7993,1,0,0,0
8000,1,1,1,0
8004,1,0,0,0
8006,1,1,1,0
8007,1,0,0,0
8012,1,1,0,0
8014,1,1,1,1
8017,1,0,0,0
8019,1,1,0,0
8020,1,1,1,1
8021,1,0,0,0
8024,1,1,0,0
8030,1,0,0,0
8033,1,1,1,0
8034,1,0,0,0
8035,1,0,0,0
8037,1,0,0,0
8042,1,1,1,0
8044,1,1,0,0
8046,1,1,0,0
8047,1,0,0,0
8050,1,0,0,0
8051,1,1,1,0
8052,1,0,0,0
8053,1,1,0,0
8054,1,0,\N,0
8062,0,\N,1,1
8064,1,0,0,0
8065,1,1,1,1
8067,1,0,0,0
8070,1,0,0,0
8073,1,0,0,0
8081,1,1,1,0
8082,1,0,0,0
8083,1,0,0,0
8086,1,0,0,0
8087,1,0,0,0
8088,0,\N,1,0
8089,1,1,1,0
8091,1,1,0,0
8092,1,0,0,0
8093,1,0,0,0
8096,0,\N,1,1
8098,1,1,0,0
8100,1,0,0,0
8103,1,0,0,0
8105,1,0,0,0
8107,1,0,0,0
8109,1,1,1,1
8112,1,0,0,0
8117,1,1,0,0
8118,1,0,0,0
8120,1,1,1,0
8121,1,0,0,0
8125,1,1,1,0
8128,1,0,0,0
8130,1,0,0,0
8137,1,1,0,0
8139,1,0,0,0
8140,1,0,0,0
8147,1,1,1,1
8152,0,\N,0,0
8155,1,0,0,0
8160,1,0,0,0
8163,1,0,0,0
8164,1,1,1,1
8165,1,0,0,0
8166,1,1,1,1
8167,1,0,0,0
8171,1,0,0,0
8172,1,0,0,0
8173,1,0,0,0
8174,1,1,1,1
8175,1,0,0,0
8177,1,1,1,1
8180,1,0,0,0
8181,1,0,0,0
8186,1,1,1,0
8187,0,\N,0,0
8188,1,0,0,0
8190,1,0,0,0
8192,1,0,0,0
8197,1,1,0,0
8202,1,1,1,0
8203,1,0,0,0
8204,1,0,0,0
8206,1,1,1,1
8207,1,0,0,0
8210,1,0,0,0
8211,1,0,0,0
8212,1,1,1,0
8213,1,1,1,1
8214,1,0,0,0
8216,1,0,0,0
8217,1,0,0,0
8219,1,1,1,0
8221,1,0,0,0
8222,1,0,0,0
8223,1,0,0,0
8224,1,0,0,0
8231,1,0,0,0
8232,1,1,0,0
8239,1,0,0,0
8240,1,0,0,0
8241,1,1,0,0
8243,1,0,0,0
8246,1,0,0,0
8252,1,1,0,0
8254,1,0,0,0
8255,1,0,0,0
8257,0,\N,1,1
8261,1,1,1,0
8262,1,1,0,0
8263,1,1,0,0
8264,1,0,0,0
8269,1,0,0,0
8271,1,0,0,0
8277,1,0,0,0
8278,1,1,1,0
8279,1,1,0,0
8283,1,1,1,0
8289,1,0,0,0
8292,1,1,1,1
8295,1,0,0,0
8301,1,0,0,0
8308,1,0,0,0
8310,1,0,0,0
8312,1,1,1,0
8316,1,0,0,0
8318,1,0,0,0
8319,1,0,0,0
8321,1,0,0,0
8324,1,0,0,0
8325,1,0,0,0
8328,1,1,1,0
8330,1,0,0,0
8331,1,0,0,0
8333,1,0,\N,1
8336,1,0,0,0
8340,1,1,1,0
8344,1,0,0,0
8349,1,1,1,1
8351,1,1,0,0
8352,1,1,0,0
8357,1,0,0,0
8358,1,0,0,0
8363,1,0,0,0
8366,1,1,0,0
8371,1,1,1,0
8372,1,0,0,0
8373,1,0,0,0
8375,1,1,1,0
8378,1,1,1,0
8380,1,1,0,0
8382,1,0,0,0
8383,1,1,0,0
8386,1,1,1,1
8390,1,1,0,0
8392,1,0,0,0
8394,1,0,\N,1
8399,0,\N,0,0
8400,1,1,1,1
8402,1,0,0,0
8406,1,0,0,0
8409,1,0,0,0
8411,1,0,0,0
8413,1,1,0,0
8416,1,1,1,1
8418,1,0,0,0
8423,1,1,1,1
8426,1,0,0,0
8427,1,0,0,0
8428,1,0,0,0
8430,1,0,0,0
8431,1,1,0,0
8435,1,0,0,0
8437,1,0,0,0
8441,1,1,0,0
8442,1,0,0,0
8445,1,1,0,0
8449,1,0,0,0
8452,0,0,\N,0
8457,0,0,\N,0
8460,1,0,0,0
8463,1,0,0,0
8464,1,1,1,0
8467,1,0,0,0
8468,1,0,0,0
8471,1,1,0,0
8473,1,0,0,0
8480,1,0,0,0
8482,1,0,0,0
8488,1,0,0,0
8489,1,1,0,0
8493,1,0,0,0
8494,1,1,1,0
8495,1,1,1,1
8501,1,0,0,0
8502,1,1,1,1
8506,1,1,0,0
8507,1,0,0,0
8509,1,0,0,0
8510,1,1,0,0
8513,1,1,0,0
8516,1,0,0,0
8521,1,1,0,0
8523,1,0,0,0
8527,1,0,0,0
8530,1,0,0,0
8534,1,1,1,1
8539,1,0,0,0
8542,1,0,0,0
8544,1,0,\N,1
8546,1,0,0,0
8548,1,0,0,0
8549,1,0,0,0
8551,1,1,0,0
8554,1,0,0,0
8555,1,0,0,0
8556,1,0,0,0
8562,1,1,1,1
8565,1,0,0,0
8567,1,0,0,0
8580,1,0,0,0
8581,1,0,0,0
8583,1,0,0,0
8591,1,0,0,0
8593,1,0,0,0
8595,1,0,0,0
8599,1,0,0,0
8600,1,0,0,0
8603,1,1,1,0
8617,1,0,0,0
8619,1,1,0,0
8621,1,0,0,0
8622,1,0,0,0
8623,1,1,1,0
8625,1,0,0,0
8633,1,0,0,0
8634,1,0,0,0
8635,1,0,0,0
8636,1,0,0,0
8637,1,0,0,0
8639,1,0,0,0
8640,1,1,1,1
8642,1,0,0,0
8643,1,1,0,0
8645,1,1,1,0
8646,1,1,0,0
8651,1,1,0,0
8652,1,0,0,0
8654,1,0,0,0
8655,1,0,0,0
8656,1,0,0,0
8657,1,0,0,0
8660,1,0,0,0
8661,1,0,0,0
8662,1,1,1,1
8663,1,1,1,1
8669,1,0,0,0
8677,1,0,0,0
8680,1,0,0,0
8686,1,1,0,0
8688,1,0,0,0
8689,1,0,0,0
8691,1,0,0,0
8698,1,1,0,0
8701,1,1,0,0
8702,1,1,1,0
8703,1,1,1,0
8704,1,0,\N,0
8705,1,0,0,0
8707,1,1,1,1
8710,1,0,0,0
8711,1,0,0,0
8713,1,0,0,0
8715,1,1,0,0
8721,1,1,1,1
8723,1,0,0,0
8725,1,0,0,0
8727,1,0,0,0
8728,1,0,0,0
8729,1,0,0,0
8733,1,0,0,0
8738,1,1,1,1
8739,1,0,0,0
8743,1,0,0,0
8746,1,0,0,0
8747,1,1,1,1
8749,1,1,0,0
8750,1,1,1,1
8755,1,0,0,0
8756,1,0,0,0
8762,1,0,0,0
8764,1,1,0,0
8765,1,0,0,0
8766,1,1,0,0
8768,1,0,0,0
8769,1,0,0,0
8771,1,0,0,0
8773,1,0,0,0
8777,1,0,0,0
8780,1,0,0,0
8781,1,0,0,0
8786,1,0,0,0
8789,1,1,0,0
8790,1,0,0,0
8792,1,0,0,0
8793,1,1,0,0
8795,1,1,0,0
8797,1,0,0,0
8798,1,0,0,0
8799,1,1,0,0
8807,1,0,\N,0
8808,1,1,1,1
8809,1,1,1,0
8810,1,0,0,0
8814,1,0,0,0
8815,1,1,0,0
8817,1,0,0,0
8818,1,1,0,0
8819,1,1,1,1
8820,1,0,0,0
8832,1,0,0,0
8835,1,1,0,0
8838,1,0,0,0
8841,1,1,1,1
8847,1,0,0,0
8853,1,0,0,0
8857,1,0,0,0
8860,1,1,0,0
8861,1,1,0,0
8863,1,0,0,0
8864,0,\N,1,1
8867,1,0,\N,0
8868,1,0,0,0
8869,1,0,0,0
8870,1,0,0,0
8871,1,0,0,0
8872,1,0,0,0
8873,1,1,1,1
8874,1,0,0,0
8875,1,0,0,0
8877,1,1,1,1
8878,1,1,1,0
8882,1,1,1,0
8885,1,0,0,0
8887,1,0,0,0
8888,1,1,1,0
8893,1,0,0,0
8898,1,0,0,0
8904,1,1,1,1
8907,1,0,0,0
8908,1,0,0,0
8911,1,1,0,0
8913,1,1,1,1
8914,1,0,0,0
8915,1,0,0,0
8917,1,0,0,0
8922,1,1,0,\N
8927,1,1,1,0
8929,1,1,1,0
8933,1,0,0,0
8935,1,0,0,0
8938,1,1,0,0
8941,1,0,0,0
8942,1,0,0,0
8943,1,0,0,0
8944,1,1,1,0
8945,1,0,0,0
8946,1,0,0,0
8948,1,0,0,0
8950,1,1,0,0
8954,1,1,0,0
8955,1,1,1,1
8956,1,1,0,0
8958,1,0,0,0
8964,1,0,0,0
8971,1,1,0,0
8972,1,0,0,0
8973,1,0,0,0
8974,1,0,0,0
8975,1,0,0,0
8977,1,0,0,0
8983,1,0,0,0
8986,1,0,0,0
8990,1,0,0,0
8993,1,0,0,0
8994,1,0,0,0
8999,1,0,0,0
9000,1,1,0,0
9001,1,1,0,0
9002,1,0,0,0
9005,1,0,0,0
9006,1,1,1,1
9008,1,0,0,0
9009,1,0,0,0
9010,1,0,0,0
9012,1,0,0,0
9014,1,0,0,0
9018,1,0,0,0
9022,1,0,0,0
9033,1,1,1,0
9035,1,0,0,0
9038,1,1,0,0
9040,1,1,0,\N
9044,1,0,0,0
9045,1,0,0,0
9046,1,0,0,0
9049,1,1,1,0
9050,1,0,0,0
9051,1,1,0,0
9055,1,1,0,0
9057,1,1,1,0
9058,1,0,0,0
9061,1,0,\N,0
9064,1,0,0,0
9066,1,0,0,0
9070,0,\N,0,0
9072,1,1,1,1
9075,1,0,0,0
9077,1,1,1,1
9083,1,0,0,0
9084,1,0,0,0
9086,1,1,1,0
9089,1,1,1,1
9092,1,1,0,0
9096,1,0,0,0
9098,1,0,0,0
9101,1,0,0,0
9103,1,0,0,0
9109,1,1,1,0
9114,1,1,1,0
9117,1,0,0,0
9120,1,1,1,1
9122,1,0,0,0
9123,1,1,1,0
9124,1,0,0,0
9126,1,0,0,0
9132,1,0,0,0
9134,1,0,0,0
9136,1,0,0,0
9137,1,0,0,0
9138,1,0,0,0
9139,1,1,0,0
9140,1,0,0,0
9141,1,1,1,1
9143,1,0,0,0
9146,1,1,1,0
9152,1,1,1,0
9155,1,0,0,0
9156,1,1,0,0
9157,1,0,0,0
9164,1,0,0,0
9171,1,0,\N,0
9173,1,0,0,0
9175,1,0,0,0
9176,0,\N,0,0
9178,1,0,0,0
9180,1,0,0,0
9182,1,1,0,0
9185,1,0,0,0
9186,1,0,0,0
9191,1,1,1,1
9194,1,0,0,0
9197,1,0,0,0
9213,1,0,0,0
9216,1,1,1,1
9219,1,0,0,0
9220,1,1,0,0
9221,1,0,0,0
9222,1,0,0,0
9223,1,0,0,0
9225,1,0,0,0
9226,1,0,0,0
9232,1,1,1,0
9233,1,0,0,0
9237,1,1,1,1
9238,1,1,1,1
9240,1,0,0,0
9241,1,0,0,0
9245,1,1,1,1
9247,1,1,1,0
9248,1,1,0,0
9249,1,1,0,0
9251,1,0,\N,0
9252,1,1,0,0
9253,1,1,1,1
9255,1,1,0,0
9256,1,1,1,0
9257,1,0,0,0
9258,1,1,1,0
9259,1,0,0,0
9271,1,1,1,1
9272,1,0,0,0
9281,0,\N,1,1
9286,1,0,0,0
9289,1,0,0,0
9292,1,0,0,0
9298,1,0,0,0
9299,1,0,0,0
9302,1,0,0,0
9306,1,0,0,0
9310,1,0,\N,1
9312,1,0,0,0
9321,1,1,1,0
9323,1,0,0,0
9324,1,1,1,0
9325,1,0,0,0
9327,1,0,0,0
9329,1,0,0,0
9333,1,0,0,0
9334,1,1,0,0
9335,0,\N,1,0
9336,1,1,1,0
9338,1,1,1,1
9341,1,0,0,0
9343,1,0,0,0
9347,1,0,0,0
9348,1,0,0,0
9349,1,0,0,0
9350,1,0,0,0
9352,1,0,0,0
9359,1,0,0,0
9365,1,0,0,0
9366,1,1,0,0
9367,1,1,1,0
9368,1,0,0,0
9369,1,1,1,0
9371,1,0,\N,0
9376,1,0,0,0
9380,1,1,0,0
9384,1,1,0,0
9387,1,0,0,0
9390,1,1,0,0
9391,1,1,1,0
9400,1,0,0,0
9406,1,0,0,0
9407,1,0,0,0
9409,1,0,0,0
9413,1,0,0,0
9416,0,\N,0,0
9418,1,1,1,1
9419,1,1,1,1
9420,1,1,1,1
9422,1,1,0,0
9424,1,1,0,0
9426,1,0,0,0
9427,1,0,0,0
9428,1,1,1,1
9431,1,1,0,0
9435,1,0,0,0
9437,1,1,1,1
9441,1,0,0,0
9442,1,0,0,0
9445,1,0,0,0
9446,1,0,0,0
9447,1,1,1,0
9451,1,1,1,1
9454,1,0,0,0
9460,1,1,1,0
9461,1,0,0,0
9462,1,0,0,0
9469,1,0,0,0
9470,1,0,0,0
9482,1,0,0,0
9485,1,1,1,0
9487,1,0,0,0
9488,1,0,0,0
9490,1,0,0,0
9492,1,0,0,0
9493,1,0,0,0
9497,1,1,1,0
9500,1,1,0,0
9503,1,1,0,\N
9504,1,1,1,0
9507,1,0,0,0
9509,1,1,1,0
9510,1,0,0,0
9512,1,0,\N,1
9518,1,0,0,0
9527,1,0,0,0
9528,1,1,0,0
9529,1,0,0,0
9530,1,0,0,0
9531,1,1,1,1
9535,1,0,0,0
9547,1,1,0,0
9549,1,0,0,0
9551,1,0,0,0
9557,1,0,0,0
9558,1,0,0,0
9559,1,1,1,0
9560,1,0,0,0
9565,1,0,0,0
9566,1,0,0,0
9567,1,0,0,0
9571,1,0,0,0
9572,1,0,0,0
9574,1,1,0,0
9580,1,0,0,0
9581,1,1,1,1
9582,1,0,0,0
9591,1,1,1,0
9592,1,0,0,0
9593,1,0,0,0
9594,1,0,0,0
9598,1,0,0,0
9604,1,0,0,0
9605,1,0,0,0
9606,1,1,1,0
9610,1,0,0,0
9611,1,1,1,1
9612,1,0,0,0
9617,1,1,1,1
9618,1,0,0,0
9621,1,0,0,0
9631,1,0,0,0
9633,1,1,1,0
9638,1,1,0,0
9646,1,0,0,0
9651,1,1,1,1
9653,1,0,0,0
9657,1,1,1,0
9658,1,0,0,0
9663,1,0,0,0
9666,1,0,0,0
9668,1,0,0,0
9670,1,0,0,0
9672,1,0,0,0
9673,1,0,0,0
9676,1,1,1,1
9679,0,\N,0,0
9682,1,0,0,0
9683,1,0,0,0
9684,1,1,1,1
9685,1,0,0,0
9692,1,0,0,0
9693,1,0,0,0
9695,1,1,0,0
9697,1,1,0,0
9698,1,0,0,0
9699,1,1,1,1
9703,1,0,0,0
9706,1,0,0,0
9708,1,0,0,0
9711,1,0,0,0
9723,1,1,1,1
9724,1,1,1,0
9726,1,0,0,0
9727,1,0,0,0
9729,1,1,1,0
9736,1,0,0,0
9737,1,1,0,\N
9738,1,0,0,0
9742,1,1,0,0
9744,1,1,0,0
9746,1,1,0,0
9748,1,0,0,0
9751,1,0,0,0
9757,1,0,0,0
9759,1,0,0,0
9762,1,0,0,0
9763,1,1,1,0
9766,1,0,0,0
9767,1,0,0,0
9768,1,0,0,0
9771,1,0,0,0
9775,1,0,0,0
9778,0,\N,1,0
9779,1,0,0,0
9784,1,1,0,0
9787,1,0,0,0
9791,1,1,1,0
9792,1,0,0,0
9795,1,1,1,1
9796,1,0,0,0
9797,1,1,0,0
9798,1,0,0,0
9799,1,0,0,0
9800,1,0,0,0
9801,1,0,0,0
9803,1,0,0,0
9804,1,1,0,0
9805,1,0,0,0
9807,1,0,0,0
9811,0,\N,1,0
9812,1,0,0,0
9813,1,0,0,0
9814,1,0,0,0
9818,1,0,0,0
9819,1,0,0,0
9824,1,0,0,0
9825,1,0,0,0
9830,1,0,0,0
9831,1,0,0,0
9832,1,0,0,0
9836,1,0,0,0
9837,1,0,0,0
9845,1,0,0,0
9846,1,0,0,0
9847,1,1,0,0
9848,1,1,1,0
9850,1,0,0,0
9859,1,0,0,0
9861,1,0,0,0
9863,1,1,0,0
9866,1,0,0,0
9867,1,1,1,0
9868,1,0,0,0
9869,1,0,0,0
9870,1,0,0,0
9871,1,0,0,0
9872,1,1,0,0
9878,1,1,1,0
9880,1,0,0,0
9883,1,0,0,0
9886,1,0,\N,0
9887,1,0,0,0
9889,1,0,0,0
9891,1,0,0,0
9892,1,1,1,0
9893,1,0,0,0
9903,1,1,0,0
9905,1,0,0,0
9906,1,0,0,0
9908,1,0,0,0
9910,1,1,1,1
9911,1,0,0,0
9913,1,0,\N,1
9918,1,0,0,0
9923,1,1,0,0
9924,1,0,0,0
9926,1,0,0,0
9928,1,0,0,0
9932,0,\N,0,0
9945,1,1,0,0
9946,1,0,0,0
9948,1,0,0,0
9949,1,0,0,0
9951,1,0,\N,0
9953,1,0,0,0
9954,1,1,1,0
9956,1,0,0,0
9958,1,0,0,0
9962,0,\N,0,0
9963,1,1,0,0
9965,1,0,0,0
9970,1,0,0,0
9972,1,0,0,0
9975,1,1,1,1
9976,1,0,0,0
9978,1,1,1,1
9983,1,0,0,0
9985,1,1,1,1
9986,1,0,0,0
9987,1,0,0,0
9993,0,\N,1,1
9994,1,0,0,0
9995,1,1,0,0
9999,1,0,0,0
10001,1,0,0,0
10003,1,1,1,0
10005,1,0,0,0
10007,1,0,0,0
10014,1,0,0,0
10019,1,0,0,0
10022,1,0,0,0
10028,0,\N,1,0
10031,1,0,0,0
10034,1,1,1,1
10036,1,0,0,0
10037,1,1,0,0
10039,1,1,0,0
10040,1,0,0,0
10042,1,0,0,0
10045,1,0,0,0
10048,1,0,0,0
10049,1,0,0,0
10050,1,1,1,1
10051,1,1,0,0
10052,1,1,0,0
10055,1,1,1,0
10060,1,0,0,0
10063,1,0,0,0
10065,1,0,\N,0
10070,1,0,0,0
10072,1,0,0,0
10078,1,1,1,0
10079,1,0,0,0
10086,1,0,0,0
10087,1,0,0,0
10088,1,0,0,0
10095,1,1,1,0
10096,1,0,0,0
10102,1,0,0,0
10112,1,0,0,0
10113,1,1,0,0
10118,1,1,0,0
10121,1,0,0,0
10122,1,0,0,0
10130,1,0,0,0
10131,1,1,1,1
10132,1,0,0,0
10133,1,0,0,0
10134,1,1,1,1
10137,1,1,0,0
10138,1,1,0,0
10145,1,0,0,0
10147,1,0,0,0
10151,1,0,0,0
10153,1,1,0,0
10157,1,0,0,0
10158,1,0,0,0
10159,1,0,0,0
10160,1,0,0,0
10162,1,0,0,0
10164,1,0,0,0
10166,1,0,0,0
10167,1,0,0,0
10169,1,0,0,0
10171,1,0,0,0
10173,1,0,0,0
10175,1,0,0,0
10176,1,0,0,0
10178,1,1,1,0
10182,1,1,1,1
10185,1,0,0,0
10190,0,\N,0,0
10191,1,0,0,0
10193,1,0,0,0
10197,1,0,0,0
10201,1,0,0,0
10203,1,0,0,0
10204,1,0,0,0
10205,1,0,0,0
10207,1,0,0,0
10211,1,1,0,0
10214,1,1,1,1
10215,1,1,0,0
10219,1,1,0,0
10220,1,1,1,0
10222,1,0,0,0
10227,1,0,0,0
10230,1,0,0,0
10231,1,0,0,0
10232,1,0,0,0
10235,1,0,0,0
10236,1,0,0,0
10237,1,1,0,0
10238,1,1,1,0
10242,1,1,1,0
10244,1,1,1,1
10245,1,1,1,1
10246,1,0,0,0
10247,1,0,0,0
10250,1,1,1,1
10251,1,0,0,0
10252,1,0,0,0
10255,1,0,0,0
10262,1,1,1,0
10263,1,1,0,0
10265,1,1,1,1
10269,1,0,0,0
10277,1,0,0,0
10278,1,0,0,0
10279,1,0,0,0
10281,1,0,0,0
10285,1,0,0,0
10287,1,0,0,0
10288,1,0,0,0
10292,1,1,1,1
10293,1,1,1,1
10294,1,1,0,0
10300,1,0,0,0
10301,1,1,0,0
10306,1,1,1,1
10307,1,0,0,0
10311,1,0,0,0
10317,1,0,0,0
10320,1,1,1,0
10321,1,1,1,0
10323,1,0,0,0
10324,1,1,0,0
10329,1,0,0,0
10330,1,0,0,0
10331,1,0,0,0
10332,1,1,0,0
10335,1,0,0,0
10339,1,1,0,0
10344,1,0,0,0
10345,1,0,0,0
10346,1,1,1,0
10347,1,1,1,1
10352,0,\N,0,0
10353,1,0,0,0
10355,1,0,0,0
10356,1,0,0,0
10358,1,1,1,0
10359,1,0,0,0
10361,1,1,1,0
10362,1,1,0,0
10363,1,1,1,0
10365,0,\N,0,\N
10367,1,1,1,1
10371,0,\N,1,0
10375,1,0,0,0
10376,1,0,0,0
10378,1,1,1,0
10382,1,0,0,0
10385,1,1,1,0
10386,1,0,0,0
10391,1,0,0,0
10392,1,1,0,0
10395,1,0,0,0
10397,1,0,0,0
10399,1,0,0,0
10400,1,0,0,0
10401,1,0,0,0
10403,1,1,1,1
10405,1,0,0,0
10407,1,0,0,0
10414,1,0,0,0
10416,1,0,0,0
10420,1,0,0,0
10422,1,0,0,0
10427,1,0,0,0
10430,1,0,0,0
10431,1,0,0,0
10432,1,0,0,0
10433,1,1,1,1
10434,1,0,0,0
10435,1,0,0,0
10436,1,0,0,0
10439,1,0,0,0
10440,1,0,0,0
10443,1,0,0,0
10445,1,1,0,0
10446,1,1,0,0
10449,1,0,0,0
10451,1,0,0,0
10452,1,0,0,0
10455,1,1,1,1
10460,1,1,0,0
10461,1,1,1,1
10467,1,0,0,0
10469,1,0,0,0
10470,1,0,0,0
10471,1,1,1,1
10472,1,1,1,1
10474,1,0,0,0
10475,1,1,0,0
10476,1,0,0,0
10477,1,0,0,0
10483,1,0,0,0
10485,1,1,0,0
10487,1,0,0,0
10488,1,1,1,0
10491,1,0,0,0
10492,1,1,1,0
10493,1,1,0,0
10498,1,1,1,0
10500,1,0,0,0
10502,1,0,0,0
10504,1,0,0,0
10506,1,0,0,0
10508,1,0,0,0
10509,1,0,0,0
10510,1,1,1,1
10512,1,0,0,0
10520,1,0,0,0
10524,1,0,0,0
10525,1,0,0,0
10528,1,1,1,0
10531,1,1,1,1
10534,1,1,1,1
10535,1,0,0,0
10536,1,0,0,0
10545,1,0,0,0
10551,1,1,1,0
10555,1,0,0,0
10556,1,0,0,0
10557,1,0,0,0
10558,1,0,0,0
10559,1,1,0,0
10560,1,1,1,0
10561,1,0,0,0
10562,1,0,0,0
10564,1,0,0,0
10565,1,1,0,0
10567,1,1,1,1
10569,1,0,0,0
10571,1,0,0,0
10574,1,1,1,1
10578,1,0,0,0
10580,1,0,0,0
10582,1,0,0,0
10584,1,0,0,0
10588,1,1,1,0
10590,1,0,0,0
10592,1,1,1,0
10601,1,0,0,0
10607,1,0,0,0
10610,1,0,0,0
10612,1,0,0,0
10614,1,0,0,0
10620,1,0,0,0
10623,1,0,0,0
10626,1,1,0,0
10628,1,0,0,0
10629,1,0,0,0
10633,1,0,0,0
10634,1,0,0,0
10638,1,0,0,0
10642,1,0,0,0
10644,1,1,0,0
10645,1,0,0,0
10648,1,1,0,0
10650,1,0,0,0
10653,1,1,1,0
10654,1,0,0,0
10657,1,1,1,1
10658,1,0,0,0
10659,1,0,0,0
10660,1,0,0,0
10667,1,0,0,0
10669,1,1,1,1
10672,1,0,0,0
10673,1,0,0,0
10675,1,0,0,0
10678,1,1,0,0
10679,1,0,0,0
10681,0,\N,0,0
10682,1,0,0,0
10690,1,0,0,0
10691,1,1,0,0
10692,1,1,0,0
10694,1,1,0,0
10700,1,0,0,0
10707,1,0,0,0
10708,1,0,0,0
10710,1,1,1,1
10711,1,0,0,0
10713,1,1,1,1
10717,1,0,0,0
10720,1,1,1,0
10729,1,0,0,0
10732,1,1,0,0
10734,1,0,0,0
10736,1,0,0,0
10742,1,0,0,0
10744,1,1,1,0
10745,1,1,0,0
10747,1,1,1,0
10753,1,0,0,0
10754,1,1,1,1
10758,1,1,1,0
10763,1,1,1,0
10764,1,0,0,0
10765,1,0,0,0
10774,1,0,0,0
10778,1,0,0,0
10780,1,0,0,0
10781,1,0,0,0
10783,1,0,0,0
10785,1,0,0,0
10788,1,0,0,0
10790,1,0,0,0
10793,1,1,1,1
10794,1,0,0,0
10803,1,1,1,1
10804,1,1,1,1
10806,1,0,0,0
10808,1,1,1,1
10810,1,1,1,1
10812,1,1,0,0
10813,1,1,0,0
10814,1,0,0,0
10820,1,1,1,1
10824,1,0,0,0
10825,1,1,1,1
10833,1,0,0,0
10836,1,0,0,0
10837,1,0,0,0
10838,1,0,0,0
10839,1,0,0,0
10842,1,1,0,0
10843,1,1,1,1
10844,1,0,\N,1
10846,1,1,0,0
10852,1,0,0,0
10854,1,1,1,0
10858,1,1,1,1
10860,1,0,0,0
10862,1,1,0,0
10866,1,0,0,0
10869,1,0,0,0
10871,1,1,1,0
10874,1,0,0,0
10877,1,0,0,0
10878,1,1,1,1
10879,1,0,0,0
10883,1,1,1,0
10884,1,0,0,0
10885,1,0,0,0
10887,1,1,0,0
10888,1,1,0,0
10890,1,1,1,1
10892,1,0,0,0
10893,1,0,0,0
10894,1,1,1,1
10895,0,\N,1,0
10899,1,1,1,0
10900,1,1,1,0
10901,1,1,1,1
10902,1,0,0,0
10903,1,1,0,0
10904,1,0,0,0
10906,1,0,0,0
10907,1,1,1,1
10908,1,0,0,0
10910,1,1,0,0
10911,1,0,0,0
10914,1,0,0,0
10919,1,1,0,0
10920,1,0,0,0
10922,1,0,0,0
10923,1,0,0,0
10926,1,1,0,0
10927,1,0,0,0
10928,1,0,0,0
10930,1,1,1,1
10933,1,0,0,0
10936,1,1,0,0
10937,1,0,0,0
10938,1,1,1,0
10945,1,0,0,0
10946,1,1,0,0
10949,1,1,1,1
10952,1,1,0,0
10955,1,1,1,1
10959,1,0,0,0
10960,1,0,0,0
10964,1,0,\N,1
10965,1,0,0,0
10966,1,0,0,0
10967,1,1,0,0
10972,1,0,0,0
10975,1,1,0,0
10976,1,1,0,0
10977,1,0,0,0
10979,1,0,0,0
10980,1,0,0,0
10987,1,0,0,0
10988,1,0,0,0
10990,1,0,0,0
10993,1,1,1,1
10994,1,0,0,0
10996,1,1,0,0
10998,1,1,1,1
10999,1,1,1,1
11004,1,0,0,0
11005,1,0,0,0
11007,0,\N,1,0
11015,1,1,1,0
11016,1,0,0,0
11019,1,0,0,0
11021,1,1,1,0
11026,1,1,1,0
11027,1,1,1,0
11029,1,0,0,0
11034,1,0,0,0
11035,1,0,0,0
11043,1,1,0,0
11048,1,0,0,0
11049,1,0,0,0
11050,1,0,0,0
11051,1,0,0,0
11053,1,0,0,0
11054,1,0,0,0
11055,1,0,0,0
11057,1,1,1,0
11058,1,0,0,0
11059,1,0,0,0
11061,1,0,0,0
11062,1,0,0,0
11066,1,1,1,1
11068,1,0,0,0
11070,1,1,1,1
11073,1,1,0,0
11074,1,1,1,1
11085,1,0,0,0
11087,1,0,0,0
11090,1,0,0,0
11092,1,0,0,0
11095,1,0,0,0
11098,1,1,1,0
11101,1,0,0,0
11102,1,0,0,0
11111,1,1,1,0
11120,1,0,0,0
11122,1,0,0,0
11125,1,0,0,0
11126,1,1,1,0
11127,1,0,0,0
11128,1,1,0,0
11130,1,0,0,0
11132,1,0,0,0
11134,1,0,0,0
11136,1,0,0,0
11139,1,1,1,1
11143,1,1,1,1
11145,1,0,0,0
11147,1,0,0,0
11162,1,0,0,0
11164,1,0,0,0
11170,1,1,0,0
11173,1,0,0,0
11174,1,0,0,0
11177,1,0,0,0
11179,1,1,0,0
11181,1,1,0,0
11182,1,0,0,0
11189,1,1,0,0
11190,1,0,0,0
11191,1,0,0,0
11195,1,1,1,0
11197,1,0,0,0
11198,1,1,1,1
11202,1,1,0,0
11204,1,0,0,0
11206,1,0,0,0
11209,1,1,0,0
11212,1,0,0,0
11216,1,0,0,0
11217,1,1,0,0
11221,1,0,0,0
11222,1,0,0,0
11228,1,1,0,0
11229,1,0,0,0
11233,1,1,1,0
11234,1,0,0,0
11235,0,\N,1,0
11236,1,0,0,0
11242,1,1,0,0
11245,1,1,0,0
11249,1,0,0,0
11250,1,1,1,0
11253,1,0,0,0
11258,1,0,0,0
11259,1,1,0,0
11261,1,0,0,0
11268,1,0,0,0
11274,1,1,1,0
11276,1,1,1,1
11281,1,0,0,0
11282,1,0,0,0
11285,1,1,1,0
11288,1,0,0,0
11292,1,0,0,0
11294,1,1,0,0
11295,1,0,0,0
11296,1,0,0,0
11297,1,1,1,1
11300,1,0,0,0
11304,1,0,0,0
11305,1,0,0,0
11310,1,1,1,1
11311,1,0,0,0
11314,1,1,1,1
11315,1,0,0,0
11320,1,0,0,0
11321,1,1,1,0
11323,1,0,0,0
11324,1,1,1,0
11325,1,1,0,0
11328,1,0,0,0
11335,1,1,1,0
11339,1,1,0,0
11341,1,0,0,0
11346,1,1,1,1
11347,1,1,1,0
11350,1,0,0,0
11351,1,0,0,0
11352,1,1,1,0
11354,1,1,1,0
11355,1,0,0,0
11367,1,0,0,0
11368,1,0,0,0
11370,1,0,0,0
11372,1,1,1,0
11373,1,0,0,0
11376,1,1,1,1
11377,1,1,0,0
11379,1,0,0,0
11380,1,0,0,0
11382,1,0,0,0
11385,1,1,1,0
11389,0,\N,0,0
11394,1,0,0,0
11395,1,1,1,1
11402,1,1,0,\N
11404,1,0,0,0
11405,1,0,0,0
11406,1,0,0,0
11410,1,1,0,0
11412,1,1,1,1
11413,1,1,1,0
11419,1,1,0,0
11420,1,0,0,0
11421,1,1,0,0
11422,1,0,0,0
11423,1,0,0,0
11424,1,1,0,0
11428,1,0,0,0
11431,1,0,0,0
11432,1,0,0,0
11434,1,0,0,0
11437,1,1,1,1
11438,1,1,1,0
11442,1,1,0,\N
11446,1,0,0,0
11451,1,0,0,0
11452,1,0,0,0
11453,1,0,0,0
11456,1,0,0,0
11457,1,0,0,0
11459,1,0,0,0
11461,1,0,0,0
11462,1,0,0,0
11463,1,1,1,1
11466,1,1,1,0
11470,1,0,0,0
11471,1,0,0,0
11473,1,0,0,0
11474,1,0,0,0
11478,1,1,0,0
11486,1,0,0,0
11488,1,0,0,0
11491,1,1,1,0
11492,1,0,0,0
11497,1,0,0,0
11498,1,1,1,1
11499,1,0,0,0
11500,1,0,0,0
11501,1,0,0,0
11509,1,0,0,0
11513,1,1,1,0
11515,1,1,0,\N
11519,1,0,0,0
11526,1,0,0,0
11531,1,0,0,0
11533,1,1,1,1
11539,1,0,0,0
11540,1,0,0,0
11546,1,1,1,0
11547,1,1,0,0
11555,1,0,0,0
11562,1,0,0,0
11564,1,0,0,0
11565,1,0,0,0
11567,1,0,0,0
11569,1,0,0,0
11571,1,0,0,0
11575,1,0,0,0
11576,1,1,0,0
11579,1,1,1,0
11581,1,0,0,0
11587,1,0,0,0
11590,1,0,0,0
11591,1,0,0,0
11594,1,1,1,0
11596,1,1,1,1
11599,1,1,1,0
11603,1,1,1,1
11605,1,1,1,0
11606,1,1,0,0
11608,1,0,0,0
11610,1,1,0,0
11616,1,0,0,0
11619,1,0,0,0
11622,1,1,1,1
11625,1,1,0,\N
11628,1,0,0,0
11629,1,0,0,0
11630,1,1,0,0
11640,1,0,0,0
11643,1,0,0,0
11645,1,0,0,0
11648,1,1,1,0
11655,1,1,1,0
11656,1,1,0,0
11660,1,0,0,0
11665,1,1,1,1
11668,1,0,0,0
11669,1,0,0,0
11672,1,0,0,0
11675,1,0,0,0
11676,1,0,0,0
11679,1,0,0,0
11684,1,1,1,1
11685,1,0,0,0
11690,1,0,0,0
11692,1,0,0,0
11698,1,1,0,0
11699,1,0,0,0
11701,1,0,0,0
11706,1,0,0,0
11712,1,0,0,0
11713,1,0,0,0
11718,1,0,0,0
11719,1,0,0,0
11720,1,0,0,0
11721,1,1,1,0
11726,1,0,0,0
11727,1,1,0,0
11728,1,1,0,0
11734,1,0,0,0
11735,1,0,0,0
11737,1,1,0,0
11741,1,1,1,0
11746,1,0,0,0
11747,1,1,1,0
11752,1,0,0,0
11755,1,1,0,0
11758,1,0,0,0
11762,1,0,0,0
11764,1,1,1,1
11765,1,0,0,0
11766,1,0,0,0
11771,1,1,1,1
11773,1,1,1,0
11774,1,0,0,0
11778,1,0,0,0
11781,1,0,0,0
11783,1,0,0,0
11785,1,1,1,0
11787,1,0,0,0
11788,0,\N,0,0
11794,1,0,0,0
11797,1,0,0,0
11798,1,1,0,0
11802,1,0,0,0
11806,1,1,1,0
11808,1,1,1,1
11810,1,0,0,0
11811,1,0,0,0
11812,1,1,1,0
11813,1,1,0,0
11814,1,1,0,0
11818,1,0,0,0
11820,1,0,0,0
11821,1,0,0,0
11822,1,1,1,0
11823,1,0,0,0
11827,1,1,1,0
11828,1,1,1,0
11833,1,0,0,0
11836,1,0,0,0
11840,1,1,0,0
11841,1,1,0,0
11846,1,0,0,0
11849,1,0,0,0
11851,1,1,1,1
11852,1,0,0,0
11853,1,0,0,0
11860,1,0,0,0
11861,1,0,0,0
11867,1,1,0,0
11870,1,1,0,0
11873,1,1,1,0
11874,1,0,0,0
11876,1,1,0,0
11880,1,0,0,0
11881,1,0,0,0
11882,1,0,0,0
11887,1,0,0,0
11888,1,0,0,0
11891,1,0,0,0
11893,1,0,0,0
11894,1,0,0,0
11895,1,0,0,0
11899,1,0,0,0
11904,1,1,1,1
11906,1,0,0,0
11910,1,1,0,0
11912,1,0,0,0
11913,1,0,0,0
11914,1,0,0,0
11917,1,0,0,0
11920,1,1,1,1
11923,1,0,0,0
11925,1,0,0,0
11928,1,1,1,0
11931,1,0,0,0
11932,1,0,0,0
11934,1,1,0,0
11935,1,0,0,0
11936,1,1,0,0
11937,1,1,1,0
11938,1,0,0,0
11944,1,0,0,0
11950,1,0,0,0
11951,1,0,0,0
11954,1,0,0,0
11957,1,1,1,1
11958,1,1,1,0
11961,1,1,1,0
11964,1,0,0,0
11967,1,0,0,0
11968,1,1,1,0
11970,1,0,0,0
11971,1,0,0,0
11975,1,1,1,0
11976,1,1,0,0
11978,1,0,0,0
11983,1,0,0,0
11984,1,0,0,0
11992,1,1,1,1
11994,1,0,0,0
11997,1,1,0,0
12004,1,0,0,0
12005,1,0,0,0
12006,1,0,0,0
12007,1,1,1,0
12008,1,1,1,0
12011,1,0,0,0
12012,1,0,0,0
12015,1,0,0,0
12017,1,0,0,0
12019,1,0,0,0
12021,1,0,0,0
12022,1,1,1,1
12023,1,0,0,0
12024,1,1,0,0
12031,1,0,0,0
12036,1,0,0,0
12037,1,0,0,0
12042,1,0,0,0
12043,1,1,0,0
12048,1,0,0,0
12049,1,0,0,0
12050,1,0,0,0
12051,1,0,0,0
12053,1,1,1,1
12056,1,0,0,0
12057,1,0,0,0
12060,1,1,1,0
12061,1,0,0,0
12062,1,0,0,0
12068,1,1,0,0
12070,1,0,0,0
12072,1,1,1,0
12073,1,1,0,0
12079,1,0,0,0
12084,1,1,0,0
12086,1,0,\N,1
12093,1,1,0,0
12094,1,0,0,0
12096,1,0,0,0
12097,1,0,0,0
12100,1,0,0,0
12101,1,0,0,0
12102,1,0,0,0
12106,1,0,0,0
12108,1,0,0,0
12110,1,0,0,0
12113,1,0,0,0
12115,1,1,1,0
12116,1,1,0,0
12119,1,0,0,0
12122,1,0,0,0
12124,1,0,0,0
12132,1,0,0,0
12135,1,1,0,0
12136,1,1,1,1
12142,1,0,0,0
12144,1,0,0,0
12145,1,0,0,0
12147,1,1,0,\N
12148,1,0,0,0
12152,0,\N,1,0
12154,1,0,0,0
12158,1,1,1,1
12160,1,1,0,0
12169,1,0,\N,0
12171,1,0,0,0
12175,1,1,1,0
12177,1,0,0,0
12180,1,0,0,0
12182,1,0,0,0
12186,1,1,1,0
12187,1,0,0,0
12195,1,0,0,0
12204,1,1,1,1
12205,1,1,1,1
12206,1,0,0,0
12214,1,0,0,0
12217,1,0,0,0
12218,1,1,1,1
12219,1,0,0,0
12220,1,1,1,0
12221,1,1,0,0
12222,1,1,1,1
12224,1,0,0,0
12227,1,0,0,0
12231,1,0,0,0
12235,1,0,0,0
12237,1,0,0,0
12240,1,1,0,0
12243,1,1,1,1
12244,1,0,0,0
12245,1,0,0,0
12247,1,0,0,0
12250,1,0,0,0
12251,1,0,0,0
12253,1,0,0,0
12258,1,0,0,0
12260,1,0,0,0
12263,1,1,0,0
12265,1,0,0,0
12266,1,0,0,0
12270,1,0,0,0
12271,1,0,0,0
12276,1,0,0,0
12282,1,0,0,0
12286,1,0,0,0
12288,1,1,1,1
12295,1,1,1,1
12296,1,1,1,0
12297,1,0,0,0
12303,1,0,0,0
12307,1,0,0,0
12308,1,0,0,0
12311,1,1,1,1
12315,1,1,1,0
12317,1,0,0,0
12318,1,0,0,0
12319,1,0,0,0
12326,1,0,0,0
12327,1,1,0,0
12331,1,1,1,0
12336,1,1,0,\N
12338,1,1,0,0
12339,1,1,0,0
12340,1,0,0,0
12341,1,0,0,0
12342,1,1,0,0
12349,1,0,0,0
12353,1,1,0,0
12359,1,1,1,0
12361,1,0,0,0
12363,1,1,1,1
12364,1,0,0,0
12365,1,1,1,1
12368,1,0,0,0
12369,1,1,1,0
12376,1,1,1,0
12379,1,0,0,0
12381,1,0,0,0
12385,1,0,0,0
12387,1,1,1,0
12389,1,0,0,0
12390,1,0,0,0
12391,1,1,1,1
12393,1,1,1,0
12395,1,0,0,0
12396,1,0,0,0
12398,1,0,0,0
12399,1,0,0,0
12402,1,1,1,0
12407,1,0,0,0
12408,1,0,0,0
12415,1,0,0,0
12417,1,0,0,0
12427,1,0,0,0
12429,1,0,0,0
12430,1,0,0,0
12431,1,0,0,0
12436,1,0,0,0
12437,1,1,0,0
12439,1,0,0,0
12440,1,0,0,0
12445,1,0,0,0
12447,1,0,0,0
12449,1,0,0,0
12450,1,1,0,0
12453,1,0,0,0
12454,1,1,0,\N
12458,1,0,0,0
12459,1,0,0,0
12463,1,1,0,0
12464,1,0,0,0
12466,1,0,0,0
12467,1,0,0,0
12468,1,1,0,0
12477,1,0,0,0
12483,1,0,0,0
12484,1,1,0,0
12485,1,0,0,0
12486,1,0,0,0
12490,1,1,1,1
12494,1,0,0,0
12499,1,0,0,0
12501,1,0,0,0
12502,1,1,0,0
12503,1,0,0,0
12504,1,0,0,0
12510,1,1,1,1
12512,1,0,0,0
12516,1,0,0,0
12517,1,0,0,0
12519,1,0,0,0
12520,1,0,0,0
12523,1,0,0,0
12524,1,1,1,1
12525,1,0,0,0
12526,1,1,1,0
12534,1,0,0,0
12535,1,0,0,0
12536,1,0,0,0
12539,1,0,0,0
12540,1,0,0,0
12542,1,0,0,0
12543,1,0,0,0
12544,1,0,0,0
12546,1,0,0,0
12548,1,0,0,0
12550,1,0,0,0
12558,1,0,0,0
12560,1,1,1,1
12561,1,1,1,1
12562,1,0,0,0
12565,1,0,0,0
12570,1,0,0,0
12573,1,0,0,0
12576,1,0,0,0
12580,1,1,0,0
12583,1,1,1,0
12584,1,0,0,0
12585,1,0,0,0
12592,1,0,0,0
12597,0,\N,0,0
12598,1,0,0,0
12599,1,0,0,0
12600,1,1,0,0
12601,1,1,0,0
12605,1,0,0,0
12610,1,1,0,0
12612,1,0,0,0
12615,1,0,0,0
12618,1,0,0,0
12624,1,0,0,0
12625,1,0,0,0
12628,1,1,1,1
12639,1,1,1,0
12643,1,0,0,0
12645,1,0,0,0
12648,1,1,0,\N
12652,1,0,0,0
12653,1,0,0,0
12654,1,1,1,1
12659,1,1,1,1
12661,1,1,1,0
12666,1,0,0,0
12667,1,0,0,0
12668,1,0,0,0
12671,1,0,0,0
12676,1,1,1,0
12677,1,0,0,0
12679,0,\N,1,1
12683,1,0,0,0
12689,1,0,0,0
12700,1,0,0,0
12704,1,0,0,0
12706,1,0,0,0
12707,1,1,1,1
12708,1,1,0,0
12710,1,1,1,1
12713,1,1,1,1
12718,1,1,0,0
12719,1,0,0,0
12720,1,0,0,0
12723,1,0,0,0
12724,1,0,0,0
12727,1,0,0,0
12730,1,0,0,0
12738,1,1,1,1
12741,1,0,0,0
12742,1,0,0,0
12743,1,1,0,0
12744,1,0,0,0
12753,1,1,0,0
12755,1,1,0,0
12758,1,0,0,0
12760,1,0,0,0
12763,1,0,0,0
12765,1,0,0,0
12767,1,0,0,0
12772,1,0,0,0
12773,1,0,0,0
12776,1,0,0,0
12780,1,1,0,0
12781,1,0,0,0
12785,1,0,0,0
12786,1,0,0,0
12790,1,0,0,0
12791,1,0,0,0
12795,1,0,0,0
12802,1,1,0,0
12805,1,1,1,1
12806,0,\N,0,0
12810,1,1,0,0
12817,1,0,0,0
12820,1,1,1,0
12821,1,0,0,0
12822,1,0,0,0
12823,1,0,0,0
12826,1,0,0,0
12827,1,0,0,0
12830,1,0,0,0
12833,1,0,0,0
12836,1,1,0,0
12838,1,1,1,1
12841,1,0,0,0
12843,1,1,0,0
12844,1,0,0,0
12849,1,1,1,1
12850,1,0,0,0
12852,1,1,0,0
12854,1,0,0,0
12855,1,1,1,1
12856,1,0,0,0
12857,1,0,0,0
12859,1,0,0,0
12860,1,1,0,0
12861,1,0,0,0
12862,1,0,0,0
12865,1,0,0,0
12867,1,0,0,0
12869,1,0,0,0
12870,1,1,1,1
12875,1,1,1,1
12877,1,0,0,0
12878,1,0,0,0
12880,1,0,0,0
12887,1,0,0,0
12889,1,0,0,0
12892,1,1,1,1
12893,1,0,0,0
12898,1,0,0,0
12900,1,0,0,0
12901,1,1,1,0
12905,1,0,0,0
12906,1,0,0,0
12907,1,0,0,0
12908,1,1,0,0
12909,1,0,0,0
12912,1,1,0,0
12913,1,1,0,0
12914,1,1,1,1
12915,1,0,0,0
12916,1,1,1,1
12917,1,0,0,0
12923,1,1,1,0
12926,1,0,0,0
12927,1,1,1,1
12929,1,0,0,0
12930,1,0,\N,1
12943,1,1,1,0
12944,1,0,0,0
12945,1,1,1,0
12947,1,0,0,0
12948,1,0,0,0
12949,1,1,1,0
12959,1,1,1,1
12961,1,1,1,0
12962,1,0,0,0
12964,1,1,0,0
12965,1,0,0,0
12971,1,0,0,0
12974,1,1,1,0
12981,1,0,0,0
12983,1,1,0,0
12988,1,0,0,0
12992,1,1,1,0
12993,1,0,0,0
12997,1,0,\N,1
12999,1,0,0,0
13000,1,0,0,0
13003,1,0,0,0
13004,1,1,1,0
13007,1,0,0,0
13013,1,0,0,0
13015,1,0,0,0
13016,1,0,0,0
13017,1,0,0,0
13018,1,1,0,0
13021,1,0,0,0
13023,1,0,0,0
13025,1,0,0,0
13027,1,0,0,0
13031,1,0,0,0
13035,1,0,0,0
13036,1,1,1,0
13044,1,0,0,0
13045,1,0,0,0
13051,1,0,0,0
13053,1,1,0,0
13054,1,0,0,0
13055,1,1,1,0
13058,1,0,0,0
13059,1,1,0,0
13060,1,0,0,0
13066,1,0,0,0
13069,1,0,0,0
13076,1,0,0,0
13083,1,1,0,0
13084,1,0,0,0
13085,1,0,0,0
13094,1,1,0,0
13095,1,1,0,0
13097,1,0,0,0
13098,1,1,0,0
13100,1,0,0,0
13102,1,0,0,0
13104,1,0,0,0
13108,1,0,0,0
13109,1,0,0,0
13111,1,0,0,0
13113,1,0,0,0
13114,1,0,0,0
13116,1,0,0,0
13121,1,0,0,0
13122,1,1,0,0
13126,1,1,0,\N
13127,1,0,0,0
13128,1,1,1,0
13134,1,0,0,0
13147,1,0,0,0
13150,1,0,0,0
13153,1,0,0,0
13154,1,0,0,0
13157,1,0,0,0
13160,1,0,\N,0
13162,1,0,0,0
13163,1,1,0,0
13169,1,0,0,0
13172,1,1,1,0
13174,1,0,0,0
13176,1,0,0,0
13180,1,1,1,1
13184,1,0,0,0
13187,1,1,1,0
13191,1,0,0,0
13194,1,0,0,0
13195,1,0,0,0
13197,1,0,0,0
13202,1,0,0,0
13204,1,0,0,0
13209,1,0,0,0
13212,1,1,1,1
13215,1,0,0,0
13216,1,1,1,0
13220,1,0,0,0
13221,1,0,0,0
13224,1,1,0,0
13226,1,0,0,0
13228,1,0,0,0
13229,1,1,1,1
13231,1,0,0,0
13232,1,1,1,1
13233,1,0,0,0
13235,1,0,0,0
13236,1,0,0,0
13240,1,0,0,0
13242,1,0,0,0
13243,1,0,0,0
13249,1,0,\N,0
13250,1,1,1,1
13251,1,1,0,0
13252,1,0,0,0
13253,1,0,0,0
13259,1,0,0,0
13260,1,0,0,0
13262,1,0,0,0
13264,1,0,0,0
13265,1,0,0,0
13268,1,1,0,0
13269,1,0,0,0
13273,1,1,1,1
13275,1,1,1,0
13276,1,1,1,0
13278,1,0,0,0
13279,1,0,0,0
13280,1,0,0,0
13281,1,0,0,0
13282,1,0,0,0
13284,1,1,0,0
13285,1,1,1,0
13287,1,0,0,0
13289,1,0,0,0
13293,1,0,\N,0
13294,1,0,0,0
13295,1,0,0,0
13296,1,1,0,0
13297,1,0,0,0
13298,1,0,0,0
13299,1,1,0,0
13300,1,0,0,0
13309,1,1,1,1
13315,1,0,0,0
13318,1,0,0,0
13326,1,0,0,0
13327,1,0,0,0
13331,1,0,0,0
13332,1,0,0,0
13335,1,0,0,0
13337,1,0,0,0
13339,1,1,1,0
13342,1,1,1,1
13343,1,1,1,1
13344,1,0,0,0
13351,1,0,0,0
13352,1,0,0,0
13353,1,0,0,0
13354,1,1,0,0
13359,1,0,0,0
13362,1,0,0,0
13364,1,1,1,1
13366,1,1,0,0
13368,1,0,0,0
13371,1,1,1,1
13373,1,1,0,0
13374,1,0,0,0
13376,1,1,1,0
13378,1,1,1,1
13379,1,0,0,0
13380,1,0,0,0
13384,1,0,0,0
13385,1,0,0,0
13388,1,0,0,0
13391,1,1,1,0
13392,1,1,0,0
13394,1,1,0,0
13400,1,1,1,0
13413,1,0,0,0
13414,1,0,0,0
13415,1,1,0,0
13417,0,\N,1,0
13419,1,1,1,1
13423,1,1,1,0
13425,1,1,1,0
13426,1,0,0,0
13435,1,1,0,0
13438,1,0,0,0
13441,1,0,0,0
13442,1,0,0,0
13446,1,0,0,0
13447,1,1,1,1
13448,1,0,0,0
13450,1,0,0,0
13455,1,0,0,0
13457,1,0,0,0
13458,1,0,0,0
13459,1,0,0,0
13460,1,1,0,0
13466,1,1,0,0
13467,1,1,0,0
13468,1,0,0,0
13469,1,0,0,0
13475,1,1,0,0
13477,1,1,0,0
13478,1,0,0,0
13479,1,0,0,0
13480,1,0,0,0
13481,0,\N,0,0
13486,1,0,0,0
13490,1,0,0,0
13495,1,1,1,1
13497,0,\N,1,1
13499,1,1,1,0
13500,1,0,0,0
13505,1,0,0,0
13506,1,0,0,0
13510,0,\N,0,0
13512,1,1,0,0
13514,1,1,0,0
13517,1,0,0,0
13520,1,1,1,1
13521,1,1,1,0
13523,1,1,1,0
13528,1,0,\N,0
13534,1,1,1,0
13542,1,1,1,1
13543,1,0,0,0
13548,1,1,0,0
13550,1,1,0,0
13551,1,0,0,0
13555,1,1,0,0
13566,1,1,0,0
13567,1,0,0,0
13571,1,0,0,0
13572,1,0,0,0
13573,1,1,0,0
13575,1,1,1,1
13585,1,1,1,1
13586,1,0,0,0
13589,1,0,0,0
13596,1,1,0,0
13598,1,0,0,0
13599,1,0,0,0
13600,1,1,0,0
13601,1,1,0,0
13604,1,0,0,0
13607,1,0,0,0
13611,1,0,0,0
13612,1,0,0,0
13613,1,0,0,0
13616,1,1,1,1
13617,1,0,0,0
13618,1,0,0,0
13625,1,0,0,0
13626,1,1,1,0
13632,1,0,0,0
13634,1,0,0,0
13636,1,0,0,0
13637,1,1,1,0
13638,1,0,0,0
13642,1,1,0,0
13643,1,1,1,1
13653,1,1,1,1
13657,1,0,0,0
13658,1,0,0,0
13662,1,1,1,0
13663,1,0,0,0
13666,1,1,1,1
13667,1,1,0,0
13668,1,0,0,0
13669,1,1,1,0
13675,1,0,0,0
13676,1,0,0,0
13677,1,0,0,0
13678,1,1,1,0
13679,1,1,1,0
13681,1,0,0,0
13682,1,1,0,0
13685,1,0,0,0
13686,1,0,0,0
13687,1,0,0,0
13690,1,0,0,0
13692,1,1,1,0
13698,1,0,0,0
13701,1,0,0,0
13707,1,0,0,0
13708,1,0,0,0
13709,1,0,0,0
13710,1,1,1,1
13713,1,0,0,0
13715,1,0,0,0
13718,1,0,0,0
13719,1,0,0,0
13722,1,0,0,0
13728,1,0,0,0
13730,1,0,0,0
13731,1,1,0,0
13733,1,0,\N,0
13739,1,1,0,0
13744,1,1,1,1
13749,1,1,1,1
13750,1,0,0,0
13752,1,0,0,0
13754,1,1,1,0
13759,1,0,0,0
13760,1,0,0,0
13764,1,0,0,0
13767,1,1,1,1
13768,1,0,0,0
13769,1,0,0,0
13771,1,0,0,0
13773,1,1,0,0
13774,1,0,0,0
13775,1,0,0,0
13778,1,0,0,0
13780,1,0,0,0
13781,1,0,0,0
13790,1,0,0,0
13791,1,1,0,0
13793,1,1,0,0
13796,0,\N,1,1
13797,1,0,0,0
13804,1,1,1,1
13807,1,0,0,0
13809,1,0,0,0
13811,1,0,0,0
13816,1,1,1,0
13818,1,1,1,0
13819,1,0,0,0
13821,1,0,0,0
13823,1,1,1,0
13832,1,1,0,0
13833,1,0,0,0
13834,1,1,0,0
13836,1,0,0,0
13837,1,0,0,0
13838,1,0,0,0
13839,1,1,0,0
13840,1,0,0,0
13843,1,1,0,0
13847,1,0,0,0
13849,1,0,0,0
13852,1,0,0,0
13854,1,0,0,0
13857,1,0,0,0
13861,1,0,\N,1
13864,1,1,0,0
13866,1,1,0,0
13868,1,0,0,0
13871,0,\N,0,0
13873,1,0,0,0
13876,1,1,1,1
13879,1,0,0,0
13888,1,1,1,1
13889,1,0,0,0
13891,1,0,0,0
13892,1,0,0,0
13893,1,0,0,0
13894,1,0,0,0
13896,1,0,0,0
13898,1,0,0,0
13899,1,1,1,1
13900,1,0,0,0
13902,1,1,1,1
13905,1,0,0,0
13908,1,0,0,0
13910,1,0,0,0
13912,1,0,0,0
13913,1,0,0,0
13914,1,0,0,0
13918,1,1,0,0
13924,1,0,0,0
13925,1,0,0,0
13929,1,1,1,1
13930,1,1,0,0
13933,1,1,0,0
13934,1,0,0,0
13938,1,1,0,0
13940,0,\N,0,0
13941,1,0,0,0
13943,1,0,0,0
13947,1,0,0,0
13949,1,0,0,0
13954,1,0,0,0
13955,1,0,0,0
13956,1,0,0,0
13957,1,1,0,0
13962,1,0,0,0
13968,1,1,1,0
13973,1,0,0,0
13974,1,0,0,0
13975,1,1,1,0
13977,1,0,0,0
13978,1,0,0,0
13979,1,0,0,0
13980,1,1,1,1
13981,1,0,0,0
13982,0,\N,1,1
13983,1,1,0,0
13985,1,1,1,1
13986,1,1,1,1
13988,1,1,1,0
13990,1,1,1,1
13991,1,0,0,0
13992,1,0,0,0
13993,1,0,0,0
13999,1,1,1,1
14004,1,0,0,0
14005,1,0,0,0
14007,1,1,1,1
14010,1,1,0,0
14011,1,0,0,0
14012,1,0,0,0
14017,1,0,0,0
14018,1,0,0,0
14019,1,0,0,0
14022,1,0,0,0
14023,1,0,0,0
14027,1,1,1,1
14028,1,0,0,0
14029,1,0,0,0
14030,1,1,0,0
14037,1,0,0,0
14039,1,0,0,0
14040,1,0,0,0
14046,1,1,0,0
14048,1,1,1,1
14049,1,0,0,0
14050,1,0,0,0
14053,1,1,0,0
14055,1,0,0,0
14059,1,1,1,1
14060,1,0,0,0
14061,1,0,0,0
14067,1,0,0,0
14069,1,0,0,0
14070,1,0,0,0
14077,1,0,0,0
14078,1,0,0,0
14079,1,0,0,0
14080,1,1,0,0
14082,1,0,0,0
14083,1,0,0,0
14086,1,0,0,0
14087,1,0,0,0
14089,1,1,0,0
14090,1,0,0,0
14093,1,0,0,0
14097,1,0,0,0
14098,1,0,0,0
14100,1,0,0,0
14107,1,1,0,0
14112,1,1,0,0
14113,1,1,1,1
14115,1,0,0,0
14116,1,0,0,0
14121,1,1,1,1
14122,1,0,0,0
14123,1,1,1,1
14124,1,0,0,0
14125,1,0,0,0
14133,1,0,0,0
14134,1,0,0,0
14136,0,\N,1,0
14140,1,0,0,0
14146,1,1,0,0
14148,1,0,0,0
14150,1,0,0,0
14152,1,0,0,0
14155,1,1,1,1
14159,1,0,0,0
14162,1,0,\N,0
14163,1,0,0,0
14167,1,1,1,1
14173,1,0,0,0
14174,1,1,1,1
14176,1,0,0,0
14181,1,0,0,0
14183,1,0,0,0
14184,1,0,0,0
14185,1,1,0,0
14190,1,0,0,0
14191,1,1,0,0
14192,1,1,1,0
14199,1,1,1,0
14204,1,0,0,0
14209,1,0,0,0
14211,1,1,1,1
14212,1,0,0,0
14218,1,0,0,0
14223,1,0,0,0
14225,1,0,0,0
14227,1,0,0,0
14229,1,0,0,0
14230,1,0,0,0
14233,1,0,0,0
14234,1,0,0,0
14235,1,0,0,0
14237,1,0,0,0
14238,1,1,1,0
14241,1,1,0,0
14243,1,0,0,0
14249,1,0,0,0
14250,1,1,0,0
14252,1,0,0,0
14257,1,0,0,0
14270,1,0,0,0
14271,1,0,0,0
14272,1,1,0,0
14281,1,0,0,0
14284,1,0,0,0
14285,1,0,0,0
14286,1,0,0,0
14287,1,0,0,0
14290,1,0,0,0
14293,1,0,0,0
14294,1,0,0,0
14295,1,0,0,0
14296,1,0,0,0
14300,1,0,0,0
14303,1,1,1,0
14304,1,0,0,0
14306,1,0,\N,1
14307,1,1,1,0
14310,1,1,0,\N
14311,1,0,0,0
14314,1,0,0,0
14315,1,0,0,0
14318,1,0,0,0
14320,1,0,0,0
14322,1,1,0,0
14323,1,0,0,0
14327,1,0,0,0
14328,1,1,1,1
14329,1,0,0,0
14331,1,0,0,0
14334,1,1,1,0
14337,0,\N,1,0
14340,1,0,0,0
14342,1,0,0,0
14343,1,0,0,0
14344,1,1,0,0
14349,1,0,0,0
14351,1,1,1,1
14353,1,1,1,0
14354,1,0,0,0
14365,1,0,0,0
14368,1,0,0,0
14371,1,0,0,0
14372,1,1,0,0
14373,1,0,0,0
14374,1,1,1,0
14380,1,0,0,0
14382,1,0,0,0
14385,1,0,0,0
14386,1,0,0,0
14388,1,0,0,0
14389,1,0,0,0
14391,1,1,0,0
14394,1,0,0,0
14395,1,0,0,0
14400,1,0,0,0
14405,1,1,1,0
14407,1,1,1,0
14409,1,1,0,0
14411,0,\N,1,0
14415,1,0,0,0
14416,1,0,0,0
14418,1,1,1,1
14419,1,0,0,0
14422,1,1,0,0
14424,1,0,0,0
14425,1,0,0,0
14426,1,1,1,1
14429,1,1,0,0
14430,1,0,0,0
14432,1,1,0,0
14433,1,1,1,1
14434,1,0,0,0
14440,1,0,0,0
14443,1,1,1,0
14446,1,0,0,0
14450,1,0,0,0
14454,1,1,1,0
14456,1,1,0,0
14457,1,0,0,0
14461,1,1,1,0
14462,1,1,1,0
14463,1,1,1,0
14464,1,0,0,0
14469,1,0,0,0
14472,1,0,0,0
14476,1,0,0,0
14479,1,1,0,0
14480,1,0,0,0
14483,1,0,0,0
14484,1,0,0,0
14487,1,1,1,0
14489,1,0,0,0
14490,1,1,1,1
14494,1,0,0,0
14495,1,1,0,0
14496,1,1,1,0
14500,1,1,1,1
14503,1,0,0,0
14505,1,1,1,0
14506,1,0,0,0
14508,1,1,1,0
14509,1,0,0,0
14511,1,0,0,0
14512,1,0,0,0
14513,1,0,0,0
14516,1,1,0,0
14518,1,0,0,0
14520,1,0,0,0
14523,1,0,0,0
14528,1,1,1,1
14529,1,0,0,0
14530,1,0,0,0
14532,1,0,0,0
14537,1,0,0,0
14544,1,0,0,0
14545,1,0,0,0
14548,1,0,\N,1
14550,1,0,0,0
14560,1,1,1,0
14561,1,0,0,0
14564,1,0,0,0
14568,1,1,1,1
14569,1,1,1,0
14571,1,0,0,0
14572,1,0,0,0
14573,1,0,0,0
14575,1,1,0,0
14578,1,1,0,0
14580,1,0,0,0
14584,1,0,0,0
14586,1,0,0,0
14589,1,1,0,0
14596,1,1,1,0
14599,1,0,0,0
14603,1,0,\N,1
14604,1,1,0,0
14605,1,0,0,0
14606,1,0,\N,0
14607,1,0,0,0
14614,1,0,0,0
14615,1,1,0,0
14616,1,1,0,0
14617,1,1,0,0
14618,1,0,0,0
14621,1,0,0,0
14623,1,1,0,0
14625,1,0,0,0
14626,1,1,0,0
14627,1,0,0,0
14632,1,0,0,0
14637,1,0,0,0
14638,1,1,1,1
14639,1,1,1,0
14641,1,0,0,0
14642,1,0,0,0
14644,1,0,\N,1
14647,1,1,0,0
14648,1,1,0,0
14652,1,0,0,0
14660,1,0,0,0
14664,1,1,1,1
14668,1,1,0,0
14669,1,0,0,0
14674,1,1,1,1
14675,1,0,0,0
14676,1,0,0,0
14677,1,0,0,0
14678,1,0,\N,0
14684,1,0,0,0
14688,1,1,0,0
14689,1,0,0,0
14691,1,0,0,0
14692,1,1,1,1
14693,1,0,0,0
14697,1,1,1,0
14698,1,0,0,0
14703,1,1,1,0
14705,1,0,0,0
14708,1,0,0,0
14712,1,0,0,0
14717,1,1,0,0
14718,1,0,0,0
14721,1,0,0,0
14725,1,0,0,0
14729,1,0,0,0
14731,1,1,1,1
14732,1,1,1,1
14742,1,0,0,0
14747,1,0,0,0
14750,1,0,0,0
14752,1,0,0,0
14754,1,1,0,0
14755,1,1,1,1
14758,1,0,0,0
14759,1,0,0,0
14761,1,0,0,0
14766,1,0,0,0
14770,1,1,0,0
14775,1,0,0,0
14783,1,0,0,0
14785,1,1,1,0
14787,1,0,\N,0
14790,1,1,1,0
14791,1,0,\N,1
14792,1,0,0,0
14793,1,1,1,1
14794,1,0,0,0
14795,1,1,0,0
14798,1,1,1,1
14810,0,\N,0,0
14815,1,0,0,0
14817,1,0,0,0
14818,1,0,0,0
14820,1,0,0,0
14821,1,1,1,1
14822,1,1,0,0
14830,1,0,0,0
14832,1,0,0,0
14833,1,0,0,0
14834,1,0,0,0
14835,1,0,0,0
14837,1,0,0,0
14840,1,1,1,1
14842,1,0,0,0
14848,1,1,0,0
14850,1,0,0,0
14852,1,1,0,0
14854,1,1,1,0
14856,1,0,0,0
14857,1,1,0,0
14858,1,0,0,0
14860,0,\N,1,1
14861,1,0,0,0
14863,1,0,0,0
14864,1,0,0,0
14867,1,1,0,0
14869,1,0,0,0
14870,1,0,0,0
14873,1,0,0,0
14877,1,0,0,0
14883,1,0,0,0
14886,1,1,1,1
14889,1,0,0,0
14891,1,1,0,0
14894,1,0,0,0
14896,1,0,0,0
14903,1,1,0,0
14905,1,0,0,0
14906,1,1,0,0
14907,1,0,0,0
14908,1,1,0,0
14910,1,0,0,0
14917,1,1,0,0
14919,1,0,0,0
14922,1,0,\N,0
14925,1,0,0,0
14928,1,1,1,0
14934,1,1,0,0
14935,1,0,0,0
14937,1,0,0,0
14938,1,0,0,0
14943,1,1,0,0
14944,1,0,0,0
14948,1,0,0,0
14951,1,0,0,0
14952,1,0,0,0
14955,1,0,0,0
14956,1,0,0,0
14958,1,1,1,0
14960,1,0,0,0
14961,1,0,0,0
14963,1,0,0,0
14964,1,0,0,0
14966,1,0,0,0
14968,1,0,0,0
14972,1,0,0,0
14975,1,0,0,0
14977,1,0,0,0
14981,1,1,1,0
14983,1,0,0,0
14987,1,1,0,\N
14989,1,1,1,1
14995,1,1,1,1
14997,1,0,0,0
14998,1,0,0,0
15000,1,0,\N,0
15001,1,0,0,0
15003,1,0,0,0
15004,1,0,0,0
15005,1,0,0,0
15007,1,0,0,0
15008,1,0,0,0
15009,1,1,0,0
15010,1,1,1,1
15011,1,0,0,0
15016,1,0,0,0
15018,1,0,0,0
15021,1,0,0,0
15023,1,1,0,0
15031,1,0,0,0
15034,1,0,0,0
15037,1,0,0,0
15048,1,0,0,0
15049,1,1,0,0
15051,1,0,0,0
15054,1,0,0,0
15056,1,1,1,1
15058,0,\N,1,1
15061,1,0,0,0
15063,1,0,0,0
15064,1,0,0,0
15065,1,0,0,0
15066,1,0,0,0
15067,1,1,1,0
15068,1,1,1,1
15069,1,0,0,0
15070,1,1,0,0
15074,1,0,0,0
15076,1,0,0,0
15077,1,0,0,0
15079,1,0,0,0
15080,1,0,0,0
15083,1,1,0,0
15086,1,1,1,1
15087,1,1,1,0
15089,1,0,0,0
15092,0,\N,1,0
15097,1,1,1,0
15099,1,0,0,0
15108,1,0,0,0
15110,1,0,0,0
15111,1,0,0,0
15113,1,1,1,0
15114,1,0,0,0
15118,0,\N,0,0
15120,1,1,0,0
15122,0,\N,0,0
15123,1,0,0,0
15125,1,0,0,0
15128,1,0,0,0
15129,1,0,0,0
15131,1,0,0,0
15133,1,0,0,0
15134,1,1,1,1
15135,1,1,0,0
15136,1,0,0,0
15146,1,0,0,0
15151,1,0,0,0
15153,1,0,0,0
15157,1,0,0,0
15158,1,0,0,0
15160,1,1,1,1
15161,1,1,1,0
15162,1,1,1,0
15164,1,0,0,0
15165,1,0,0,0
15166,1,0,0,0
15167,1,1,1,1
15172,1,0,0,0
15173,1,0,0,0
15174,1,1,1,1
15175,1,0,0,0
15178,1,0,0,0
15182,1,0,0,0
15184,1,0,0,0
15186,1,1,0,0
15187,1,0,0,0
15193,1,0,0,0
15196,1,0,0,0
15197,1,1,1,0
15198,1,0,0,0
15204,1,0,0,0
15205,1,1,1,0
15210,1,0,0,0
15213,1,0,0,0
15214,1,1,0,0
15218,1,0,0,0
15222,1,1,0,0
15224,1,0,0,0
15225,1,0,0,0
15226,1,0,0,0
15246,1,0,0,0
15248,1,0,0,0
15251,1,0,0,0
15252,1,0,0,0
15256,1,0,0,0
15257,1,0,0,0
15258,1,0,0,0
15261,1,1,0,0
15263,1,0,0,0
15264,1,1,1,1
15269,1,0,0,0
15271,1,1,0,0
15274,1,0,0,0
15275,1,1,0,0
15277,1,0,0,0
15278,1,1,1,1
15279,1,1,0,0
15282,1,0,0,0
15284,1,0,0,0
15287,1,0,0,0
15290,1,0,0,0
15291,1,0,0,0
15295,1,0,0,0
15298,1,0,0,0
15302,1,0,0,0
15304,1,0,0,0
15308,1,0,0,0
15309,1,0,0,0
15311,1,0,0,0
15314,1,0,0,0
15318,1,1,0,0
15320,1,0,0,0
15327,1,0,0,0
15330,1,0,0,0
15337,1,1,1,0
15339,1,0,0,0
15341,1,0,0,0
15347,1,0,0,0
15348,1,0,0,0
15349,1,1,0,0
15350,1,0,0,0
15352,1,0,0,0
15353,1,0,0,0
15355,1,0,0,0
15356,1,1,1,1
15357,1,0,0,0
15361,1,1,1,1
15367,1,0,0,0
15368,1,0,0,0
15370,1,0,0,0
15374,1,1,1,0
15375,0,\N,0,0
15377,1,0,0,0
15379,1,0,0,0
15382,1,1,1,1
15384,1,1,0,\N
15385,1,1,0,0
15388,1,0,0,0
15389,1,0,0,0
15392,1,0,0,0
15395,1,0,0,0
15396,1,0,0,0
15397,1,1,1,1
15401,1,0,0,0
15405,1,1,0,0
15407,1,1,0,0
15409,1,1,1,0
15414,1,0,0,0
15421,1,1,0,0
15423,1,0,0,0
15424,1,1,0,0
15428,1,0,0,0
15429,1,0,0,0
15432,1,0,0,0
15438,1,1,1,0
15444,1,0,0,0
15445,1,1,1,0
15448,1,0,0,0
15450,1,0,0,0
15451,1,0,0,0
15454,1,0,0,0
15457,1,0,0,0
15460,1,0,0,0
15461,1,1,1,0
15463,1,0,0,0
15466,1,1,0,0
15467,1,0,0,0
15470,1,0,0,0
15473,1,0,0,0
15474,1,1,1,1
15475,1,0,0,0
15478,1,0,0,0
15480,1,0,0,0
15487,1,1,0,0
15490,1,0,\N,0
15491,1,1,1,1
15499,1,0,0,0
15503,1,0,0,0
15505,1,0,0,0
15506,1,1,0,0
15508,1,1,1,1
15514,1,0,0,0
15516,1,0,0,0
15520,1,1,0,0
15525,1,1,1,1
15527,1,0,0,0
15533,1,0,0,0
15538,1,0,0,0
15545,1,0,0,0
15547,1,1,1,1
15551,1,0,0,0
15554,1,1,0,0
15556,1,0,0,0
15557,1,1,1,1
15560,1,0,0,0
15565,0,\N,1,1
15570,1,0,0,0
15574,1,1,1,0
15575,1,0,0,0
15579,1,1,0,0
15580,1,0,0,0
15581,1,0,0,0
15583,1,0,0,0
15590,1,0,0,0
15592,1,0,0,0
15597,1,1,1,1
15598,1,1,0,0
15599,1,0,0,0
15601,1,1,1,1
15602,1,0,0,0
15603,1,0,0,0
15607,1,0,0,0
15609,1,0,0,0
15611,1,1,1,1
15612,1,0,0,0
15614,1,1,0,0
15616,1,0,0,0
15619,1,0,0,0
15620,0,\N,1,1
15624,1,0,0,0
15626,1,0,0,0
15627,1,1,1,0
15629,1,0,0,0
15634,1,0,0,0
15637,1,1,1,1
15639,1,0,0,0
15640,1,0,0,0
15641,1,1,1,0
15645,1,1,0,0
15649,1,1,1,1
15652,1,0,0,0
15657,1,0,0,0
15658,1,0,0,0
15659,1,0,0,0
15663,1,1,1,0
15669,1,0,0,0
15673,1,0,0,0
15676,1,0,0,0
15677,1,0,\N,0
15678,1,1,1,1
15679,1,0,0,0
15681,1,0,0,0
15683,1,0,0,0
15693,1,1,1,0
15694,1,0,0,0
15695,1,1,0,0
15697,1,0,\N,0
15699,1,0,0,0
15705,1,0,0,0
15712,1,1,0,0
15714,1,1,0,0
15715,1,0,0,0
15716,1,0,0,0
15719,1,0,0,0
15721,1,0,0,0
15724,1,0,0,0
15730,1,1,0,0
15732,1,1,0,0
15733,1,0,0,0
15735,1,0,0,0
15736,1,1,1,1
15737,1,1,1,1
15739,1,0,0,0
15743,1,0,0,0
15744,1,1,0,0
15746,1,0,0,0
15749,1,0,0,0
15750,1,0,0,0
15754,1,0,0,0
15757,1,0,0,0
15758,1,0,0,0
15761,1,1,1,1
15765,1,1,1,0
15767,1,0,0,0
15771,1,1,1,1
15773,1,0,0,0
15777,1,0,0,0
15779,1,0,0,0
15782,1,1,1,1
15783,1,0,0,0
15784,1,1,1,1
15785,1,0,0,0
15787,1,0,0,0
15791,1,1,0,0
15794,1,0,0,0
15799,1,0,0,0
15802,1,1,1,1
15805,1,0,0,0
15806,1,0,0,0
15807,1,0,0,0
15809,1,0,0,0
15810,1,1,1,0
15819,1,0,0,0
15821,1,0,0,0
15827,1,1,1,1
15828,1,0,0,0
15829,1,1,0,0
15830,1,0,0,0
15838,1,0,0,0
15840,1,0,0,0
15843,1,0,0,0
15844,1,0,0,0
15849,0,\N,0,0
15851,1,1,1,1
15856,1,0,0,0
15857,1,0,0,0
15861,1,1,0,0
15865,1,0,0,0
15866,1,0,0,0
15869,1,0,0,0
15871,1,0,0,0
15873,1,0,0,0
15875,1,0,0,0
15876,1,0,0,0
15881,1,1,0,0
15883,1,1,1,0
15884,1,0,0,0
15885,1,0,0,0
15886,1,1,1,1
15888,1,0,0,0
15891,1,0,0,0
15893,1,1,1,1
15894,1,0,0,0
15895,1,1,0,0
15898,1,0,0,0
15901,1,0,0,0
15903,1,0,0,0
15909,1,1,1,0
15910,1,1,0,0
15911,1,0,0,0
15914,1,0,0,0
15921,1,0,0,0
15923,1,0,0,0
15926,1,0,0,0
15930,1,0,0,0
15932,1,1,1,0
15938,1,0,0,0
15941,1,0,0,0
15943,1,0,0,0
15947,1,0,0,0
15948,1,0,0,0
15950,1,0,0,0
15951,1,0,0,0
15952,1,0,0,0
15955,1,0,0,0
15961,1,1,0,0
15962,1,0,0,0
15963,1,0,0,0
15968,1,1,1,0
15970,1,1,0,0
15971,1,1,0,0
15973,1,0,0,0
15974,1,0,0,0
15976,1,0,0,0
15979,1,1,0,0
15980,1,0,0,0
15985,1,0,0,0
15987,1,0,0,0
15990,1,0,0,0
15993,1,1,0,0
15994,1,1,1,1
15997,1,0,0,0
15998,1,1,0,0
16001,1,1,1,1
16003,1,0,0,0
16007,1,1,0,0
16010,1,1,1,0
16011,1,1,0,0
16014,1,0,0,0
16028,1,1,0,0
16029,1,0,0,0
16033,1,0,0,0
16035,1,0,0,0
16037,1,1,1,1
16038,1,0,0,0
16042,1,0,0,0
16045,1,1,0,0
16050,1,0,0,0
16051,1,0,0,0
16062,0,\N,1,1
16066,1,1,0,0
16067,1,0,0,0
16074,1,0,0,0
16075,1,0,0,0
16077,1,0,0,0
16078,1,0,0,0
16079,1,0,0,0
16080,1,0,0,0
16091,1,1,1,1
16093,1,0,0,0
16094,1,1,0,0
16095,1,0,0,0
16096,1,0,0,0
16107,1,0,0,0
16108,1,1,1,0
16111,1,0,0,0
16116,1,0,0,0
16121,1,1,0,0
16124,1,0,0,0
16136,1,1,0,0
16138,1,1,0,0
16143,1,0,0,0
16148,1,0,0,0
16150,1,1,0,0
16153,1,0,0,0
16155,1,0,0,0
16156,1,0,0,0
16159,1,0,0,0
16164,1,0,0,0
16167,1,0,0,0
16168,1,1,0,0
16169,1,1,0,0
16171,1,0,0,0
16175,1,0,0,0
16177,1,0,0,0
16179,1,0,0,0
16181,1,0,0,0
16187,1,0,0,0
16188,1,0,0,0
16190,1,0,0,0
16194,1,0,0,0
16196,1,0,0,0
16199,1,0,0,0
16200,1,1,1,1
16201,1,1,1,1
16206,1,0,0,0
16208,1,0,0,0
16212,1,0,0,0
16213,1,0,0,0
16216,1,0,0,0
16217,1,0,0,0
16219,1,0,0,0
16225,1,1,0,\N
16230,1,0,0,0
16233,1,0,0,0
16234,1,0,0,0
16236,1,1,0,0
16238,1,1,0,0
16241,1,0,0,0
16243,1,1,0,0
16244,1,0,0,0
16246,1,0,\N,1
16247,1,0,0,0
16248,1,0,0,0
16250,1,0,0,0
16251,1,0,0,0
16252,1,1,0,0
16260,1,0,0,0
16264,1,0,0,0
16265,1,0,0,0
16268,1,1,0,0
16270,1,0,0,0
16271,1,0,0,0
16274,1,0,0,0
16275,1,0,0,0
16276,1,0,0,0
16277,1,1,1,0
16278,0,\N,0,0
16280,1,1,1,0
16281,1,0,0,0
16285,1,0,0,0
16287,1,0,0,0
16297,1,0,0,0
16299,1,0,0,0
16303,1,1,0,0
16314,1,0,0,0
16315,1,0,0,0
16321,1,1,1,1
16322,1,0,0,0
16323,1,0,0,0
16325,1,1,1,1
16326,1,1,0,0
16327,1,0,0,0
16329,1,0,0,0
16331,1,0,0,0
16333,1,0,0,0
16337,1,0,0,0
16340,1,0,0,0
16341,1,0,0,0
16348,1,0,0,0
16349,1,1,1,0
16351,1,0,0,0
16355,1,0,0,0
16357,1,0,0,0
16358,1,0,0,0
16363,1,1,1,1
16364,1,1,1,1
16366,1,0,0,0
16376,1,1,1,1
16378,1,1,1,1
16382,1,1,0,0
16383,1,1,1,1
16385,1,0,0,0
16387,1,0,0,0
16390,1,0,0,0
16391,1,0,0,0
16394,1,0,0,0
16395,1,1,0,0
16397,1,0,0,0
16401,1,0,0,0
16402,1,1,1,0
16403,1,0,0,0
16405,1,1,1,0
16407,1,0,0,0
16409,1,0,0,0
16410,1,1,0,0
16412,1,0,0,0
16413,1,0,0,0
16417,1,0,0,0
16419,1,0,0,0
16422,1,1,0,0
16423,1,1,1,1
16424,1,0,0,0
16427,1,1,1,1
16428,0,\N,0,0
16431,1,1,1,1
16434,1,0,0,0
16435,1,0,0,0
16436,1,0,0,0
16438,1,1,1,1
16439,1,0,0,0
16442,1,1,0,0
16450,1,0,0,0
16452,1,0,0,0
16454,1,0,0,0
16455,1,0,0,0
16462,1,1,0,0
16463,1,1,1,0
16464,1,0,0,0
16466,1,0,0,0
16468,1,0,0,0
16469,1,0,0,0
16472,1,1,0,0
16475,1,0,0,0
16479,1,1,0,0
16481,1,1,0,0
16483,1,0,0,0
16488,1,0,0,0
16493,1,1,0,0
16496,1,0,0,0
16500,1,1,0,0
16503,1,1,0,0
16506,1,0,0,0
16510,1,0,0,0
16512,1,1,1,1
16515,1,0,0,0
16519,1,0,0,0
16523,1,0,0,0
16524,1,0,0,0
16526,1,0,0,0
16527,1,0,\N,0
16530,1,0,0,0
16531,1,0,0,0
16532,1,0,0,0
16534,1,0,0,0
16537,1,0,0,0
16539,1,0,0,0
16540,1,0,0,0
16544,1,1,0,0
16545,1,1,0,0
16547,0,\N,0,0
16551,1,0,0,0
16561,1,0,0,0
16564,1,0,0,0
16565,1,0,0,0
16566,1,0,0,0
16571,1,1,1,0
16575,1,0,0,0
16578,1,0,0,0
16580,1,0,0,0
16582,1,0,0,0
16583,1,1,1,1
16585,1,0,0,0
16588,1,1,1,0
16590,1,0,0,0
16591,1,0,0,0
16592,1,0,0,0
16594,1,0,0,0
16596,1,0,0,0
16598,1,1,0,0
16599,1,1,1,1
16600,1,0,0,0
16601,1,1,0,0
16603,1,0,0,0
16604,1,1,1,0
16606,1,1,0,0
16612,1,0,0,0
16617,1,0,0,0
16618,1,1,0,\N
16620,1,0,0,0
16621,1,0,0,0
16625,1,0,0,0
16626,1,0,0,0
16627,1,0,0,0
16631,1,0,0,0
16632,1,1,1,1
16635,1,0,0,0
16636,1,1,1,1
16638,1,0,0,0
16639,1,0,0,0
16643,1,0,0,0
16648,1,1,1,1
16649,1,1,1,1
16652,1,0,0,0
16653,1,1,0,0
16654,1,0,0,0
16655,1,0,0,0
16656,1,1,1,1
16658,1,1,0,0
16662,1,1,0,0
16663,1,0,0,0
16667,1,1,1,1
16669,1,0,0,0
16670,1,0,0,0
16683,1,0,0,0
16685,1,0,0,0
16687,1,0,0,0
16688,1,0,0,0
16689,1,0,0,0
16691,1,1,0,0
16694,1,0,0,0
16696,1,0,0,0
16697,0,\N,1,0
16699,1,0,0,0
16700,1,1,1,1
16701,1,0,0,0
16702,1,0,0,0
16703,1,0,0,0
16707,1,0,0,0
16708,1,0,0,0
16712,1,0,0,0
16713,1,1,1,0
16717,1,1,0,0
16721,1,0,0,0
16731,1,1,0,0
16733,1,0,0,0
16735,1,0,0,0
16739,1,0,0,0
16742,1,0,0,0
16745,1,0,0,0
16748,1,0,0,0
16751,1,0,0,0
16754,1,0,0,0
16755,1,1,0,0
16759,1,0,0,0
16760,1,1,1,0
16761,1,0,0,0
16762,1,1,0,0
16763,1,0,0,0
16766,1,0,0,0
16773,1,1,0,0
16774,1,1,1,1
16776,1,1,1,1
16782,1,0,0,0
16783,1,0,0,0
16786,1,1,0,0
16788,1,0,0,0
16789,1,0,0,0
16791,1,0,0,0
16792,1,0,0,0
16793,1,1,0,0
16796,1,0,0,0
16798,1,1,1,0
16801,1,1,0,0
16807,1,0,0,0
16809,1,1,0,0
16812,1,1,0,0
16813,1,1,1,0
16815,1,0,0,0
16817,1,1,0,0
16819,1,1,0,0
16820,1,1,1,1
16822,1,1,1,0
16826,1,0,0,0
16830,1,1,1,0
16831,1,0,0,0
16832,1,1,1,1
16839,1,0,0,0
16843,1,0,0,0
16844,1,0,0,0
16846,1,0,0,0
16857,1,0,0,0
16862,1,0,0,0
16864,1,1,1,0
16870,1,0,0,0
16871,1,1,1,1
16873,1,0,0,0
16878,1,0,0,0
16879,1,0,0,0
16880,1,0,0,0
16882,1,0,0,0
16885,1,0,0,0
16886,1,1,1,0
16891,1,0,0,0
16892,1,0,0,0
16896,1,1,1,0
16901,1,1,0,0
16903,1,0,0,0
16904,1,1,1,0
16907,1,0,0,0
16912,1,0,0,0
16913,1,0,0,0
16916,1,0,0,0
16918,1,1,1,0
16920,1,1,0,0
16923,1,0,0,0
16927,1,0,0,0
16929,1,0,0,0
16930,1,0,0,0
16932,1,0,0,0
16935,1,1,0,0
16936,1,0,0,0
16937,1,1,0,0
16938,1,0,0,0
16940,1,1,1,0
16945,1,0,0,0
16948,1,0,0,0
16949,1,0,0,0
16950,1,1,1,0
16951,1,1,0,0
16956,1,0,0,0
16961,1,0,0,0
16962,1,1,1,0
16964,1,1,1,1
16966,1,1,1,1
16968,1,1,0,0
16970,1,0,0,0
16971,1,0,0,0
16972,1,0,0,0
16974,1,0,0,0
16976,1,0,0,0
16980,1,0,0,0
16981,1,0,0,0
16987,1,1,1,1
16988,0,\N,0,0
16992,1,1,1,0
16993,1,0,0,0
16996,1,1,0,0
16998,1,1,1,0
17002,1,1,0,0
17003,1,0,0,0
17005,1,0,0,0
17007,1,0,0,0
17008,1,0,0,0
17013,1,0,0,0
17019,1,0,0,0
17021,1,0,0,0
17024,1,1,0,0
17026,1,0,0,0
17029,1,1,1,0
17030,1,0,0,0
17031,1,1,0,0
17033,1,0,0,0
17038,1,1,1,1
17041,1,0,0,0
17047,1,0,0,0
17048,1,1,1,1
17050,1,0,0,0
17052,1,1,0,0
17054,1,1,0,0
17056,1,0,0,0
17061,1,0,0,0
17063,1,0,0,0
17065,1,0,0,0
17066,1,0,0,0
17071,1,0,\N,0
17074,1,0,0,0
17078,1,0,0,0
17080,1,0,0,0
17082,1,0,0,0
17085,0,\N,0,0
17088,1,0,0,0
17089,1,1,1,1
17091,1,0,0,0
17092,1,0,0,0
17093,1,0,0,0
17096,1,0,0,0
17097,1,0,0,0
17098,1,1,1,1
17103,1,0,0,0
17104,1,1,1,1
17105,1,0,0,0
17109,1,0,0,0
17110,1,0,0,0
17111,1,0,0,0
17117,1,0,\N,0
17119,1,0,0,0
17120,1,0,0,0
17121,1,0,0,0
17122,1,0,0,0
17124,1,0,0,0
17125,1,1,0,0
17126,1,0,0,0
17127,1,1,0,0
17132,1,0,0,0
17133,1,0,0,0
17134,1,0,0,0
17136,1,0,0,0
17142,1,1,0,0
17143,1,0,0,0
17144,1,0,0,0
17145,1,1,1,0
17150,1,0,0,0
17151,1,1,0,0
17157,1,0,0,0
17160,1,1,1,1
17162,1,0,0,0
17165,1,0,0,0
17167,1,0,0,0
17168,1,1,0,0
17169,1,1,1,1
17172,1,0,0,0
17173,1,1,1,1
17179,1,0,0,0
17180,1,0,0,0
17181,1,0,0,0
17185,1,0,0,0
17187,1,1,0,0
17188,1,0,0,0
17193,1,0,0,0
17194,1,0,0,0
17195,1,1,0,0
17196,1,1,1,0
17197,1,1,0,0
17203,1,0,0,0
17204,1,0,0,0
17213,1,0,0,0
17214,1,1,1,1
17218,1,0,0,0
17222,1,0,0,0
17226,1,1,1,1
17228,1,0,0,0
17231,1,0,0,0
17233,1,0,0,0
17236,1,0,0,0
17239,1,1,1,0
17241,1,0,0,0
17243,1,0,0,0
17245,1,0,0,0
17248,1,0,0,0
17254,1,0,0,0
17257,1,0,0,0
17258,1,0,0,0
17259,0,\N,0,0
17261,1,1,0,0
17263,1,1,0,0
17264,1,1,0,0
17266,1,1,1,1
17268,1,0,0,0
17272,1,0,0,0
17273,1,0,0,0
17275,1,0,0,0
17278,1,0,0,0
17280,1,0,0,0
17285,1,0,0,0
17286,1,1,0,0
17288,1,0,0,0
17289,1,1,1,1
17291,1,1,1,1
17294,1,0,0,0
17296,1,0,0,0
17302,1,1,1,0
17305,1,0,0,0
17306,1,0,0,0
17307,1,0,0,0
17308,1,0,0,0
17309,1,0,0,0
17310,1,0,0,0
17312,1,1,0,0
17313,1,0,0,0
17316,1,1,1,1
17320,1,0,0,0
17321,1,0,0,0
17322,1,1,0,0
17324,1,1,1,1
17326,1,0,0,0
17328,1,1,0,0
17330,1,0,0,0
17332,1,1,1,1
17336,1,0,0,0
17337,1,0,\N,0
17342,1,0,0,0
17345,1,1,1,0
17355,1,1,0,0
17356,1,1,1,0
17359,0,\N,0,0
17361,1,0,0,0
17368,1,0,0,0
17372,1,0,0,0
17373,1,1,1,0
17376,1,0,0,0
17377,1,0,0,0
17379,1,1,1,0
17380,1,0,0,0
17384,1,1,1,1
17385,1,0,0,0
17391,1,0,0,0
17392,1,0,0,0
17394,1,0,0,0
17397,1,0,0,0
17401,1,0,0,0
17402,1,0,0,0
17408,1,0,0,0
17412,1,0,0,0
17413,1,1,1,0
17414,1,0,0,0
17417,1,0,0,0
17420,1,0,0,0
17421,1,0,0,0
17422,1,0,0,0
17424,1,0,0,0
17425,1,1,0,0
17429,1,0,0,0
17431,1,0,0,0
17435,1,0,0,0
17437,1,1,0,0
17438,1,0,0,0
17443,1,0,0,0
17447,1,0,0,0
17448,1,1,0,0
17450,1,0,0,0
17451,1,0,0,0
17452,1,0,0,0
17453,1,0,0,0
17455,1,1,0,0
17456,1,0,0,0
17460,1,0,0,0
17461,1,1,1,1
17462,1,1,0,0
17463,1,0,0,0
17466,1,0,0,0
17471,1,0,0,0
17472,1,0,0,0
17473,1,1,0,0
17475,1,0,0,0
17484,1,1,0,0
17489,1,0,0,0
17490,1,0,0,0
17493,1,0,0,0
17499,1,1,1,1
17501,1,0,0,0
17502,1,0,0,0
17507,1,0,0,0
17520,1,0,0,0
17523,1,0,0,0
17529,1,1,0,0
17531,1,0,0,0
17532,1,0,0,0
17533,1,1,1,1
17539,1,0,0,0
17542,1,1,0,0
17543,1,1,0,\N
17553,1,0,0,0
17555,1,1,1,1
17559,1,0,0,0
17560,1,0,0,0
17562,1,0,0,0
17574,1,0,0,0
17577,1,0,0,0
17580,1,0,0,0
17590,1,0,0,0
17591,1,0,0,0
17593,1,0,0,0
17594,1,0,0,0
17596,1,0,0,0
17605,1,1,0,0
17606,1,1,0,0
17608,1,0,0,0
17609,1,0,0,0
17614,1,0,0,0
17615,1,1,1,1
17616,1,0,0,0
17619,1,0,0,0
17622,1,0,0,0
17625,1,0,0,0
17627,1,1,1,1
17632,1,0,0,0
17636,1,1,0,0
17638,1,1,0,0
17644,1,1,0,0
17646,1,1,1,0
17647,1,0,0,0
17649,1,1,0,0
17651,1,0,0,0
17655,1,1,1,1
17658,1,0,0,0
17661,1,0,0,0
17664,1,0,0,0
17665,1,0,0,0
17667,1,1,1,0
17672,1,1,1,0
17678,1,0,0,0
17679,1,1,1,0
17681,1,1,0,0
17682,1,1,0,0
17685,1,1,0,0
17686,1,0,0,0
17687,1,1,0,0
17688,1,0,0,0
17690,1,0,0,0
17691,1,0,0,0
17692,1,1,0,0
17701,1,0,\N,1
17703,1,0,0,0
17704,1,1,0,0
17705,0,\N,0,0
17706,1,1,0,0
17707,1,0,0,0
17710,1,0,0,0
17712,1,0,0,0
17713,1,0,0,0
17715,1,0,0,0
17722,1,1,1,1
17729,1,0,0,0
17731,1,0,0,0
17733,1,1,0,\N
17734,1,1,1,0
17736,1,0,0,0
17737,1,1,0,0
17739,1,0,0,0
17742,1,0,0,0
17744,1,1,1,0
17746,1,0,0,0
17747,1,1,0,0
17750,1,1,0,0
17751,1,0,0,0
17752,1,0,0,0
17754,1,0,0,0
17755,1,0,0,0
17756,1,0,0,0
17757,1,0,0,0
17761,1,1,1,1
17764,1,1,0,0
17766,1,0,0,0
17774,1,1,0,\N
17777,1,0,0,0
17778,1,0,0,0
17779,1,0,0,0
17780,1,1,0,0
17782,1,0,0,0
17786,1,0,0,0
17790,1,0,0,0
17791,1,1,1,1
17794,1,1,1,1
17798,1,0,0,0
17799,1,0,0,0
17802,1,1,0,0
17803,1,1,1,0
17805,1,0,0,0
17806,1,0,0,0
17807,1,0,0,0
17810,1,0,0,0
17815,1,0,0,0
17816,1,0,0,0
17820,1,1,1,1
17821,1,0,0,0
17822,1,1,1,1
17826,1,0,0,0
17830,1,0,0,0
17831,1,0,0,0
17832,1,0,0,0
17834,1,0,0,0
17837,1,1,0,0
17838,1,0,0,0
17841,1,1,0,0
17842,1,1,1,1
17844,1,0,0,0
17848,1,0,0,0
17853,1,1,1,1
17860,1,0,0,0
17861,1,1,1,1
17871,1,0,0,0
17873,1,0,0,0
17875,1,0,0,0
17886,1,0,0,0
17893,1,0,0,0
17894,1,1,1,1
17895,1,0,0,0
17896,1,1,1,0
17897,1,0,0,0
17905,1,0,0,0
17911,1,0,0,0
17912,1,0,0,0
17914,1,1,1,0
17920,1,1,1,0
17922,1,1,0,0
17924,1,1,0,0
17925,1,0,0,0
17929,1,0,0,0
17930,1,1,1,1
17931,1,1,1,0
17932,1,0,0,0
17933,0,\N,1,0
17934,1,0,0,0
17938,1,1,0,0
17942,1,1,1,0
17944,1,0,0,0
17945,1,0,0,0
17946,1,0,0,0
17947,1,0,0,0
17948,1,0,0,0
17949,1,1,0,0
17952,1,0,0,0
17954,1,1,1,0
17956,1,0,0,0
17957,1,0,0,0
17961,1,1,1,1
17965,1,1,1,1
17969,1,0,0,0
17972,1,1,1,0
17975,1,0,0,0
17976,1,0,0,0
17983,1,1,0,0
17984,1,1,0,0
17985,1,0,0,0
17986,1,0,0,0
17990,1,0,0,0
17991,1,0,0,0
17992,1,0,0,0
17994,1,0,0,0
17995,1,1,1,0
17996,1,0,0,0
17997,1,1,0,0
17998,1,0,0,0
18004,1,0,0,0
18010,1,0,0,0
18011,1,1,1,0
18012,1,0,0,0
18013,1,0,0,0
18019,1,0,0,0
18023,1,1,1,1
18031,1,0,0,0
18033,1,0,0,0
18034,1,1,1,0
18035,1,0,0,0
18036,1,0,0,0
18041,1,0,0,0
18042,1,0,0,0
18044,1,0,0,0
18045,1,0,0,0
18046,1,0,0,0
18047,1,1,0,0
18050,1,1,1,0
18053,1,1,1,1
18062,1,1,1,1
18063,1,1,0,0
18065,1,1,1,1
18073,1,0,0,0
18074,1,0,0,0
18075,1,0,0,0
18078,1,0,0,0
18079,1,0,0,0
18081,1,1,1,0
18082,1,0,0,0
18086,1,0,0,0
18094,1,1,0,0
18096,1,1,1,0
18099,1,0,0,0
18102,1,1,1,0
18104,1,0,0,0
18106,1,1,1,1
18113,1,1,1,0
18115,1,0,0,0
18116,1,0,0,0
18117,1,0,0,0
18118,1,0,0,0
18119,1,1,1,0
18127,1,0,0,0
18129,1,0,0,0
18135,1,1,1,0
18136,1,1,1,1
18138,1,0,0,0
18140,1,0,0,0
18141,1,0,0,0
18143,1,0,0,0
18146,1,1,0,0
18148,1,0,0,0
18155,1,1,1,1
18156,1,0,0,0
18160,1,0,0,0
18163,1,1,0,0
18167,1,0,0,0
18171,1,0,0,0
18172,1,0,0,0
18174,1,0,0,0
18177,1,1,1,1
18178,1,1,1,0
18181,1,0,0,0
18185,1,1,1,1
18189,1,1,0,0
18191,1,0,0,0
18193,1,0,0,0
18197,1,0,0,0
18200,1,0,0,0
18201,1,1,0,0
18204,1,0,0,0
18206,1,0,0,0
18207,1,1,1,0
18208,1,1,0,0
18209,1,1,1,0
18211,1,1,0,\N
18212,1,0,0,0
18215,1,0,0,0
18216,1,1,1,0
18217,1,0,0,0
18218,1,1,0,0
18221,1,0,0,0
18222,0,\N,1,0
18226,1,0,0,0
18230,1,0,0,0
18232,1,0,0,0
18233,1,0,0,0
18234,1,0,0,0
18241,1,0,0,0
18243,1,0,0,0
18248,1,0,0,0
18250,1,0,0,0
18256,1,0,0,0
18257,1,1,0,0
18258,1,0,0,0
18260,1,0,0,0
18262,1,0,0,0
18263,1,1,1,0
18265,1,0,0,0
18267,1,0,0,0
18268,1,0,0,0
18269,1,0,0,0
18271,1,0,0,0
18276,1,0,0,0
18277,1,1,1,0
18281,1,0,0,0
18283,1,0,0,0
18286,1,0,0,0
18288,1,0,0,0
18289,1,1,0,0
18291,1,1,1,0
18293,1,1,0,0
18294,1,1,0,0
18295,1,0,0,0
18297,1,1,0,0
18299,1,0,0,0
18300,1,0,0,0
18302,1,0,0,0
18304,1,0,0,0
18307,1,0,0,0
18310,1,0,0,0
18312,1,0,0,0
18313,1,0,0,0
18315,1,0,0,0
18317,0,\N,1,0
18318,1,0,0,0
18320,1,1,0,0
18321,1,1,0,0
18322,1,0,0,0
18325,1,1,0,0
18326,1,1,1,1
18327,1,0,0,0
18329,1,1,1,1
18331,1,1,1,0
18333,1,0,0,0
18336,1,0,0,0
18339,1,1,1,0
18340,1,0,0,0
18341,1,1,1,1
18343,1,0,0,0
18348,1,1,0,0
18349,1,1,1,1
18350,1,0,0,0
18352,1,1,1,1
18353,1,1,1,0
18354,1,0,0,0
18362,1,0,0,0
18363,1,0,0,0
18364,1,0,0,0
18370,1,0,0,0
18371,1,0,0,0
18375,1,0,0,0
18376,1,1,1,1
18377,1,1,0,0
18378,1,1,1,0
18381,1,0,\N,1
18382,1,0,0,0
18385,1,0,0,0
18386,1,1,0,0
18391,1,0,0,0
18392,1,1,1,1
18393,1,1,1,0
18394,1,0,0,0
18395,1,0,0,0
18399,1,0,0,0
18402,1,0,0,0
18403,1,1,0,0
18404,1,0,0,0
18406,1,0,0,0
18407,1,1,1,1
18408,1,1,1,1
18409,1,1,0,0
18412,1,0,0,0
18413,1,0,0,0
18416,1,1,1,0
18417,1,0,0,0
18420,1,0,0,0
18421,1,0,0,0
18424,1,0,0,0
18425,1,0,0,0
18427,1,0,0,0
18429,1,0,0,0
18430,1,1,0,0
18432,1,1,0,0
18434,1,0,0,0
18435,1,0,0,0
18438,1,0,0,0
18440,1,1,0,0
18441,1,0,0,0
18442,1,0,0,0
18443,1,1,1,1
18444,1,0,0,0
18446,1,0,0,0
18447,1,0,0,0
18451,1,0,0,0
18454,1,0,0,0
18458,1,0,0,0
18463,1,0,0,0
18470,1,0,0,0
18472,1,0,0,0
18474,1,0,0,0
18475,1,1,0,0
18480,1,1,1,0
18481,1,1,1,1
18489,1,0,0,0
18491,1,1,0,0
18493,1,0,0,0
18494,1,1,1,1
18496,1,0,0,0
18498,1,0,0,0
18500,0,\N,0,0
18502,1,0,0,0
18505,1,1,0,\N
18506,1,1,1,1
18509,1,0,\N,1
18513,1,0,0,0
18516,1,1,0,0
18517,1,0,0,0
18518,1,1,1,1
18519,1,1,0,0
18521,1,0,0,0
18523,1,1,0,0
18524,1,0,0,0
18525,1,0,0,0
18529,1,0,0,0
18530,1,1,1,0
18531,0,\N,0,0
18532,1,0,0,0
18533,1,0,0,0
18534,1,0,0,0
18535,1,1,1,1
18536,1,0,0,0
18537,1,0,0,0
18539,1,0,0,0
18548,1,0,0,0
18554,1,0,0,0
18557,1,0,0,0
18558,1,0,0,0
18565,1,1,1,0
18567,1,0,0,0
18568,1,1,0,0
18570,1,1,1,1
18575,1,0,0,0
18582,1,0,0,0
18589,1,0,0,0
18590,1,0,0,0
18591,1,0,0,0
18593,1,0,0,0
18595,1,0,0,0
18596,1,0,0,0
18597,0,\N,0,0
18602,1,1,0,0
18604,1,0,0,0
18605,1,0,0,0
18608,1,0,0,0
18610,1,0,0,0
18611,1,0,0,0
18613,1,0,0,0
18618,1,1,0,0
18620,1,1,1,1
18621,1,0,0,0
18624,1,0,0,0
18626,1,0,0,0
18631,1,1,1,0
18632,1,0,0,0
18633,1,0,0,0
18634,1,0,0,0
18637,1,0,0,0
18640,1,0,0,0
18641,1,1,0,0
18647,1,1,1,0
18654,1,1,0,0
18659,1,0,0,0
18660,1,0,0,0
18661,1,0,0,0
18663,1,0,0,0
18664,1,1,0,0
18666,1,0,0,0
18667,1,0,0,0
18670,1,0,0,0
18672,1,1,1,1
18673,0,\N,0,0
18676,1,0,0,0
18678,1,0,0,0
18683,1,0,0,0
18684,1,0,0,0
18685,1,0,0,0
18688,1,0,0,0
18692,1,1,1,0
18693,1,1,0,0
18697,1,1,0,0
18699,1,0,0,0
18709,1,0,0,0
18714,1,0,0,0
18715,1,0,0,0
18716,1,0,0,0
18718,1,0,0,0
18720,1,1,0,0
18725,1,0,0,0
18727,1,0,0,0
18728,1,0,0,0
18729,1,0,0,0
18731,1,1,0,0
18732,1,0,0,0
18733,1,0,0,0
18734,1,1,0,0
18736,1,0,0,0
18737,1,0,0,0
18739,1,0,0,0
18742,1,0,0,0
18745,1,0,0,0
18746,1,0,0,0
18750,1,1,1,1
18752,1,0,0,0
18754,1,1,0,0
18759,1,0,0,0
18760,1,0,0,0
18763,1,1,1,1
18768,1,1,1,0
18773,1,0,0,0
18774,1,0,0,0
18776,1,0,0,0
18777,1,1,1,1
18779,1,0,0,0
18783,1,0,0,0
18785,1,1,0,0
18787,1,1,0,0
18788,1,0,0,0
18789,1,1,0,0
18792,1,1,1,0
18793,1,1,1,1
18794,1,1,1,1
18797,1,0,0,0
18798,1,0,0,0
18799,1,1,1,1
18800,1,1,1,1
18803,1,0,0,0
18808,1,1,1,1
18809,1,0,0,0
18813,1,0,0,0
18819,1,0,0,0
18820,1,0,0,0
18821,1,1,1,1
18822,1,0,0,0
18829,1,0,0,0
18830,1,0,0,0
18831,1,1,1,1
18834,1,1,1,0
18837,1,0,0,0
18838,1,1,0,0
18851,1,0,0,0
18854,1,1,0,0
18858,1,0,0,0
18859,1,0,0,0
18860,1,0,0,0
18861,1,0,0,0
18863,1,1,0,0
18867,1,0,0,0
18868,1,0,0,0
18873,1,1,0,0
18874,1,1,1,1
18875,1,0,0,0
18876,1,0,0,0
18881,0,\N,1,0
18882,1,1,0,0
18885,1,0,0,0
18889,1,1,0,0
18896,0,\N,0,0
18897,1,1,1,0
18899,1,1,1,0
18900,1,0,0,0
18904,1,0,0,0
18908,1,1,1,0
18909,1,0,0,0
18910,1,0,0,0
18911,1,1,0,0
18912,1,0,0,0
18913,1,0,0,0
18918,1,0,0,0
18919,1,0,0,0
18921,1,0,0,0
18922,1,0,0,0
18924,1,1,0,0
18926,1,1,1,1
18927,1,0,0,0
18928,1,1,0,0
18931,1,1,0,0
18932,1,1,0,0
18933,1,0,0,0
18936,1,0,0,0
18937,1,0,0,0
18938,1,1,0,0
18939,1,0,0,0
18940,1,0,0,0
18944,1,0,0,0
18945,1,0,0,0
18946,1,0,0,0
18950,1,0,0,0
18951,1,0,0,0
18953,1,1,0,0
18955,1,1,0,0
18958,1,1,1,1
18959,1,0,0,0
18960,1,0,0,0
18968,1,0,0,0
18970,1,1,1,0
18972,1,1,0,0
18975,1,1,1,1
18976,1,0,0,0
18977,1,1,1,0
18979,1,0,0,0
18981,1,1,1,1
18982,1,0,0,0
18983,1,0,0,0
18984,1,1,1,0
18985,1,0,0,0
18990,1,0,0,0
18992,1,1,1,0
18995,1,0,0,0
19000,0,\N,0,0
19004,1,1,1,0
19005,1,1,0,0
19006,1,0,0,0
19007,1,1,1,1
19012,1,1,0,0
19019,1,0,0,0
19021,1,0,0,0
19026,1,0,0,0
19027,1,0,0,0
19035,1,0,0,0
19036,1,0,0,0
19038,1,0,0,0
19039,1,0,0,0
19041,1,0,0,0
19042,1,0,0,0
19047,1,0,0,0
19050,1,1,1,1
19051,1,0,0,0
19052,1,0,0,0
19055,1,1,0,0
19056,1,1,0,0
19057,1,1,1,1
19068,1,0,0,0
19070,1,0,0,0
19071,1,1,0,0
19072,1,0,0,0
19076,1,1,0,0
19077,1,0,0,0
19078,1,0,0,0
19079,1,0,0,0
19084,1,1,0,0
19087,1,0,0,0
19088,1,0,0,0
19089,1,0,0,0
19091,0,\N,0,0
19093,1,0,0,0
19095,1,0,0,0
19100,1,0,0,0
19102,1,0,0,0
19103,1,0,0,0
19115,1,0,0,0
19118,1,0,0,0
19120,1,0,0,0
19124,1,0,0,0
19125,1,0,0,0
19126,1,1,1,1
19131,1,1,1,0
19135,1,1,0,0
19136,1,1,0,0
19137,1,0,0,0
19138,1,0,0,0
19140,1,0,0,0
19141,1,1,1,0
19145,1,0,0,0
19149,1,1,1,0
19151,1,0,0,0
19152,1,0,0,0
19153,1,1,0,0
19154,1,1,1,1
19156,1,0,0,0
19158,1,1,1,1
19160,1,1,0,0
19167,1,1,1,1
19169,1,0,0,0
19170,1,0,0,0
19173,1,1,0,0
19175,1,1,0,0
19176,1,0,0,0
19177,1,1,1,0
19179,1,1,1,1
19182,1,0,0,0
19185,1,1,1,0
19187,1,1,1,0
19190,1,0,0,0
19191,1,1,1,1
19192,1,1,0,0
19196,1,1,1,0
19197,1,0,0,0
19201,1,1,0,0
19202,1,0,0,0
19207,1,0,0,0
19210,1,0,0,0
19211,1,0,0,0
19214,1,0,0,0
19217,1,0,0,0
19219,1,0,0,0
19220,1,0,0,0
19222,1,0,0,0
19223,1,1,1,1
19226,1,0,0,0
19228,1,0,0,0
19229,1,1,0,0
19230,1,0,0,0
19232,1,0,0,0
19234,1,0,0,0
19235,1,0,0,0
19238,1,0,0,0
19239,1,0,0,0
19240,1,1,0,0
19242,1,0,0,0
19243,1,0,0,0
19244,1,1,0,0
19248,1,1,1,1
19254,1,0,0,0
19255,1,0,0,0
19256,1,0,0,0
19258,1,1,1,1
19259,1,0,0,0
19260,1,1,1,1
19265,1,0,0,0
19266,1,0,0,0
19268,1,1,1,1
19269,0,\N,1,1
19270,1,1,1,1
19276,1,0,0,0
19279,1,0,0,0
19280,1,1,1,1
19281,1,0,0,0
19283,1,1,1,0
19284,1,0,\N,0
19289,1,0,0,0
19290,1,0,0,0
19292,1,1,1,1
19297,1,0,0,0
19300,1,0,0,0
19302,1,0,0,0
19303,1,0,0,0
19306,1,0,0,0
19310,1,0,0,0
19313,1,0,0,0
19316,1,0,0,0
19317,1,0,0,0
19319,1,0,0,0
19320,1,0,\N,0
19321,1,1,0,0
19323,1,0,0,0
19328,1,0,0,0
19333,1,0,0,0
19342,1,1,1,1
19344,1,0,0,0
19345,1,0,0,0
19346,1,0,0,0
19348,1,0,0,0
19350,1,1,0,0
19351,1,0,0,0
19352,1,1,1,0
19353,1,0,0,0
19362,1,0,0,0
19365,1,0,0,0
19367,1,0,0,0
19369,1,1,1,0
19375,1,0,0,0
19376,1,1,1,1
19377,1,1,0,0
19379,0,\N,1,1
19380,1,1,1,1
19384,1,0,0,0
19385,1,0,0,0
19387,1,0,0,0
19390,1,0,0,0
19391,1,1,0,0
19392,1,0,0,0
19393,1,0,0,0
19398,1,0,0,0
19399,1,0,0,0
19402,1,1,0,0
19403,1,1,0,0
19404,1,0,0,0
19405,1,0,0,0
19408,1,1,1,0
19415,1,0,0,0
19416,1,0,0,0
19417,1,1,0,0
19423,1,1,1,1
19425,1,0,0,0
19428,1,0,0,0
19438,1,1,1,0
19442,1,0,0,0
19445,1,0,0,0
19448,1,1,0,0
19449,1,1,0,0
19453,1,1,1,0
19454,1,0,0,0
19455,1,1,1,1
19456,1,0,0,0
19458,1,1,0,0
19459,1,0,0,0
19462,1,1,0,0
19463,1,0,0,0
19465,1,0,0,0
19467,1,0,0,0
19468,1,1,1,0
19473,1,1,0,0
19475,1,0,0,0
19479,1,0,0,0
19484,1,1,1,1
19487,1,0,0,0
19495,1,0,0,0
19496,1,0,0,0
19498,1,1,0,0
19502,1,1,1,0
19504,1,1,0,0
19512,1,1,1,1
19514,1,1,0,0
19515,1,1,1,0
19518,1,0,0,0
19519,1,0,0,0
19521,1,0,0,0
19523,1,0,0,0
19527,1,0,0,0
19528,1,0,0,0
19530,1,1,1,1
19531,1,0,0,0
19539,1,1,1,1
19542,1,0,0,0
19545,1,0,0,0
19548,1,0,0,0
19549,1,1,0,0
19550,1,0,0,0
19553,1,0,0,0
19554,1,0,0,0
19557,1,0,0,0
19560,1,1,1,1
19561,1,1,1,1
19562,1,0,0,0
19564,1,1,1,0
19565,1,1,0,0
19570,1,1,1,1
19577,1,0,0,0
19578,1,1,0,0
19581,1,0,0,0
19582,1,0,0,0
19586,1,1,1,1
19587,1,0,0,0
19588,1,0,0,0
19591,1,0,0,0
19592,1,1,1,1
19593,1,0,0,0
19595,1,0,0,0
19598,1,1,1,1
19600,1,1,1,1
19602,1,0,0,0
19603,1,1,1,1
19604,1,0,0,0
19605,1,1,1,0
19608,1,0,0,0
19613,1,1,0,0
19615,1,0,0,0
19617,1,1,0,0
19618,1,0,0,0
19619,1,1,0,0
19622,1,0,\N,1
19627,1,0,0,0
19629,1,1,0,0
19630,1,0,0,0
19631,1,1,1,1
19632,1,1,0,0
19636,1,0,0,0
19638,1,0,0,0
19639,1,1,1,0
19640,1,1,1,1
19645,1,0,0,0
19646,1,0,0,0
19650,1,0,0,0
19660,1,0,0,0
19661,1,0,0,0
19662,1,1,0,0
19666,1,1,1,0
19672,1,0,0,0
19675,1,0,0,0
19676,1,0,0,0
19679,1,0,0,0
19681,1,1,1,1
19683,1,0,0,0
19685,1,1,1,1
19686,1,1,0,0
19688,1,1,1,0
19690,1,0,0,0
19691,1,1,0,0
19694,1,0,0,0
19702,1,0,0,0
19708,1,0,0,0
19715,1,0,0,0
19717,1,1,1,1
19723,1,1,0,0
19726,1,0,\N,0
19732,1,1,1,1
19733,1,1,1,1
19736,1,1,0,0
19738,1,0,0,0
19740,1,0,0,0
19741,1,0,0,0
19743,1,0,0,0
19750,1,1,0,0
19751,1,1,1,0
19754,1,0,0,0
19756,1,0,0,0
19759,0,\N,0,0
19761,1,0,0,0
19766,1,1,1,0
19768,1,0,0,0
19771,1,1,1,1
19774,1,0,0,0
19775,1,0,0,0
19776,1,1,0,0
19780,1,1,1,1
19783,0,\N,1,0
19785,1,0,0,0
19786,1,0,0,0
19787,1,1,1,1
19788,1,0,0,0
19789,1,0,0,0
19791,1,0,0,0
19793,0,\N,1,0
19794,1,0,0,0
19795,1,1,0,0
19799,1,0,0,0
19800,1,1,0,0
19802,1,0,0,0
19806,1,0,0,0
19807,1,0,0,0
19808,1,0,0,0
19810,1,1,0,0
19817,1,0,0,0
19819,1,1,1,1
19820,1,0,0,0
19824,1,0,0,0
19825,1,0,0,0
19827,1,0,0,0
19831,1,1,1,1
19838,1,0,0,0
19840,1,1,0,0
19841,1,0,0,0
19842,1,0,0,0
19844,1,0,0,0
19845,1,1,1,1
19846,1,0,\N,0
19848,1,1,1,1
19849,1,1,1,0
19850,1,1,1,1
19857,1,0,0,0
19858,1,0,0,0
19860,1,1,1,1
19862,0,\N,0,0
19863,1,0,0,0
19864,1,1,0,0
19865,1,0,0,0
19867,1,0,0,0
19876,1,0,0,0
19878,1,0,0,0
19880,1,0,0,0
19881,1,1,1,0
19883,1,0,0,0
19884,1,0,0,0
19886,0,\N,1,0
19892,1,1,1,0
19895,1,0,0,0
19897,1,0,0,0
19901,1,0,0,0
19906,0,\N,1,1
19907,1,0,0,0
19909,1,0,0,0
19910,1,0,0,0
19911,1,1,0,0
19914,1,0,0,0
19915,1,1,1,0
19917,1,0,0,0
19920,1,0,0,0
19922,1,0,0,0
19924,1,1,1,0
19926,1,1,1,0
19929,1,0,0,0
19931,1,1,0,0
19932,1,1,0,0
19933,1,0,0,0
19934,1,0,0,0
19938,1,1,1,0
19940,1,1,0,0
19942,1,1,1,0
19943,1,1,0,0
19945,0,\N,0,0
19948,1,0,0,0
19954,1,0,0,0
19957,1,0,0,0
19958,1,1,1,1
19959,1,0,0,0
19960,1,0,0,0
19962,1,0,0,0
19964,1,0,0,0
19968,1,0,0,0
19970,1,1,1,1
19974,1,0,0,0
19977,1,0,0,0
19983,1,0,0,0
19987,1,0,0,0
19989,1,0,0,0
19993,1,1,1,0
19994,1,0,0,0
19996,1,1,0,0
20000,1,1,1,1
20001,1,0,0,0
20003,1,0,0,0
20004,1,1,1,1
20009,1,0,0,0
20010,1,0,0,0
20013,1,0,0,0
20015,1,0,0,0
20017,1,0,0,0
20023,1,0,0,0
20024,1,1,0,\N
20025,1,0,0,0
20027,1,0,0,0
20030,1,0,0,0
20031,1,0,0,0
20035,1,1,0,\N
20036,1,1,0,0
20038,1,1,1,1
20039,1,1,1,0
20040,1,0,0,0
20042,1,1,1,1
20044,1,1,1,0
20046,1,0,0,0
20048,1,0,0,0
20053,1,1,0,0
20054,1,0,0,0
20056,1,0,0,0
20060,1,0,0,0
20062,1,0,0,0
20063,1,0,0,0
20065,1,1,1,0
20066,1,0,0,0
20070,1,0,0,0
20071,1,0,0,0
20072,1,1,0,0
20073,1,0,0,0
20076,1,0,0,0
20079,1,0,0,0
20090,1,0,0,0
20091,1,0,0,0
20092,1,0,0,0
20093,1,0,0,0
20095,1,0,0,0
20098,1,1,0,0
20099,1,0,0,0
20109,1,1,0,0
20112,1,0,0,0
20113,1,1,1,0
20119,1,0,0,0
20121,1,0,0,0
20122,1,1,1,1
20123,1,1,0,\N
20129,1,0,0,0
20130,1,0,0,0
20133,1,1,0,0
20135,1,0,0,0
20138,1,0,0,0
20143,1,0,0,0
20144,1,0,0,0
20145,1,0,0,0
20147,1,1,1,0
20148,1,0,0,0
20151,1,0,0,0
20153,1,0,0,0
20155,1,0,0,0
20158,1,0,0,0
20161,1,0,0,0
20164,1,0,0,0
20169,1,0,0,0
20170,1,0,0,0
20171,1,1,1,0
20175,1,0,0,0
20178,1,0,0,0
20179,1,0,0,0
20183,1,1,1,0
20185,1,0,0,0
20186,1,1,1,0
20188,1,0,0,0
20190,1,0,0,0
20194,1,0,0,0
20195,1,0,0,0
20197,1,0,0,0
20198,1,1,1,0
20203,1,0,0,0
20207,1,0,0,0
20209,1,1,0,0
20210,1,1,0,0
20213,1,1,0,0
20215,1,0,0,0
20216,1,1,0,0
20219,1,0,0,0
20222,1,0,0,0
20223,1,0,0,0
20224,1,1,1,1
20230,1,1,0,0
20235,1,1,1,0
20237,1,0,0,0
20238,1,0,0,0
20249,1,1,0,0
20251,1,0,0,0
20252,0,\N,1,1
20253,1,0,0,0
20254,1,0,0,0
20258,1,0,0,0
20261,1,0,0,0
20262,1,0,0,0
20267,1,0,0,0
20270,1,1,0,0
20271,1,0,0,0
20273,1,0,0,0
20275,1,1,0,0
20278,0,\N,1,1
20279,1,1,0,0
20281,1,1,1,1
20283,1,1,0,0
20284,1,0,0,0
20285,1,1,1,0
20287,1,1,0,0
20288,1,0,0,0
20292,1,0,0,0
20294,1,0,0,0
20295,1,0,0,0
20296,1,1,1,1
20298,1,0,0,0
20300,1,0,0,0
20301,1,0,0,0
20302,0,\N,1,1
20303,1,0,0,0
20306,1,0,0,0
20308,1,1,1,1
20309,1,0,0,0
20313,1,1,1,1
20321,1,1,1,0
20327,1,1,0,0
20329,1,0,0,0
20330,1,1,0,0
20332,1,0,0,0
20333,1,0,0,0
20340,1,1,1,0
20345,1,1,1,1
20346,1,0,0,0
20347,1,1,1,0
20349,1,1,0,0
20358,1,1,0,0
20361,1,1,0,0
20363,1,0,0,0
20366,1,1,0,0
20373,1,0,0,0
20374,1,0,0,0
20377,1,0,0,0
20378,1,0,0,0
20379,1,1,1,0
20381,1,0,0,0
20382,1,0,0,0
20383,1,0,0,0
20388,1,0,0,0
20391,1,0,0,0
20396,1,0,0,0
20398,1,1,1,0
20399,1,0,0,0
20400,1,0,0,0
20401,1,0,0,0
20403,1,0,0,0
20405,1,0,0,0
20408,1,0,0,0
20409,1,0,0,0
20410,1,0,0,0
20411,1,0,0,0
20412,1,0,0,0
20415,1,1,0,0
20418,1,1,0,0
20429,1,1,0,0
20430,1,1,1,1
20432,1,1,1,1
20435,1,1,1,1
20436,1,0,0,0
20437,1,1,1,1
20439,1,1,0,0
20440,1,1,0,0
20443,1,0,0,0
20447,1,0,0,0
20450,1,1,1,1
20451,1,0,0,0
20452,1,1,0,0
20453,1,1,1,0
20457,1,0,0,0
20458,1,0,0,0
20459,1,0,0,0
20460,1,0,0,0
20462,1,0,0,0
20465,1,0,0,0
20466,1,0,0,0
20469,1,0,0,0
20471,1,0,0,0
20472,1,1,1,1
20481,1,0,0,0
20484,1,0,0,0
20485,1,0,0,0
20488,1,1,1,1
20489,1,1,1,1
20490,1,0,0,0
20496,1,0,0,0
20499,1,0,0,0
20500,1,1,1,0
20501,1,0,0,0
20502,1,0,0,0
20503,1,1,1,0
20504,1,0,0,0
20507,1,1,0,0
20508,1,0,0,0
20509,1,0,0,0
20512,1,0,0,0
20513,1,0,0,0
20518,1,1,1,0
20522,1,0,0,0
20523,1,0,0,0
20528,1,0,0,0
20529,1,1,1,0
20530,1,0,0,0
20532,1,1,0,0
20534,1,0,0,0
20535,1,1,0,0
20538,1,1,1,0
20541,1,0,0,0
20544,1,0,0,0
20547,1,0,0,0
20549,1,1,0,0
20552,1,0,0,0
20553,1,0,0,0
20560,1,0,0,0
20565,1,0,0,0
20567,1,1,1,0
20568,1,0,0,0
20574,1,1,0,0
20575,1,0,0,0
20578,1,0,0,0
20581,1,1,0,0
20583,1,1,1,1
20584,1,1,1,1
20586,1,1,0,0
20587,1,0,0,0
20588,1,0,0,0
20592,1,1,0,0
20595,1,0,\N,0
20597,1,0,0,0
20598,1,0,0,0
20603,1,0,0,0
20607,1,1,1,1
20608,1,0,0,0
20612,1,0,0,0
20616,1,0,0,0
20620,1,0,0,0
20621,1,0,0,0
20623,1,0,0,0
20625,1,0,0,0
20626,1,0,0,0
20628,1,0,0,0
20631,1,0,0,0
20633,1,0,0,0
20635,1,1,1,1
20637,1,0,0,0
20638,1,1,1,1
20639,1,0,0,0
20641,1,0,0,0
20646,1,0,0,0
20651,1,0,0,0
20652,1,1,1,0
20655,1,1,0,0
20663,1,1,1,0
20664,1,0,0,0
20666,1,1,1,1
20669,1,1,1,1
20670,1,0,0,0
20671,1,1,0,0
20674,1,1,1,0
20675,1,0,0,0
20679,1,0,0,0
20682,1,0,0,0
20686,1,0,0,0
20687,1,0,\N,0
20691,1,0,0,0
20697,1,1,1,0
20704,1,0,0,0
20706,1,0,0,0
20707,1,1,0,0
20708,1,0,0,0
20709,1,0,0,0
20713,1,0,0,0
20714,1,1,1,1
20716,1,1,0,\N
20717,1,0,0,0
20719,1,0,0,0
20720,1,0,0,0
20725,1,1,0,0
20727,1,0,0,0
20728,1,0,0,0
20730,0,\N,1,1
20732,1,0,0,0
20734,1,1,1,0
20735,1,1,0,0
20738,1,0,0,0
20740,1,1,0,0
20741,1,1,1,0
20742,1,1,0,0
20743,1,0,0,0
20747,1,0,0,0
20750,1,0,0,0
20751,1,0,0,0
20753,1,1,1,0
20754,1,1,1,1
20756,1,0,0,0
20760,1,1,1,1
20766,1,0,0,0
20767,1,0,0,0
20768,1,1,0,0
20769,1,0,0,0
20770,1,0,0,0
20773,1,0,0,0
20777,1,1,0,0
20778,1,0,0,0
20779,1,0,0,0
20788,1,1,0,0
20789,1,1,0,0
20790,1,1,0,0
20791,1,0,0,0
20792,1,0,0,0
20797,1,0,0,0
20805,1,1,1,1
20806,1,0,0,0
20807,1,1,1,1
20808,1,0,0,0
20810,1,1,1,0
20811,0,\N,1,0
20813,1,0,0,0
20816,1,1,1,0
20817,1,0,0,0
20819,1,1,1,0
20825,1,0,0,0
20827,1,0,0,0
20829,1,0,0,0
20831,1,0,0,0
20833,1,1,1,0
20836,1,0,0,0
20837,1,1,0,0
20838,1,0,0,0
20844,1,0,0,0
20848,1,0,0,0
20852,1,0,0,0
20862,1,0,0,0
20866,1,0,0,0
20868,1,1,1,1
20872,1,1,1,0
20877,1,0,0,0
20879,1,0,0,0
20880,1,0,0,0
20881,1,0,0,0
20886,1,0,0,0
20887,1,0,0,0
20894,1,0,0,0
20897,1,0,0,0
20898,1,0,0,0
20899,1,0,0,0
20900,1,0,0,0
20902,1,0,0,0
20904,1,0,0,0
20905,1,0,0,0
20906,1,1,1,0
20907,1,0,0,0
20909,1,0,0,0
20913,1,0,0,0
20914,1,0,0,0
20919,1,0,0,0
20920,1,1,1,1
20922,1,0,0,0
20923,1,0,0,0
20924,1,0,0,0
20925,1,0,0,0
20926,1,1,0,0
20928,1,0,0,0
20930,1,0,0,0
20931,1,0,0,0
20937,1,0,0,0
20938,1,0,0,0
20941,1,0,0,0
20942,1,0,0,0
20943,1,0,0,0
20945,1,0,0,0
20948,1,0,0,0
20949,1,1,0,0
20951,1,0,0,0
20954,1,1,0,0
20956,1,0,0,0
20957,1,0,0,0
20959,1,0,0,0
20961,1,1,1,1
20965,1,0,0,0
20966,1,0,0,0
20969,1,0,0,0
20974,1,0,0,0
20977,1,0,0,0
20979,1,0,0,0
20983,1,0,0,0
20985,0,\N,0,0
20990,1,0,0,0
20992,1,0,0,0
20997,1,0,0,0
20998,1,1,0,0
21000,1,0,0,0
21001,1,0,0,0
21002,1,1,0,0
21003,1,0,0,0
21004,1,1,0,0
21005,1,0,0,0
21008,1,0,0,0
21010,1,0,0,0
21012,1,1,0,0
21013,1,0,0,0
21014,1,0,0,0
21016,1,0,0,0
21018,1,1,0,0
21021,1,1,1,0
21023,1,0,0,0
21026,1,0,0,0
21028,1,0,0,0
21031,1,1,1,0
21038,1,0,0,0
21039,1,1,1,0
21045,1,0,0,0
21046,1,0,0,0
21048,1,0,0,0
21049,1,1,0,\N
21054,1,1,0,0
21059,1,0,0,0
21066,1,1,0,0
21073,1,0,\N,1
21075,1,1,0,0
21076,1,1,1,0
21079,1,1,0,0
21082,1,0,0,0
21083,1,0,0,0
21084,1,0,0,0
21085,1,0,0,0
21087,1,0,0,0
21089,1,0,0,0
21096,1,1,0,0
21097,1,1,0,0
21101,1,1,1,0
21104,1,1,0,0
21105,1,0,0,0
21108,1,1,1,1
21110,1,0,0,0
21111,1,0,0,0
21112,1,1,1,1
21114,1,1,0,0
21116,1,1,0,0
21118,1,0,0,0
21120,1,1,1,0
21122,1,0,0,0
21124,1,1,0,0
21125,1,0,0,0
21128,1,0,0,0
21132,1,0,0,0
21133,1,0,0,0
21135,1,0,0,0
21136,1,1,0,0
21137,1,0,\N,1
21140,1,1,1,1
21150,1,1,1,0
21151,1,0,0,0
21152,1,0,0,0
21154,1,0,0,0
21157,1,0,0,0
21159,1,1,1,0
21161,1,0,0,0
21163,1,0,0,0
21164,1,1,0,0
21165,1,0,0,0
21166,1,0,0,0
21172,1,0,0,0
21173,1,1,1,1
21175,1,0,0,0
21177,1,0,0,0
21185,1,0,0,0
21186,1,0,0,0
21190,1,1,1,0
21194,1,0,0,0
21195,0,\N,0,0
21201,1,1,0,0
21202,1,1,1,0
21203,1,0,0,0
21211,1,0,0,0
21213,1,0,0,0
21217,1,0,0,0
21221,1,0,0,0
21222,1,0,0,0
21223,1,0,0,0
21225,1,0,0,0
21226,1,0,0,0
21228,1,1,1,1
21233,1,1,1,1
21239,1,0,0,0
21240,1,1,1,0
21245,1,0,0,0
21246,1,0,0,0
21249,1,0,0,0
21251,1,0,0,0
21264,1,1,1,0
21265,1,0,0,0
21268,1,0,0,0
21269,1,1,0,0
21270,1,1,0,0
21272,1,1,1,1
21273,1,0,0,0
21275,1,0,0,0
21277,1,0,0,0
21292,1,0,0,0
21294,1,1,0,0
21304,1,1,1,1
21307,1,1,1,1
21308,1,0,0,0
21313,1,1,0,0
21314,1,0,0,0
21316,1,0,0,0
21318,1,1,0,0
21320,1,1,1,1
21322,1,0,0,0
21324,1,0,0,0
21325,1,0,0,0
21327,1,1,1,1
21328,1,1,0,0
21336,1,0,0,0
21337,1,0,0,0
21339,1,1,1,1
21341,1,1,0,0
21344,1,0,0,0
21347,1,1,1,0
21348,1,0,0,0
21349,1,0,0,0
21351,1,1,0,0
21352,1,0,0,0
21354,1,0,0,0
21355,1,0,0,0
21357,1,0,\N,0
21359,1,0,0,0
21366,1,0,0,0
21368,1,1,0,0
21371,1,1,1,1
21375,1,0,0,0
21376,1,1,0,0
21377,1,0,0,0
21378,1,1,0,0
21382,1,1,0,0
21386,1,0,0,0
21388,1,0,0,0
21391,1,1,0,0
21395,1,0,0,0
21400,1,1,1,0
21401,1,0,0,0
21402,1,1,0,0
21403,1,0,0,0
21407,1,1,0,0
21408,1,0,0,0
21409,1,1,0,0
21412,1,1,1,1
21417,1,0,0,0
21425,1,0,0,0
21426,1,0,0,0
21427,1,1,1,0
21429,1,1,0,0
21433,1,0,0,0
21434,1,0,0,0
21436,1,1,0,0
21437,1,1,1,0
21439,1,0,0,0
21440,1,0,0,0
21443,1,0,0,0
21446,1,0,0,0
21448,1,0,0,0
21452,1,1,1,1
21455,0,\N,1,1
21456,1,0,0,0
21458,1,0,0,0
21459,1,1,0,0
21461,1,1,1,1
21474,1,1,0,0
21476,1,0,0,0
21477,1,1,1,0
21478,1,1,0,0
21483,1,1,0,0
21485,1,0,0,0
21486,0,\N,1,1
21488,1,0,0,0
21489,1,1,0,0
21495,1,0,0,0
21497,1,1,1,0
21499,1,0,0,0
21500,1,1,0,0
21503,1,0,0,0
21504,1,0,0,0
21512,1,0,0,0
21522,1,0,0,0
21526,1,1,1,0
21527,1,0,0,0
21528,1,1,1,0
21532,1,0,0,0
21533,1,0,0,0
21546,1,1,1,0
21547,1,0,0,0
21550,1,0,\N,1
21552,1,0,0,0
21554,0,\N,0,0
21556,1,0,0,0
21557,1,0,0,0
21560,1,1,1,1
21563,1,0,0,0
21570,1,1,1,1
21574,1,0,0,0
21575,1,1,0,0
21576,1,1,1,0
21582,1,1,1,0
21583,1,1,0,0
21589,1,1,0,0
21595,1,0,0,0
21597,1,1,0,0
21604,1,0,0,0
21606,1,0,0,0
21608,1,0,0,0
21611,1,1,0,0
21615,1,1,1,0
21616,1,1,1,0
21619,1,0,0,0
21620,1,0,0,0
21622,1,0,0,0
21625,1,0,0,0
21626,1,1,1,1
21628,1,1,1,1
21629,1,0,0,0
21630,1,1,0,0
21631,1,1,0,0
21633,1,0,0,0
21636,1,0,0,0
21639,1,0,0,0
21641,1,0,0,0
21646,1,0,0,0
21652,1,1,1,0
21656,1,0,0,0
21657,1,0,0,0
21660,1,0,0,0
21662,1,0,0,0
21665,1,0,0,0
21666,1,0,\N,1
21667,1,0,0,0
21669,1,0,0,0
21675,1,1,0,0
21676,1,0,0,0
21682,1,0,0,0
21683,1,0,0,0
21687,0,\N,0,0
21697,1,0,0,0
21704,1,0,0,0
21709,1,1,0,0
21712,1,0,0,0
21713,1,1,1,0
21714,1,0,\N,0
21719,1,0,0,0
21723,1,0,0,0
21724,1,0,0,0
21725,1,1,0,0
21726,1,1,1,1
21727,1,0,0,0
21728,1,0,0,0
21729,1,1,1,1
21735,1,1,1,0
21736,1,1,0,0
21738,1,1,0,0
21739,1,0,\N,1
21740,1,0,0,0
21741,1,0,0,0
21742,1,0,0,0
21743,1,1,1,1
21745,1,0,0,0
21746,1,1,1,1
21749,1,1,0,0
21751,1,0,0,0
21753,1,1,1,0
21763,1,1,1,0
21765,1,0,0,0
21766,1,1,0,0
21767,1,0,0,0
21772,1,1,0,0
21773,1,0,0,0
21774,1,0,0,0
21775,1,1,1,0
21776,1,0,0,0
21777,1,0,0,0
21778,1,0,0,0
21779,1,0,0,0
21780,1,0,0,0
21782,1,0,0,0
21784,1,0,0,0
21786,1,0,0,0
21789,1,1,1,0
21791,1,0,0,0
21793,1,1,1,1
21795,1,1,0,0
21798,1,0,0,0
21799,1,1,1,0
21801,1,0,0,0
21804,1,0,0,0
21806,1,1,1,1
21809,1,1,0,0
21810,1,0,0,0
21811,1,0,0,0
21812,1,1,1,1
21813,1,1,1,1
21814,1,1,1,1
21815,1,0,\N,0
21816,1,1,1,1
21817,1,0,0,0
21819,1,0,0,0
21820,1,0,0,0
21821,1,0,0,0
21823,1,1,1,1
21824,1,1,0,0
21826,1,1,1,0
21832,1,1,1,1
21834,1,0,0,0
21837,1,1,0,0
21838,1,0,0,0
21839,1,0,0,0
21843,1,0,0,0
21844,1,0,0,0
21847,1,0,0,0
21848,1,0,0,0
21851,1,1,1,0
21855,1,1,1,1
21860,1,1,1,0
21863,1,0,0,0
21864,1,0,0,0
21866,1,1,0,0
21867,1,0,0,0
21868,1,0,0,0
21871,1,0,0,0
21873,1,1,0,0
21880,1,0,0,0
21882,1,0,0,0
21883,1,1,1,0
21886,1,0,0,0
21888,1,0,0,0
21891,1,0,0,0
21893,1,0,0,0
21900,1,1,1,0
21901,1,1,0,0
21902,1,0,0,0
21903,1,1,1,1
21905,1,1,0,0
21907,1,1,0,0
21909,1,0,0,0
21910,1,0,0,0
21913,1,0,0,0
21916,1,0,0,0
21917,1,1,0,0
21921,1,1,1,1
21926,1,0,0,0
21933,1,0,0,0
21934,1,0,0,0
21938,1,0,0,0
21939,1,1,0,0
21941,1,1,1,1
21945,1,0,0,0
21947,1,1,1,0
21949,1,0,0,0
21952,1,1,1,0
21954,1,0,0,0
21956,1,0,0,0
21957,1,0,0,0
21958,1,0,0,0
21961,1,0,0,0
21962,1,0,0,0
21963,1,0,0,0
21965,1,1,0,0
21966,1,0,\N,0
21967,1,1,0,0
21970,1,0,0,0
21971,1,0,0,0
21972,1,0,0,0
21973,1,1,0,0
21974,1,1,1,1
21977,0,\N,1,0
21981,1,1,0,0
21982,1,0,0,0
21984,1,1,1,0
21996,1,0,0,0
22001,1,1,0,0
22002,1,0,0,0
22011,1,1,0,0
22012,1,1,0,0
22013,0,\N,0,0
22014,1,0,0,0
22015,1,0,0,0
22019,1,0,0,0
22022,1,1,1,1
22023,1,0,0,0
22024,1,0,0,0
22027,1,0,0,0
22028,1,0,0,0
22029,1,1,1,0
22031,1,0,0,0
22032,1,1,1,1
22033,1,0,0,0
22034,1,1,0,0
22035,1,0,\N,0
22036,1,1,0,0
22043,1,1,0,0
22046,1,1,1,0
22050,1,0,0,0
22052,1,1,1,1
22054,1,0,0,0
22058,1,0,0,0
22060,1,0,0,0
22062,1,1,1,0
22063,1,0,0,0
22064,1,0,0,0
22069,1,1,0,0
22071,1,0,0,0
22074,1,0,0,0
22076,1,0,0,0
22079,1,0,0,0
22080,1,0,0,0
22081,1,0,0,0
22082,1,1,0,0
22087,1,0,0,0
22091,1,1,1,0
22095,1,0,0,0
22098,1,0,0,0
22099,1,0,0,0
22100,1,1,0,0
22104,1,1,1,1
22106,1,1,1,1
22112,1,1,0,0
22114,1,1,0,0
22116,1,0,0,0
22118,1,1,0,0
22124,1,1,1,0
22125,1,0,0,0
22128,1,1,0,0
22131,1,0,0,0
22132,1,1,0,0
22135,1,0,0,0
22142,1,1,0,0
22144,1,0,0,0
22145,1,0,0,0
22146,1,0,0,0
22147,1,1,0,0
22152,1,0,0,0
22160,1,0,0,0
22162,1,1,1,0
22164,1,0,0,0
22168,1,0,0,0
22169,1,1,1,1
22170,1,0,0,0
22175,1,0,0,0
22177,1,0,0,0
22181,1,0,0,0
22186,1,1,0,0
22187,1,1,1,0
22191,1,1,1,0
22193,1,0,0,0
22195,1,0,0,0
22199,1,1,1,0
22201,1,1,0,0
22202,1,0,0,0
22205,1,1,0,0
22206,1,1,1,1
22208,1,1,0,0
22209,1,1,1,1
22212,1,1,0,0
22214,1,0,0,0
22215,1,1,1,1
22216,1,1,0,0
22219,1,0,0,0
22223,1,0,0,0
22226,1,0,0,0
22228,1,0,0,0
22231,1,1,0,0
22235,1,0,0,0
22239,1,0,0,0
22240,1,1,0,0
22241,1,0,0,0
22242,1,0,0,0
22244,1,0,0,0
22246,1,1,0,0
22247,1,0,0,0
22252,1,0,0,0
22254,1,0,0,0
22257,1,0,0,0
22258,1,1,1,0
22261,1,0,0,0
22265,1,1,1,0
22269,1,0,0,0
22276,1,0,0,0
22278,1,0,0,0
22280,1,1,1,0
22282,1,0,0,0
22287,1,1,0,0
22288,1,0,0,0
22292,1,0,0,0
22293,1,0,0,0
22294,1,0,0,0
22295,1,0,0,0
22296,1,1,0,0
22299,1,1,1,0
22301,1,0,0,0
22308,1,0,0,0
22310,1,0,0,0
22312,1,0,\N,0
22313,1,0,0,0
22315,1,1,0,0
22316,1,0,0,0
22317,1,1,0,0
22319,1,0,0,0
22320,1,1,1,1
22322,1,1,0,0
22323,1,0,0,0
22326,1,1,0,0
22328,1,0,0,0
22329,1,0,0,0
22330,1,0,0,0
22331,1,0,0,0
22332,1,1,0,0
22333,1,0,0,0
22337,1,0,0,0
22338,1,1,1,1
22341,1,1,1,1
22342,1,0,0,0
22346,1,0,0,0
22347,1,1,0,0
22348,1,1,1,1
22352,1,0,0,0
22356,1,1,0,0
22359,1,0,0,0
22368,1,1,0,0
22371,1,1,0,0
22373,1,0,0,0
22376,1,0,0,0
22379,1,1,0,0
22380,1,0,0,0
22381,1,0,0,0
22382,1,0,0,0
22384,1,1,1,1
22385,1,1,1,0
22389,1,0,0,0
22392,1,1,1,1
22393,1,0,0,0
22395,1,1,1,1
22401,1,1,1,1
22413,1,0,0,0
22416,1,0,0,0
22419,1,0,0,\N
22424,1,0,0,0
22425,1,0,0,0
22432,1,0,0,0
22435,0,\N,0,\N
22437,1,0,0,0
22438,1,0,0,0
22439,1,1,0,0
22443,1,1,1,0
22444,1,0,0,0
22447,1,1,1,0
22448,1,0,0,0
22449,1,0,0,0
22451,1,0,0,0
22452,1,0,0,0
22455,1,0,0,0
22460,1,0,0,0
22461,1,1,1,0
22465,1,0,0,0
22466,1,0,0,0
22469,1,0,0,0
22471,0,\N,0,0
22472,1,0,0,0
22476,1,0,0,0
22478,1,0,0,0
22479,1,0,0,0
22484,1,1,1,0
22487,1,1,1,1
22488,1,1,1,0
22494,1,0,0,0
22497,1,1,1,0
22499,1,0,0,0
22504,1,0,0,0
22507,1,0,0,0
22508,1,1,1,1
22511,1,0,0,0
22512,1,0,0,0
22513,1,0,0,0
22517,1,1,0,0
22518,1,0,0,0
22521,1,0,0,0
22522,1,0,0,0
22525,1,1,0,0
22526,1,0,0,0
22528,1,1,1,0
22533,1,0,0,0
22539,1,0,0,0
22541,1,0,0,0
22543,1,0,0,0
22544,1,0,0,0
22547,1,0,0,0
22548,1,1,1,1
22549,1,1,0,\N
22551,1,1,1,1
22553,1,1,1,1
22554,1,0,0,0
22555,1,0,0,0
22557,1,0,0,0
22559,1,0,0,0
22561,1,0,0,0
22562,1,0,0,0
22564,0,\N,0,0
22568,1,0,0,0
22573,1,0,0,0
22575,1,1,1,0
22577,1,1,1,1
22578,0,\N,0,0
22579,1,1,1,1
22582,1,0,0,0
22587,1,1,0,0
22588,1,1,1,0
22590,1,1,1,1
22593,1,0,0,0
22594,1,1,0,0
22595,1,0,0,0
22596,1,1,0,0
22597,1,1,1,0
22598,1,1,0,0
22599,1,0,0,0
22600,1,0,0,0
22602,1,1,1,1
22603,1,0,0,0
22604,1,1,0,0
22612,1,0,\N,1
22617,1,0,0,0
22618,1,0,0,0
22620,1,0,0,0
22621,1,0,0,0
22623,1,1,1,1
22625,1,0,0,0
22626,1,0,0,0
22627,1,1,0,0
22643,1,0,0,0
22649,1,1,1,0
22651,1,0,0,0
22654,1,0,0,0
22655,1,0,0,0
22656,1,0,0,0
22658,1,1,1,0
22660,1,0,0,0
22661,1,1,1,1
22662,1,0,0,0
22664,1,0,0,0
22666,1,0,0,0
22670,1,1,0,0
22671,1,0,0,0
22675,1,1,0,0
22676,1,0,0,0
22677,1,1,1,0
22679,0,\N,1,0
22681,1,1,1,1
22682,1,1,1,1
22690,1,0,0,0
22692,1,0,0,0
22693,1,1,1,0
22695,1,1,1,0
22698,1,0,0,0
22705,1,1,0,0
22707,1,1,1,0
22710,1,1,0,0
22711,1,1,0,0
22713,1,1,0,0
22715,1,0,0,0
22716,1,0,0,0
22717,1,0,0,0
22718,1,0,0,0
22719,1,0,0,0
22725,1,1,1,1
22728,1,0,0,0
22729,1,0,0,0
22730,1,0,0,0
22731,1,1,0,0
22732,1,1,0,0
22737,0,\N,1,0
22738,1,0,0,0
22743,1,0,0,0
22744,1,1,0,0
22745,1,0,0,0
22748,0,\N,0,0
22755,1,0,0,0
22756,1,1,0,0
22759,1,0,0,0
22765,1,0,0,0
22769,1,0,0,0
22770,1,0,0,0
22772,1,1,1,1
22773,1,0,0,0
22782,1,0,0,0
22784,1,1,0,0
22791,1,0,0,0
22796,1,0,0,0
22798,1,0,0,0
22800,1,0,0,0
22801,1,0,0,0
22803,1,1,1,1
22806,1,0,0,0
22807,1,0,0,0
22814,1,0,0,0
22818,1,0,0,0
22819,1,0,0,0
22821,1,1,1,0
22824,1,1,0,0
22827,1,0,0,0
22828,1,0,0,0
22829,1,1,1,0
22830,1,1,1,1
22834,1,0,0,0
22837,1,0,0,0
22840,1,0,0,0
22842,1,0,0,0
22843,1,1,0,0
22844,1,0,0,0
22847,1,0,0,0
22850,1,0,0,0
22852,1,0,0,0
22853,1,0,0,0
22856,1,0,0,0
22857,1,1,0,0
22860,1,0,0,0
22861,1,0,0,0
22865,1,0,0,0
22868,1,0,0,0
22869,1,0,0,0
22872,1,1,1,0
22877,1,0,0,0
22879,1,0,0,0
22881,1,0,0,0
22883,1,0,0,0
22887,1,1,0,0
22892,1,1,1,1
22893,1,0,0,0
22894,1,0,0,0
22900,1,0,0,0
22903,1,0,0,0
22905,1,0,0,0
22907,1,0,0,0
22913,1,1,1,1
22916,1,1,1,0
22918,1,1,1,1
22923,1,0,0,0
22924,1,0,0,0
22931,1,1,1,0
22932,1,0,0,0
22934,1,0,0,0
22936,1,0,0,0
22940,1,0,0,0
22942,0,\N,1,1
22945,1,0,0,0
22946,1,1,0,0
22950,1,0,0,0
22952,1,0,0,0
22961,1,0,0,0
22962,1,0,0,0
22968,1,0,0,0
22969,1,0,0,0
22971,1,0,0,0
22977,1,0,0,0
22978,1,0,0,0
22979,1,1,1,0
22980,1,0,0,0
22983,1,0,0,0
22985,1,1,1,1
22986,1,0,0,0
22988,1,1,1,1
22989,1,0,0,0
22991,1,0,0,0
22992,1,0,0,0
22994,1,0,\N,1
22995,1,0,0,0
22997,1,1,0,0
22998,1,0,0,0
22999,1,0,0,0
23001,1,1,1,0
23003,1,0,0,0
23009,1,1,1,1
23011,1,0,0,0
23012,1,0,0,0
23014,1,1,0,0
23021,1,0,0,0
23022,1,0,0,0
23024,1,0,0,0
23036,1,0,0,0
23039,1,1,0,0
23040,1,1,0,0
23042,1,0,0,0
23045,1,0,0,0
23053,1,0,0,0
23054,1,0,0,0
23058,1,0,0,0
23064,1,0,0,0
23067,1,1,1,1
23076,1,0,0,0
23078,1,1,0,0
23081,1,1,0,0
23086,1,0,0,0
23087,1,0,0,0
23088,1,0,0,0
23091,1,1,1,0
23094,1,1,1,1
23096,1,0,0,0
23098,1,1,1,1
23099,1,1,1,1
23103,1,1,1,0
23105,1,0,0,0
23106,1,0,0,0
23112,1,1,0,0
23120,1,0,0,0
23122,1,1,0,\N
23127,1,0,0,0
23129,1,0,0,0
23133,1,1,0,0
23136,1,0,0,0
23137,1,0,0,0
23139,1,1,0,0
23140,1,0,0,0
23141,1,0,0,0
23142,1,1,1,1
23143,1,1,0,0
23144,1,0,0,0
23149,1,1,0,0
23150,1,0,0,0
23151,1,0,0,0
23153,1,0,0,0
23156,1,0,0,0
23157,1,0,0,0
23158,1,1,0,\N
23165,1,0,0,0
23166,1,0,0,0
23172,1,0,0,0
23177,1,1,0,0
23178,1,0,0,0
23181,1,0,0,0
23182,1,0,0,0
23187,1,1,0,0
23190,1,0,0,0
23192,1,1,0,0
23196,1,1,1,0
23198,1,0,0,0
23199,1,0,0,0
23201,1,0,0,0
23202,1,0,0,0
23203,1,1,1,1
23204,1,0,0,0
23205,1,1,1,1
23208,1,0,0,0
23210,1,0,0,0
23213,1,1,1,1
23216,1,1,1,0
23217,1,0,0,0
23220,1,1,0,0
23226,1,1,1,0
23229,1,0,0,0
23233,1,0,0,0
23239,1,0,0,0
23243,1,1,0,0
23247,1,0,0,0
23249,1,1,1,0
23250,1,0,0,0
23251,1,0,0,0
23253,1,0,0,0
23254,1,0,0,0
23255,1,0,0,0
23262,1,1,1,1
23263,1,1,1,0
23264,1,1,0,0
23266,1,1,0,0
23267,1,0,\N,1
23270,1,0,0,0
23271,1,0,0,0
23272,1,1,1,1
23273,1,1,0,0
23274,1,0,0,0
23276,0,\N,1,0
23278,1,0,0,0
23281,1,1,0,0
23286,1,0,0,0
23288,1,0,0,0
23290,1,0,0,0
23294,1,0,\N,0
23296,1,1,0,0
23300,1,0,0,0
23301,1,0,\N,1
23302,1,1,1,0
23306,1,0,0,0
23308,1,1,0,0
23309,1,0,0,0
23310,1,0,0,0
23324,1,0,0,0
23327,1,1,0,0
23329,1,0,0,0
23331,1,0,0,0
23334,1,0,0,0
23337,1,1,1,1
23339,1,0,0,0
23340,1,0,0,0
23343,1,1,0,0
23345,1,0,0,0
23346,1,1,1,1
23348,1,1,0,0
23351,1,0,0,0
23352,1,1,0,0
23353,0,\N,0,0
23355,1,0,0,0
23362,1,0,0,0
23364,1,0,0,0
23367,1,0,0,0
23370,1,0,0,0
23371,1,0,0,0
23372,1,1,1,1
23375,1,1,1,1
23376,1,1,1,0
23377,1,1,0,0
23379,1,0,0,0
23385,1,0,0,0
23387,1,1,1,0
23389,1,0,0,0
23390,1,0,0,0
23392,1,0,0,0
23394,1,1,1,0
23397,1,0,0,0
23400,1,0,0,0
23401,1,0,\N,1
23402,1,1,1,1
23406,1,0,0,0
23408,1,0,0,0
23411,1,0,0,0
23412,1,0,0,0
23413,1,0,0,0
23416,1,0,0,0
23421,1,0,0,0
23422,1,0,0,0
23423,1,1,0,0
23430,1,1,0,0
23431,1,1,0,0
23433,1,0,0,0
23437,1,0,0,0
23438,1,0,0,0
23440,1,0,0,0
23441,1,1,1,1
23448,1,0,0,0
23452,1,1,1,1
23460,1,1,0,0
23464,1,0,0,0
23465,1,0,0,0
23467,1,0,0,0
23470,1,0,0,0
23471,1,0,0,0
23475,1,0,0,0
23479,1,1,1,1
23481,1,0,0,0
23483,1,0,0,0
23484,1,0,0,0
23485,1,0,\N,0
23486,1,1,1,1
23487,1,0,0,0
23488,1,0,0,0
23492,1,0,0,0
23497,1,0,0,0
23498,1,1,1,1
23500,1,1,0,0
23502,1,0,0,0
23507,1,1,1,1
23512,1,0,0,0
23513,1,0,0,0
23515,1,0,0,0
23517,1,0,0,0
23518,1,0,0,0
23520,1,0,0,0
23525,1,1,1,1
23530,1,1,0,0
23531,1,0,0,0
23532,1,0,0,0
23533,1,0,0,0
23535,1,0,0,0
23536,1,0,0,0
23539,1,0,\N,0
23540,1,0,0,0
23545,1,1,0,0
23546,1,1,0,0
23549,1,0,0,0
23552,1,1,0,0
23557,1,0,0,0
23560,1,0,0,0
23561,1,0,0,0
23564,1,1,1,0
23565,1,1,0,0
23566,1,0,0,0
23571,1,0,0,0
23575,1,0,0,0
23580,1,1,1,1
23584,1,0,0,0
23593,1,0,0,0
23594,1,0,0,0
23596,1,0,0,0
23597,1,0,0,0
23601,1,1,0,0
23602,1,0,0,0
23603,1,0,0,0
23608,1,1,1,1
23611,1,0,0,0
23613,1,1,1,1
23614,1,0,0,0
23615,1,0,0,0
23617,1,0,0,0
23618,1,0,0,0
23623,1,1,1,1
23624,1,0,0,0
23625,1,0,0,0
23626,1,1,1,0
23629,1,0,0,0
23634,1,0,0,0
23636,1,0,0,0
23637,1,0,0,0
23639,1,1,0,0
23642,1,1,1,0
23644,1,1,0,0
23645,1,0,0,0
23649,1,1,1,0
23651,1,0,0,0
23653,1,1,1,1
23656,1,0,0,0
23658,1,0,0,0
23659,1,1,0,0
23660,1,1,0,0
23661,1,0,0,0
23662,1,1,0,0
23667,1,0,0,0
23668,1,0,0,0
23669,1,0,0,0
23673,1,0,0,0
23678,0,\N,0,0
23679,1,0,0,0
23683,1,1,1,1
23685,0,\N,0,0
23689,1,1,1,0
23691,1,1,1,0
23692,1,0,0,0
23695,1,0,0,0
23697,1,0,0,0
23698,1,1,0,0
23704,1,0,0,0
23706,1,1,1,0
23708,0,\N,1,0
23709,1,0,0,0
23711,1,0,0,0
23714,1,0,0,0
23715,1,0,0,0
23716,1,1,1,0
23720,1,0,0,0
23722,1,0,0,0
23723,1,1,0,0
23725,1,0,0,0
23728,1,1,1,0
23730,1,1,0,0
23735,1,1,1,1
23736,1,1,1,0
23737,1,0,0,0
23740,1,0,0,0
23741,1,0,0,0
23747,1,0,0,0
23749,1,0,0,0
23750,1,0,0,0
23751,1,0,0,0
23754,1,1,1,0
23757,0,\N,0,0
23759,1,0,0,0
23763,1,1,0,0
23764,1,0,0,0
23766,1,1,0,0
23767,1,0,0,0
23770,1,0,0,0
23772,1,0,0,0
23774,1,0,0,0
23782,1,1,0,0
23785,1,0,0,0
23786,1,0,0,0
23789,1,0,0,0
23793,1,0,0,0
23794,1,1,1,1
23796,1,0,0,0
23797,0,\N,0,0
23802,1,0,0,0
23805,1,1,1,0
23806,1,1,1,0
23813,1,0,0,0
23816,1,0,0,0
23820,1,0,0,0
23823,1,0,0,0
23827,1,1,0,0
23830,1,0,0,0
23833,1,0,0,0
23839,1,0,0,0
23841,1,0,0,0
23845,1,0,0,0
23851,1,0,0,0
23854,1,1,1,1
23856,1,0,0,0
23859,1,0,0,0
23867,1,0,0,0
23868,1,0,0,0
23869,1,0,0,0
23875,1,0,0,0
23876,1,0,0,0
23878,1,0,0,0
23884,1,0,0,0
23886,1,0,0,0
23888,1,0,0,0
23889,1,1,0,0
23890,1,0,0,0
23891,1,1,1,0
23894,1,0,0,0
23898,1,0,0,0
23899,1,0,0,0
23900,1,1,0,0
23902,1,0,0,0
23910,1,0,0,0
23912,1,0,0,0
23915,1,0,0,0
23917,1,0,0,0
23922,1,1,1,1
23923,1,0,0,0
23928,1,0,0,0
23930,1,0,0,0
23931,1,0,0,0
23933,1,0,0,0
23934,1,1,1,0
23935,0,\N,0,0
23936,1,0,0,0
23939,1,1,0,0
23941,1,0,0,0
23943,1,1,0,\N
23944,1,1,0,0
23945,1,0,0,0
23948,1,0,0,0
23954,1,0,0,0
23955,1,0,0,0
23956,1,0,0,0
23958,1,1,0,0
23960,1,1,0,0
23965,1,0,0,0
23969,1,0,0,0
23972,1,1,1,0
23974,1,1,1,0
23975,1,0,0,0
23980,1,0,0,0
23985,0,0,\N,1
23986,1,0,0,0
23987,1,0,0,0
23988,1,0,0,0
23991,1,1,0,0
23994,1,1,1,0
23995,1,0,0,0
23997,1,1,1,1
24003,1,0,0,0
24004,1,0,0,0
24005,1,0,0,0
24010,1,0,0,0
24013,1,0,\N,0
24014,1,1,1,1
24016,1,0,0,0
24018,1,0,0,0
24019,1,0,0,0
24021,1,1,1,0
24022,1,1,0,0
24023,1,1,1,0
24029,1,0,0,0
24031,1,0,0,0
24037,1,1,0,0
24040,1,0,0,0
24042,1,1,0,\N
24043,1,1,1,1
24055,0,\N,1,1
24057,1,0,0,0
24059,1,1,1,1
24060,1,0,0,0
24061,1,0,0,0
24063,1,1,1,1
24065,1,0,0,0
24066,1,1,1,0
24067,1,0,0,0
24068,0,\N,1,0
24071,1,1,0,0
24077,1,0,0,0
24078,1,0,0,0
24084,1,0,0,0
24088,1,0,0,0
24090,1,1,0,0
24091,1,0,0,0
24093,1,1,1,0
24094,1,0,0,0
24097,1,0,0,0
24101,1,0,0,0
24102,1,0,0,0
24103,1,1,1,1
24112,1,0,0,0
24117,1,1,1,1
24119,1,1,0,0
24121,1,1,0,0
24122,1,1,1,0
24125,1,1,0,0
24126,1,1,1,0
24129,1,0,0,0
24132,1,0,0,0
24133,1,0,0,0
24139,1,0,0,0
24140,1,0,0,0
24141,1,0,0,0
24142,1,0,0,0
24143,1,0,0,0
24144,1,1,1,1
24145,1,1,0,0
24146,1,0,0,0
24147,0,\N,0,0
24149,1,0,0,0
24151,1,1,0,0
24153,1,0,0,0
24156,1,0,0,0
24157,1,0,0,0
24163,1,0,0,0
24167,1,1,0,0
24169,1,0,0,0
24171,1,0,0,0
24176,1,0,0,0
24177,1,0,\N,0
24181,1,0,0,0
24184,1,1,1,1
24186,1,0,0,0
24187,1,1,1,1
24189,1,0,0,0
24190,1,0,0,0
24198,1,0,0,0
24199,1,0,0,0
24200,1,0,0,0
24202,1,1,0,0
24205,1,1,0,0
24208,1,0,\N,1
24216,1,0,0,0
24219,1,0,0,0
24222,1,0,0,0
24223,1,1,1,0
24225,1,0,0,0
24227,1,0,0,0
24231,1,0,0,0
24233,1,1,1,0
24235,1,0,0,0
24239,1,1,1,0
24242,1,1,0,0
24243,1,0,\N,0
24250,1,1,1,1
24258,1,1,0,0
24262,1,1,1,0
24264,1,1,1,0
24266,1,0,0,0
24268,1,0,0,0
24270,1,1,0,0
24271,1,0,0,0
24275,1,0,0,0
24278,1,0,0,0
24281,1,1,1,1
24282,1,0,0,0
24283,1,1,1,1
24285,1,0,0,0
24287,1,0,0,0
24289,1,0,0,0
24291,1,0,0,0
24292,1,0,0,0
24293,1,1,1,1
24294,1,1,0,0
24295,1,1,1,1
24296,1,0,0,0
24297,1,1,0,0
24298,1,0,0,0
24299,1,0,0,0
24300,1,1,0,0
24305,1,1,1,1
24306,1,0,0,0
24308,1,1,0,0
24309,1,0,0,0
24316,1,0,0,0
24317,1,1,1,1
24323,1,0,0,0
24324,1,0,0,0
24326,1,1,0,0
24327,1,0,0,0
24329,1,1,0,0
24334,1,0,0,0
24337,1,0,0,0
24338,1,1,1,1
24343,1,1,0,0
24345,1,0,0,0
24346,1,1,1,0
24347,1,1,0,0
24348,1,1,0,0
24352,1,1,1,1
24355,0,\N,1,1
24358,1,1,1,0
24359,1,0,0,0
24363,1,0,0,0
24367,1,0,0,0
24368,1,0,0,0
24379,1,0,0,0
24383,1,0,0,0
24390,1,0,0,0
24391,1,0,0,0
24395,1,0,0,0
24396,1,0,0,0
24399,1,0,0,0
24402,1,0,0,0
24406,1,1,1,0
24408,1,0,0,0
24410,1,1,0,0
24412,1,0,0,0
24413,1,0,0,0
24416,1,1,1,1
24420,1,0,0,0
24425,1,0,0,0
24426,1,0,0,0
24429,1,0,0,0
24430,1,0,0,0
24434,1,1,0,0
24438,1,0,0,0
24439,1,0,0,0
24442,1,0,0,0
24443,1,0,0,0
24444,1,0,0,0
24445,1,0,0,0
24447,1,1,1,0
24448,1,0,0,0
24456,1,0,0,0
24460,1,0,0,0
24467,1,0,0,0
24469,1,0,0,0
24473,1,0,0,0
24474,1,1,1,0
24478,1,0,0,0
24479,1,0,0,0
24483,1,0,0,0
24485,1,1,1,0
24486,1,1,1,0
24487,1,1,0,0
24494,1,0,0,0
24495,1,0,0,0
24496,1,0,0,0
24499,1,0,0,0
24504,1,1,1,1
24508,1,1,0,0
24516,1,0,0,0
24518,1,0,0,0
24522,1,0,0,0
24523,1,0,0,0
24525,1,0,0,0
24530,1,0,0,0
24534,1,0,0,0
24536,1,0,0,0
24542,1,0,0,0
24552,1,0,0,0
24559,1,1,1,1
24560,1,0,0,0
24561,1,0,0,0
24565,1,1,0,0
24572,1,0,0,0
24573,1,1,1,1
24574,1,0,0,0
24575,1,0,0,0
24576,1,0,0,0
24581,1,0,0,0
24583,1,1,0,0
24587,1,0,0,0
24589,1,0,0,0
24591,1,0,0,0
24592,1,0,0,0
24597,0,\N,1,0
24599,1,0,0,0
24600,1,1,1,0
24601,1,0,0,0
24603,1,0,0,0
24613,1,0,0,0
24628,1,0,0,0
24633,1,0,0,0
24636,1,0,0,0
24637,1,1,1,0
24639,1,1,1,0
24640,1,0,0,0
24641,1,0,0,0
24642,1,1,0,0
24643,1,0,0,0
24644,1,0,0,0
24648,1,0,0,0
24649,1,0,0,0
24651,1,0,0,0
24652,1,0,0,0
24653,1,0,0,0
24656,1,1,0,0
24658,1,0,0,0
24660,1,1,1,1
24663,1,0,0,0
24665,1,0,0,0
24666,1,0,0,0
24668,1,1,0,0
24669,1,0,0,0
24671,1,0,0,0
24672,1,1,1,0
24673,1,0,0,0
24675,1,0,0,0
24676,1,0,0,0
24679,1,0,0,0
24682,1,0,0,0
24683,1,0,0,0
24685,1,0,0,0
24688,1,0,0,0
24690,1,0,0,0
24691,1,1,1,1
24694,1,1,0,0
24697,1,0,0,0
24701,1,0,0,0
24702,1,0,0,0
24704,1,0,0,0
24706,1,1,0,0
24707,1,0,0,0
24708,1,1,1,0
24709,1,1,1,0
24710,1,0,0,0
24711,1,0,0,0
24714,1,0,0,0
24715,1,1,1,1
24718,1,0,0,0
24719,1,1,0,0
24721,1,0,0,0
24728,1,0,0,0
24729,1,1,0,0
24738,1,0,0,0
24740,1,0,0,0
24742,1,0,0,0
24744,1,0,0,0
24750,1,0,0,0
24756,1,1,1,1
24757,1,0,0,0
24761,1,1,1,1
24763,1,0,0,0
24765,1,1,1,1
24766,1,1,0,0
24768,1,1,1,0
24770,1,0,0,0
24771,1,0,0,0
24775,1,1,1,1
24778,1,0,0,0
24779,1,1,0,0
24780,1,0,0,0
24781,1,0,0,0
24784,1,0,0,0
24786,1,0,0,0
24792,1,0,0,0
24793,1,0,0,0
24798,1,0,0,0
24801,1,0,0,0
24802,1,0,0,0
24804,1,0,0,0
24805,1,0,0,0
24806,1,0,0,0
24809,1,0,0,0
24810,1,0,0,0
24811,1,1,0,0
24818,1,0,0,0
24824,1,0,0,0
24826,1,1,1,1
24829,1,0,0,0
24830,1,0,0,0
24831,1,0,0,0
24835,1,0,0,0
24836,1,0,0,0
24843,1,0,0,0
24844,1,0,0,0
24853,1,1,1,1
24858,1,0,0,0
24860,1,1,1,0
24864,1,0,0,0
24867,1,0,0,0
24868,1,1,1,0
24869,1,1,1,1
24872,1,0,0,0
24875,0,\N,0,0
24880,1,0,0,0
24884,1,0,\N,0
24885,1,0,0,0
24888,1,1,0,0
24891,1,0,0,0
24894,1,0,0,0
24895,1,0,0,0
24897,1,0,0,0
24898,1,0,0,0
24901,1,0,0,0
24905,1,1,0,0
24908,1,0,0,0
24909,1,0,0,0
24915,1,1,0,0
24916,1,0,0,0
24917,1,0,0,0
24918,1,0,0,0
24925,1,1,1,1
24928,1,0,0,0
24932,1,1,1,1
24933,1,1,0,\N
24937,1,0,0,0
24942,1,0,\N,0
24945,1,1,1,1
24947,1,0,0,0
24949,0,\N,0,0
24950,1,1,0,0
24951,1,1,1,1
24952,1,0,0,0
24953,1,0,0,0
24962,1,0,0,0
24964,1,1,0,0
24965,1,0,0,0
24967,1,1,1,0
24969,1,1,0,0
24972,1,0,0,0
24978,1,1,0,\N
24979,1,0,0,0
24982,1,1,0,0
24983,1,1,0,0
24994,1,0,0,0
25002,1,0,0,0
25006,1,0,0,0
25010,1,0,0,0
25011,1,0,0,0
25015,1,0,0,0
25017,1,0,0,0
25018,1,0,0,0
25021,1,0,0,0
25022,1,0,0,0
25023,1,0,0,0
25025,1,0,0,0
25026,1,0,0,0
25030,1,1,1,1
25035,1,0,0,0
25036,1,0,0,0
25040,1,0,0,0
25041,1,0,0,0
25042,1,1,0,\N
25043,1,1,1,0
25045,1,0,0,0
25046,1,0,0,0
25049,1,0,0,0
25051,1,0,0,0
25053,1,1,0,0
25054,1,0,0,0
25055,1,0,\N,1
25061,1,0,0,0
25062,1,1,1,0
25063,1,1,1,1
25070,1,1,1,0
25073,1,0,0,0
25074,1,0,0,0
25075,1,0,0,0
25077,1,0,0,0
25079,1,1,0,0
25086,1,0,0,0
25091,1,0,0,0
25092,1,0,0,0
25093,1,0,\N,0
25109,1,0,0,0
25112,1,0,0,0
25114,1,0,0,0
25116,1,1,0,0
25118,1,0,0,0
25119,1,0,0,0
25124,1,0,0,0
25125,1,1,1,1
25126,1,0,0,0
25127,1,1,1,1
25129,1,0,0,0
25131,1,1,0,0
25133,1,0,0,0
25136,1,0,0,0
25138,1,0,0,0
25141,1,0,0,0
25142,1,0,0,0
25146,1,0,0,0
25149,1,0,0,0
25150,1,0,0,0
25155,1,0,0,0
25157,1,0,0,0
25159,1,0,0,0
25160,1,0,0,0
25161,1,1,0,0
25170,1,1,1,0
25172,1,0,0,0
25174,1,0,0,0
25177,1,1,1,1
25178,1,0,0,0
25179,1,1,1,0
25180,1,0,0,0
25183,1,0,0,0
25184,1,0,0,0
25187,1,0,0,0
25189,1,0,0,0
25193,1,0,0,0
25197,1,0,0,0
25199,1,0,0,0
25207,1,0,0,0
25217,1,0,0,0
25219,1,0,0,0
25222,1,0,0,0
25223,1,0,0,0
25224,1,0,0,0
25226,1,0,0,0
25227,1,0,0,0
25235,1,0,0,0
25237,1,1,1,0
25238,1,0,0,0
25240,1,0,0,0
25241,1,0,0,0
25242,1,0,0,0
25243,1,1,1,0
25245,1,0,0,0
25249,1,1,1,1
25255,1,0,0,0
25257,1,0,0,0
25258,1,0,0,0
25259,1,1,0,0
25260,1,0,0,0
25264,1,1,0,0
25268,1,0,0,0
25269,1,0,0,0
25271,1,0,0,0
25272,1,0,0,0
25274,1,0,0,0
25283,1,0,0,0
25285,1,1,0,\N
25288,1,1,0,0
25292,1,0,0,0
25295,1,0,0,0
25298,1,0,0,0
25299,1,0,\N,1
25302,1,0,0,0
25303,1,1,0,0
25305,1,0,0,0
25306,1,0,0,0
25308,1,0,0,0
25311,1,1,0,0
25318,1,1,1,0
25320,1,0,0,0
25326,1,1,1,0
25328,1,0,0,0
25329,1,1,0,0
25333,1,0,0,0
25334,1,0,0,0
25340,1,0,0,0
25342,1,0,0,0
25344,0,\N,0,0
25345,1,0,0,0
25347,1,0,0,0
25349,1,1,1,1
25351,1,0,0,0
25357,1,0,0,0
25360,1,0,0,0
25361,1,0,0,0
25364,1,0,0,0
25365,1,0,0,0
25366,1,0,\N,1
25367,1,0,0,0
25368,1,1,0,0
25369,1,0,0,0
25370,1,0,0,0
25371,1,1,1,1
25373,1,1,1,0
25375,1,0,0,0
25377,1,0,0,0
25378,1,1,0,0
25379,1,1,1,0
25383,1,0,0,0
25384,1,0,0,0
25386,1,0,0,0
25387,1,0,0,0
25389,1,0,0,0
25390,1,1,1,0
25392,1,0,0,0
25393,1,0,0,0
25395,1,1,1,0
25398,0,\N,0,0
25401,1,0,0,0
25405,1,1,1,1
25409,1,1,1,1
25410,1,1,0,0
25414,1,0,0,0
25415,1,0,0,0
25420,1,0,0,0
25421,1,0,0,0
25424,1,0,0,0
25432,1,1,0,0
25437,1,0,0,0
25438,1,0,0,0
25443,1,0,0,0
25449,1,0,0,0
25450,1,1,0,0
25451,1,0,0,0
25452,1,0,0,0
25456,1,1,0,0
25457,1,0,0,0
25459,1,1,1,0
25461,1,1,0,0
25463,1,0,0,0
25467,1,0,0,0
25469,1,0,0,0
25470,1,0,0,0
25472,1,0,0,0
25474,1,0,0,0
25476,1,0,0,0
25487,1,0,0,0
25491,1,0,0,0
25497,1,0,0,0
25499,1,0,0,0
25503,1,0,0,0
25504,1,1,1,1
25506,1,0,0,0
25510,1,0,0,0
25513,1,1,1,0
25516,1,0,0,0
25521,1,0,0,0
25524,1,0,0,0
25529,1,1,1,0
25530,1,0,0,0
25536,1,0,0,0
25538,1,1,1,0
25548,0,\N,1,0
25550,1,0,\N,1
25554,1,0,0,0
25556,1,0,0,0
25558,1,0,0,0
25559,1,1,1,1
25560,1,0,0,0
25561,1,0,0,0
25565,1,1,1,0
25566,1,1,1,0
25567,1,0,0,0
25569,1,0,0,0
25570,1,0,0,0
25572,1,1,1,1
25574,1,1,0,0
25579,1,1,1,0
25580,1,0,0,0
25581,1,0,0,0
25584,1,0,0,0
25586,1,0,0,0
25591,1,0,0,0
25592,1,1,1,1
25593,1,0,0,0
25594,1,1,1,0
25598,1,0,0,0
25602,1,1,0,0
25603,1,0,0,0
25605,1,0,0,0
25607,1,0,0,0
25608,1,1,1,0
25609,1,1,0,0
25611,1,0,0,0
25615,1,1,0,0
25617,1,0,0,0
25619,1,0,0,0
25624,1,0,0,0
25627,1,0,0,0
25628,1,0,0,0
25629,1,1,1,1
25630,1,0,0,0
25633,1,0,0,0
25634,1,1,0,0
25639,1,0,0,0
25641,1,0,0,0
25643,1,1,1,0
25644,1,1,0,0
25646,1,1,0,0
25650,1,0,0,0
25655,1,1,0,0
25656,1,0,0,0
25658,1,0,0,0
25660,1,1,0,0
25664,1,0,0,0
25667,1,0,0,0
25680,1,0,0,0
25681,1,0,\N,0
25683,1,0,0,0
25684,1,1,0,0
25687,1,0,0,0
25688,1,0,0,0
25690,1,0,0,0
25692,1,0,0,0
25699,1,1,1,1
25701,1,1,1,0
25704,1,1,1,1
25705,1,1,1,0
25706,1,0,0,0
25709,1,0,0,0
25712,1,1,0,0
25713,1,0,0,0
25717,1,1,1,0
25718,1,1,0,0
25723,1,1,0,0
25725,1,1,1,1
25727,1,1,0,0
25730,1,0,0,0
25732,1,0,0,0
25738,1,0,0,0
25740,1,0,0,0
25741,1,0,0,0
25742,1,0,0,0
25744,1,1,1,1
25746,1,0,0,0
25747,1,1,1,1
25748,1,0,0,0
25751,1,1,1,0
25752,1,0,0,0
25753,1,0,0,0
25754,1,1,0,0
25755,1,0,0,0
25763,1,0,0,0
25766,1,1,1,0
25768,1,0,0,0
25769,1,0,0,0
25777,1,0,0,0
25778,1,0,0,0
25779,1,0,0,0
25780,1,0,0,0
25783,1,0,0,0
25784,1,0,0,0
25785,1,0,0,0
25788,1,1,1,0
25789,1,0,0,0
25794,1,0,0,0
25797,1,1,0,0
25798,1,1,1,0
25804,1,0,0,0
25806,1,1,1,0
25808,1,1,1,0
25809,1,1,1,1
25810,1,0,0,0
25813,1,0,0,0
25814,1,0,0,0
25816,1,0,0,0
25819,1,0,0,0
25820,1,1,0,0
25821,1,0,0,0
25825,1,0,0,0
25827,1,1,0,0
25828,1,1,1,1
25831,1,1,1,1
25832,1,0,0,0
25836,1,0,0,0
25838,1,0,0,0
25843,1,0,0,0
25844,1,0,0,0
25846,1,1,0,0
25850,1,0,0,0
25856,1,1,1,1
25857,1,0,0,0
25859,1,0,0,0
25862,1,1,0,0
25863,1,0,0,0
25869,1,1,0,0
25874,1,0,0,0
25875,1,0,0,0
25876,1,1,1,1
25877,1,0,0,0
25878,1,1,1,0
25882,1,1,0,0
25885,1,1,1,1
25887,1,1,0,\N
25890,1,1,1,1
25896,1,0,0,0
25897,1,1,1,0
25900,1,0,0,0
25904,1,0,0,0
25912,1,0,0,0
25913,1,1,0,0
25914,1,0,0,0
25917,1,0,0,0
25918,1,1,1,0
25919,1,1,0,0
25921,1,0,0,0
25923,1,0,0,0
25924,1,0,0,0
25927,1,0,\N,1
25928,1,0,0,0
25929,1,1,1,1
25932,1,1,0,0
25935,1,0,0,0
25937,1,0,0,0
25941,1,0,0,0
25943,1,0,0,0
25945,1,0,0,0
25946,1,0,0,0
25947,1,0,0,0
25948,1,1,1,1
25950,1,0,\N,1
25953,1,0,0,0
25954,1,0,0,0
25955,1,0,0,0
25966,1,0,0,0
25969,1,0,0,0
25970,1,1,1,0
25973,1,1,1,1
25977,1,0,0,0
25980,1,0,0,0
25984,1,0,0,0
25988,1,0,0,0
25990,1,0,0,0
25991,1,0,0,0
25994,1,0,0,0
25997,1,1,1,0
26001,1,1,0,0
26002,1,0,0,0
26003,1,1,1,0
26006,1,1,0,0
26009,1,0,0,0
26012,1,1,1,0
26013,1,0,0,0
26014,0,\N,1,0
26015,1,1,1,1
26019,1,1,1,1
26021,1,0,0,0
26022,1,1,1,1
26024,1,1,1,0
26027,1,1,1,0
26028,1,0,0,0
26032,0,\N,1,0
26034,1,1,0,0
26035,1,1,0,0
26036,1,0,0,0
26038,1,0,0,0
26040,1,0,0,0
26043,1,0,0,0
26050,1,0,0,0
26052,1,0,0,0
26053,1,1,1,0
26055,1,0,0,0
26056,1,0,0,0
26057,1,0,0,0
26061,1,0,0,0
26063,1,1,0,0
26065,1,0,0,0
26066,1,1,1,0
26069,1,0,0,0
26071,1,0,0,0
26072,1,1,0,0
26078,1,0,0,0
26079,1,0,0,0
26081,1,0,0,0
26086,1,0,0,0
26088,1,0,0,0
26093,1,0,0,0
26094,1,0,0,0
26098,1,1,1,0
26099,1,0,0,0
26102,1,0,0,0
26106,1,0,0,0
26108,1,1,0,0
26119,1,0,0,0
26121,1,0,0,0
26123,1,0,0,0
26124,1,1,0,0
26125,1,0,0,0
26127,1,1,1,1
26128,1,0,0,0
26131,1,1,1,0
26137,1,1,0,0
26138,1,1,1,0
26144,1,0,0,0
26146,1,0,0,0
26149,1,0,0,0
26161,1,1,1,1
26162,1,1,1,0
26164,1,0,0,0
26165,1,0,0,0
26170,1,0,0,0
26174,1,0,0,0
26185,1,0,0,0
26188,1,1,1,1
26193,1,0,0,0
26194,1,0,0,0
26196,1,0,0,0
26198,1,0,0,0
26200,1,1,0,0
26201,1,0,0,0
26202,1,1,1,0
26203,1,0,0,0
26204,1,0,0,0
26205,1,0,0,0
26206,1,1,0,\N
26207,1,0,0,0
26210,1,0,0,0
26211,1,1,0,0
26217,1,0,0,0
26218,1,1,1,1
26219,1,1,1,1
26220,1,0,0,0
26221,1,0,0,0
26224,1,0,0,0
26225,1,0,0,0
26228,1,1,0,0
26230,1,1,0,0
26231,1,1,1,0
26234,1,0,0,0
26235,1,0,0,0
26238,1,0,0,0
26242,1,0,0,0
26244,1,0,0,0
26246,1,1,1,1
26248,1,0,\N,1
26252,1,0,0,0
26257,0,\N,1,1
26261,1,0,0,0
26262,1,0,0,0
26267,1,0,0,0
26268,1,0,0,0
26269,1,1,0,0
26271,1,1,1,1
26285,1,0,0,0
26286,1,1,0,0
26292,1,1,1,0
26294,1,0,0,0
26295,1,1,1,1
26296,1,0,0,0
26298,1,0,0,0
26301,1,1,1,0
26302,1,0,0,0
26304,1,1,1,1
26306,1,0,0,0
26311,1,1,0,0
26313,1,0,0,0
26316,1,0,0,0
26317,1,0,0,0
26323,1,0,0,0
26325,1,0,0,0
26327,1,0,0,0
26329,1,1,0,0
26338,1,1,0,0
26341,1,0,0,0
26343,1,1,1,1
26344,1,0,0,0
26345,1,1,1,0
26346,1,0,0,0
26350,1,0,0,0
26352,1,0,0,0
26359,1,1,1,1
26361,1,0,0,0
26369,1,0,0,0
26370,1,0,0,0
26373,1,0,0,0
26374,1,0,0,0
26375,1,1,0,0
26376,1,1,0,0
26378,1,0,0,0
26379,1,1,0,0
26383,1,0,0,0
26386,1,0,0,0
26389,0,\N,1,1
26393,0,\N,0,0
26398,0,\N,1,1
26403,1,0,0,0
26404,1,0,0,0
26405,1,0,0,0
26411,1,0,0,0
26416,1,1,1,1
26418,1,0,0,0
26420,1,0,0,0
26443,1,1,0,0
26444,1,1,0,0
26449,1,0,0,0
26453,1,0,0,0
26455,1,1,0,0
26460,1,0,0,0
26461,1,0,0,0
26464,1,0,0,0
26466,1,0,0,0
26468,1,0,0,0
26470,1,0,0,0
26474,1,0,0,0
26475,1,0,0,0
26477,1,0,0,0
26479,1,1,1,0
26485,1,1,1,0
26490,1,0,0,0
26493,1,0,0,0
26495,1,0,0,0
26502,1,1,1,1
26508,1,0,0,0
26509,1,1,1,1
26511,1,1,1,0
26513,1,0,0,0
26514,1,0,0,0
26523,1,1,1,1
26524,1,0,0,0
26525,1,0,0,0
26526,1,0,0,0
26527,1,0,0,0
26531,1,0,0,0
26532,1,0,0,0
26533,1,0,0,0
26534,1,0,0,0
26535,1,1,1,0
26542,1,0,0,0
26543,1,0,0,0
26546,1,0,0,0
26547,1,1,1,1
26548,1,0,0,0
26549,1,1,0,0
26550,1,0,0,0
26551,1,1,1,1
26553,0,\N,1,1
26555,1,0,0,0
26556,1,0,0,0
26557,1,1,1,0
26559,1,0,0,0
26563,1,0,0,0
26564,1,0,0,0
26570,1,0,0,0
26575,1,1,0,0
26577,1,1,1,1
26578,1,0,0,0
26583,1,1,1,1
26586,1,0,0,0
26590,1,1,0,0
26592,1,0,0,0
26596,1,0,0,0
26598,1,1,0,\N
26599,1,1,0,0
26600,1,0,\N,0
26603,1,0,0,0
26604,1,0,0,0
26606,1,0,0,0
26618,1,0,0,0
26626,1,0,0,0
26631,1,0,\N,0
26635,1,0,0,0
26636,1,0,0,0
26637,1,0,0,0
26638,1,0,0,0
26639,1,0,0,0
26642,1,0,0,0
26643,1,0,0,0
26646,1,0,0,0
26650,1,0,0,0
26652,1,0,0,0
26653,1,1,1,1
26658,1,0,0,0
26660,1,0,0,0
26667,1,0,0,0
26668,1,0,0,0
26672,1,0,0,0
26675,1,1,1,0
26680,1,0,0,0
26681,1,0,0,0
26683,1,0,0,0
26685,1,1,1,0
26687,1,0,0,0
26688,1,0,0,0
26689,1,0,0,0
26690,1,0,0,0
26692,1,0,0,0
26693,1,0,0,0
26695,1,1,1,0
26696,1,0,0,0
26697,1,1,1,1
26698,1,0,0,0
26700,1,0,0,0
26702,1,0,0,0
26704,1,0,0,0
26705,0,\N,1,0
26706,1,0,0,0
26707,1,0,0,0
26715,1,0,0,0
26717,1,0,0,0
26719,1,0,0,0
26727,1,0,0,0
26730,1,1,1,1
26733,1,1,1,1
26736,1,0,\N,0
26737,1,0,0,0
26744,1,0,0,0
26746,1,0,0,0
26751,1,0,0,0
26753,1,1,0,0
26754,1,0,0,0
26756,1,0,0,0
26757,1,1,1,1
26758,1,0,0,0
26761,1,0,0,0
26764,1,0,0,0
26771,1,1,0,0
26775,1,0,0,0
26776,1,0,0,0
26779,1,0,0,0
26781,1,0,0,0
26786,1,0,0,0
26787,1,0,0,0
26790,1,0,0,0
26792,1,0,0,0
26797,1,1,1,0
26800,1,1,1,1
26804,1,0,0,0
26805,1,1,0,0
26810,1,1,0,0
26815,1,0,0,0
26816,1,0,0,0
26818,1,0,0,0
26819,1,0,0,0
26821,1,1,0,0
26823,1,1,0,0
26827,1,0,0,0
26832,1,0,0,0
26833,1,0,0,0
26844,1,0,0,0
26845,1,1,1,1
26846,1,0,0,0
26848,1,0,0,0
26850,1,1,1,0
26855,1,1,1,1
26856,1,1,1,1
26859,1,1,0,0
26863,1,0,0,0
26873,1,1,0,\N
26874,1,0,0,0
26877,1,0,0,0
26878,1,1,0,0
26880,1,1,0,0
26881,1,0,0,0
26884,1,0,0,0
26885,1,0,0,0
26892,1,0,0,0
26893,1,1,0,0
26896,1,0,0,0
26899,1,1,0,0
26900,1,0,0,0
26903,1,0,0,0
26906,1,0,0,0
26914,1,0,0,0
26915,1,0,0,0
26917,1,0,0,0
26920,1,0,0,0
26925,1,1,0,0
26926,1,1,1,0
26927,1,0,0,0
26939,1,1,1,1
26948,1,0,0,0
26950,1,1,1,1
26952,1,1,1,1
26953,1,0,0,0
26954,1,0,0,0
26957,1,1,0,0
26958,1,0,0,0
26959,1,0,0,0
26961,1,0,0,0
26962,1,0,0,0
26965,1,0,0,0
26970,1,0,0,0
26974,1,0,0,0
26975,1,0,0,0
26976,1,1,0,0
26977,1,0,0,0
26980,1,0,0,0
26986,1,0,0,0
26989,1,0,0,0
26991,1,0,0,0
26996,1,0,0,0
27002,1,0,0,0
27003,1,0,0,0
27009,1,1,0,0
27010,1,0,0,0
27016,1,1,0,0
27018,1,0,0,0
27019,1,0,0,0
27022,1,0,0,0
27024,1,0,0,0
27027,1,1,0,\N
27029,1,1,0,0
27030,1,1,1,0
27032,1,1,1,0
27033,1,0,0,0
27036,1,0,0,0
27040,1,0,0,0
27043,1,0,0,0
27046,1,0,0,0
27048,1,0,0,0
27055,1,1,0,0
27058,1,0,0,0
27061,1,1,1,1
27065,1,0,0,0
27069,1,0,0,0
27071,1,0,0,0
27075,1,1,1,1
27078,1,1,1,1
27079,1,1,1,1
27081,1,0,0,0
27084,1,0,0,0
27087,1,1,0,0
27088,1,0,0,0
27092,1,0,0,0
27094,1,0,0,0
27096,1,0,0,0
27097,1,0,0,0
27100,1,0,0,0
27102,1,0,0,0
27103,1,0,0,0
27107,1,0,0,0
27111,1,0,0,0
27114,1,0,\N,1
27116,1,0,0,0
27117,1,0,0,0
27119,1,0,0,0
27123,1,0,0,0
27124,1,1,1,0
27125,1,0,0,0
27126,1,0,0,0
27130,1,1,1,0
27131,1,0,0,0
27135,1,0,0,0
27136,1,1,1,0
27137,1,0,0,0
27139,1,0,0,0
27143,1,0,0,0
27144,1,1,1,0
27147,1,0,0,0
27149,1,0,0,0
27153,1,1,1,1
27154,1,1,0,0
27158,1,0,0,0
27160,1,0,0,0
27161,1,1,0,0
27166,1,0,0,0
27170,1,1,1,1
27178,1,1,0,0
27182,1,0,0,0
27184,0,\N,1,0
27187,1,0,0,0
27190,1,0,0,0
27194,1,0,0,0
27195,1,0,0,0
27199,1,1,1,0
27201,1,1,0,0
27203,1,0,0,0
27204,1,1,1,1
27206,1,0,0,0
27210,1,0,0,0
27211,1,0,0,0
27213,1,1,0,0
27215,1,0,0,0
27216,1,1,1,1
27218,1,1,1,1
27219,1,0,0,0
27222,1,0,0,0
27225,1,0,0,0
27227,1,1,0,0
27233,1,0,0,0
27234,1,0,0,0
27236,1,1,1,0
27240,1,0,0,0
27244,1,1,0,0
27247,1,0,0,0
27249,1,0,0,0
27255,1,0,0,0
27256,1,0,0,0
27259,1,1,0,0
27262,1,0,0,0
27264,1,1,1,1
27268,1,0,0,0
27270,1,0,0,0
27271,1,0,0,0
27272,1,0,0,0
27273,1,1,1,1
27276,1,1,1,0
27279,1,0,0,0
27280,1,0,0,0
27282,1,0,0,0
27283,0,\N,1,1
27290,1,0,0,0
27291,1,0,0,0
27293,1,1,0,0
27295,1,0,0,0
27296,1,0,0,0
27300,1,0,0,0
27304,1,1,1,1
27306,1,0,0,0
27308,1,0,0,0
27313,1,0,0,0
27317,1,0,0,0
27320,1,0,0,0
27323,1,0,0,0
27324,1,0,0,0
27326,1,0,0,0
27328,1,1,1,1
27329,1,0,0,0
27330,1,1,1,0
27331,1,0,0,0
27332,1,0,0,0
27334,1,0,0,0
27336,1,1,0,0
27337,1,1,1,0
27338,1,1,0,0
27339,1,0,0,0
27342,1,1,1,1
27344,1,1,0,0
27346,1,0,0,0
27347,1,0,0,0
27348,1,0,0,0
27349,1,0,0,0
27350,1,0,0,0
27352,1,1,1,0
27354,1,0,0,0
27360,1,0,0,0
27369,1,0,0,0
27375,1,0,0,0
27377,1,0,0,0
27378,1,0,0,0
27384,1,0,0,0
27390,1,0,\N,0
27391,1,0,0,0
27395,1,0,0,0
27399,1,0,0,0
27400,1,1,1,1
27406,1,0,0,0
27407,1,0,0,0
27411,1,1,1,1
27416,1,1,0,0
27417,1,0,0,0
27418,1,0,0,0
27426,1,1,0,0
27427,1,0,0,0
27428,1,1,1,1
27429,1,0,0,0
27430,1,1,0,0
27431,1,0,0,0
27432,1,1,0,0
27433,1,1,0,0
27435,1,1,0,\N
27438,1,1,1,0
27441,1,0,0,0
27442,1,0,0,0
27443,1,0,0,0
27445,1,1,1,0
27447,1,1,0,0
27448,1,0,0,0
27449,1,0,0,0
27450,1,0,0,0
27452,1,0,\N,1
27453,1,1,0,0
27454,1,0,0,0
27455,1,1,1,1
27459,1,0,0,0
27461,1,1,0,0
27462,1,0,0,0
27464,1,0,0,0
27467,1,0,0,0
27469,1,0,0,0
27477,1,0,0,0
27479,1,1,1,1
27482,0,\N,0,0
27483,1,1,0,0
27487,1,0,0,0
27488,1,0,0,0
27490,1,0,0,0
27492,1,0,0,0
27495,1,0,0,0
27501,1,0,0,0
27504,1,0,0,0
27505,1,0,0,0
27507,1,0,0,0
27509,1,0,0,0
27511,1,0,0,0
27515,1,0,0,0
27517,1,0,0,0
27519,1,1,1,0
27521,1,0,0,0
27522,1,1,1,0
27526,1,0,0,0
27527,1,0,0,0
27530,1,0,0,0
27534,1,0,0,0
27535,1,0,0,0
27537,1,0,\N,0
27538,1,0,0,0
27541,1,1,1,0
27543,1,0,0,0
27548,1,1,1,1
27549,1,0,0,0
27553,1,0,0,0
27554,1,0,0,0
27555,1,0,0,0
27560,1,0,0,0
27563,1,0,0,0
27564,1,0,0,0
27566,1,0,0,0
27570,1,0,0,0
27595,1,0,0,0
27596,1,0,0,0
27597,1,0,0,0
27599,1,0,0,0
27600,1,0,0,0
27601,1,0,0,0
27602,1,0,\N,1
27603,1,1,0,0
27604,1,1,1,1
27611,1,1,0,\N
27612,1,0,0,0
27615,1,0,0,0
27618,1,0,0,0
27619,1,0,0,0
27621,1,0,0,0
27635,1,1,0,0
27639,1,0,0,0
27640,1,0,0,0
27642,1,0,0,0
27643,1,0,0,0
27644,1,0,0,0
27647,1,0,0,0
27650,1,0,\N,0
27655,1,0,0,0
27657,1,0,0,0
27661,1,1,0,0
27665,1,0,0,0
27666,1,0,0,0
27667,1,0,0,0
27673,1,1,0,0
27674,1,0,0,0
27676,1,0,\N,0
27680,1,1,1,1
27681,1,0,0,0
27684,1,0,0,0
27686,1,1,0,0
27689,1,0,0,0
27690,1,0,0,0
27691,1,0,0,0
27694,1,0,0,0
27697,1,0,0,0
27698,1,1,1,0
27701,0,\N,1,0
27705,1,1,1,1
27707,1,0,0,0
27708,1,1,0,0
27710,1,1,1,1
27716,1,0,0,0
27720,1,0,0,0
27724,1,0,0,0
27726,1,0,0,0
27728,1,0,0,0
27729,1,0,0,0
27730,1,0,0,0
27732,1,0,0,0
27734,1,0,0,0
27742,1,0,0,0
27743,1,0,0,0
27745,1,1,0,0
27753,1,0,0,0
27755,1,0,0,0
27756,1,0,0,0
27759,1,0,0,0
27760,1,1,1,1
27761,0,\N,0,\N
27768,1,0,0,0
27770,1,1,1,1
27772,1,0,0,0
27773,1,1,1,0
27780,1,0,0,0
27787,1,0,0,0
27791,1,0,0,0
27792,1,0,0,0
27795,1,0,0,0
27796,1,0,0,0
27797,1,0,0,0
27798,1,1,0,0
27799,1,0,0,0
27804,1,1,1,0
27806,1,1,1,0
27811,1,0,0,0
27818,1,1,0,0
27821,1,1,0,0
27825,1,0,0,0
27827,1,1,1,1
27829,1,0,0,0
27830,1,1,0,0
27835,1,0,0,0
27836,1,1,0,0
27837,1,0,0,0
27838,1,0,0,0
27839,1,0,0,0
27840,1,0,0,0
27842,1,0,0,0
27845,1,0,0,0
27847,1,0,0,0
27850,1,0,0,0
27853,1,0,0,0
27858,1,1,0,0
27859,1,1,1,0
27860,1,0,0,0
27863,1,1,0,\N
27864,1,0,0,0
27866,1,1,0,0
27868,1,0,0,0
27875,1,1,0,0
27876,1,0,0,0
27877,1,1,1,1
27879,0,\N,1,1
27881,1,0,0,0
27885,1,0,0,0
27889,1,1,1,1
27890,1,0,0,0
27891,1,0,0,0
27895,1,0,0,0
27898,1,1,1,0
27904,1,0,0,0
27906,1,1,1,1
27908,1,1,1,0
27913,1,1,1,1
27915,1,0,0,0
27917,1,0,0,0
27924,1,1,1,1
27928,1,0,0,0
27929,1,0,0,0
27931,1,1,0,0
27932,1,0,0,0
27934,1,0,0,0
27936,1,1,0,0
27938,1,0,0,0
27939,1,0,0,0
27941,1,0,0,0
27944,1,1,1,0
27945,1,1,1,0
27947,1,1,0,0
27949,1,0,0,0
27950,1,1,0,0
27954,1,0,0,0
27956,1,0,\N,1
27961,1,0,0,0
27963,1,1,0,0
27964,1,0,0,0
27966,1,0,0,0
27967,1,1,1,0
27968,1,1,0,0
27971,1,0,0,0
27973,1,0,0,0
27975,1,0,0,0
27978,1,1,0,0
27982,1,0,0,0
27985,1,0,0,0
27988,1,1,1,0
27990,1,1,0,0
27991,1,1,1,1
27992,1,0,0,0
27994,1,0,0,0
27995,1,1,0,0
27997,1,0,0,0
28001,1,0,0,0
28002,1,0,0,0
28008,0,\N,0,0
28009,1,0,0,0
28011,1,0,0,0
28014,1,0,0,0
28016,1,1,0,\N
28018,0,\N,1,1
28020,1,0,0,0
28022,1,0,0,0
28024,1,1,1,0
28028,1,1,0,0
28029,1,0,0,0
28034,1,0,0,0
28044,1,1,1,1
28045,1,0,0,0
28046,1,1,1,0
28047,1,0,0,0
28048,1,0,0,0
28051,1,1,1,0
28056,1,0,0,0
28057,1,0,0,0
28060,1,0,0,0
28061,1,1,0,0
28063,1,0,0,0
28065,1,1,1,0
28066,1,0,0,0
28067,1,0,0,0
28069,1,1,1,1
28072,1,0,0,0
28073,1,0,0,0
28074,1,0,0,0
28077,1,0,0,0
28079,1,0,0,0
28080,1,0,0,0
28082,1,0,0,0
28084,1,0,0,0
28085,1,0,0,0
28090,1,0,0,0
28091,1,0,0,0
28093,1,0,0,0
28095,1,0,0,0
28101,1,0,0,0
28102,1,0,0,0
28104,0,\N,1,1
28118,1,0,0,0
28119,1,0,0,0
28121,1,0,0,0
28126,1,0,0,0
28131,0,\N,0,0
28132,1,0,0,0
28134,1,0,0,0
28138,1,0,0,0
28140,1,0,0,0
28142,1,0,0,0
28144,1,0,0,0
28146,1,0,0,0
28147,1,0,\N,0
28149,1,0,0,0
28151,1,0,0,0
28153,1,1,1,0
28159,1,0,0,0
28162,1,0,0,0
28164,1,0,0,0
28165,1,0,0,0
28170,1,0,0,0
28173,1,0,0,0
28177,1,1,1,0
28179,1,0,0,0
28186,1,0,0,0
28187,1,0,0,0
28188,1,1,1,0
28189,1,0,0,0
28190,1,0,0,0
28192,1,1,0,0
28195,1,0,0,0
28196,1,1,1,1
28198,1,1,1,0
28200,1,0,0,0
28204,1,1,1,0
28206,1,0,0,0
28207,1,0,0,0
28208,1,0,0,0
28209,1,0,0,0
28210,1,0,0,0
28212,1,1,0,0
28218,1,1,0,0
28228,1,0,0,0
28232,1,1,1,0
28233,1,0,0,0
28236,1,0,0,0
28238,1,1,0,0
28241,1,1,0,0
28242,1,0,0,0
28244,1,0,0,0
28247,1,0,0,0
28248,1,1,0,0
28253,1,0,0,0
28254,1,0,0,0
28256,1,1,0,0
28261,1,0,0,0
28264,1,0,0,0
28267,1,0,0,0
28268,1,1,1,1
28272,1,0,0,0
28273,1,1,1,0
28274,1,0,0,0
28278,1,0,0,0
28281,1,0,0,0
28283,1,0,0,0
28288,1,0,0,0
28290,1,0,0,0
28298,1,0,0,0
28300,1,0,0,0
28309,1,1,1,1
28310,1,0,0,0
28311,1,0,0,0
28313,1,1,1,1
28315,1,0,0,0
28318,1,1,1,1
28323,1,1,0,0
28324,1,0,\N,0
28325,1,0,0,0
28328,1,1,1,0
28330,1,0,0,0
28332,1,0,0,0
28333,1,0,0,0
28336,1,0,0,0
28339,1,0,0,0
28340,1,0,0,0
28348,1,0,0,0
28350,1,0,0,0
28354,1,0,0,0
28359,1,1,1,0
28361,1,0,0,0
28366,1,1,1,0
28367,1,0,0,0
28368,1,0,0,0
28369,1,1,0,0
28370,1,1,0,0
28371,1,0,0,0
28375,1,0,0,0
28379,1,0,0,0
28380,1,0,0,0
28382,1,0,0,0
28388,1,0,0,0
28390,1,1,0,0
28391,1,1,0,0
28392,1,0,0,0
28394,1,0,0,0
28395,1,0,0,0
28396,1,0,0,0
28399,1,0,0,0
28401,1,1,0,0
28402,1,0,0,0
28405,1,1,0,0
28406,1,0,0,0
28407,1,1,0,0
28408,1,1,1,1
28409,1,1,0,0
28418,1,0,0,0
28420,1,0,0,0
28423,1,0,0,0
28425,1,0,0,0
28426,1,0,0,0
28428,1,1,1,1
28429,1,0,0,0
28431,1,0,0,0
28435,1,0,0,0
28436,1,0,0,0
28439,1,0,0,0
28441,1,1,1,1
28442,1,1,1,0
28452,1,0,0,0
28455,1,1,1,1
28456,1,1,0,0
28463,1,1,1,1
28466,1,0,0,0
28467,1,1,0,0
28469,1,0,0,0
28473,1,1,1,1
28483,1,0,0,0
28492,1,1,1,0
28494,1,0,0,0
28495,1,0,0,0
28497,1,0,0,0
28500,1,1,1,0
28501,1,1,1,0
28507,1,0,0,0
28508,1,0,0,0
28509,1,0,0,0
28510,1,0,0,0
28513,1,0,0,0
28515,1,0,0,0
28516,1,1,1,0
28517,1,1,0,0
28518,1,1,0,0
28526,1,0,0,0
28528,1,0,0,0
28533,1,0,0,0
28537,1,0,0,0
28542,1,0,0,0
28545,1,0,0,0
28549,1,0,0,0
28553,1,0,0,0
28563,1,0,0,0
28564,1,0,0,0
28570,1,1,0,0
28579,1,0,0,0
28583,1,0,0,0
28588,1,1,1,1
28589,1,1,1,1
28591,1,0,0,0
28592,1,0,0,0
28594,1,0,0,0
28598,1,1,1,0
28606,1,0,0,0
28609,1,0,0,0
28611,1,0,0,0
28613,1,1,0,0
28614,1,0,0,0
28616,1,0,0,0
28618,1,0,0,0
28619,1,1,1,1
28623,1,1,0,0
28624,1,0,0,0
28625,1,0,0,0
28632,1,1,1,1
28634,1,1,1,0
28635,1,1,0,0
28638,1,1,1,0
28639,1,0,0,0
28642,1,0,0,0
28643,1,1,0,0
28644,1,0,0,0
28647,1,1,0,0
28648,1,0,\N,0
28650,1,0,0,0
28654,1,0,0,0
28655,1,0,\N,1
28658,1,0,0,0
28659,1,0,0,0
28666,1,0,0,0
28671,1,0,0,0
28672,1,0,0,0
28674,1,0,0,0
28678,1,1,0,0
28680,1,1,0,0
28681,1,1,1,0
28682,1,0,\N,0
28683,1,0,0,0
28684,1,0,0,0
28685,1,0,0,0
28690,1,0,0,0
28693,1,0,0,0
28696,1,1,0,0
28697,1,1,1,0
28698,1,0,0,0
28700,1,1,1,0
28706,1,1,1,0
28713,1,1,1,1
28714,1,0,0,0
28715,1,1,1,0
28716,1,0,0,0
28719,1,0,0,0
28721,1,0,0,0
28723,1,0,0,0
28728,1,0,0,0
28735,1,0,0,0
28740,1,0,0,0
28742,1,1,1,1
28743,1,0,0,0
28746,0,\N,1,0
28749,1,0,0,0
28751,1,0,0,0
28753,1,0,0,0
28758,1,0,0,0
28761,1,1,1,0
28764,1,0,\N,0
28766,1,0,0,0
28768,1,0,0,0
28769,1,0,0,0
28773,1,0,0,0
28775,1,0,0,0
28776,1,0,0,0
28777,1,0,0,0
28779,1,1,1,0
28780,1,0,0,0
28781,1,0,0,0
28784,1,1,1,0
28785,1,0,0,0
28787,1,0,0,0
28792,1,0,0,0
28794,1,0,0,0
28798,1,0,0,0
28801,1,0,0,0
28802,1,0,0,0
28804,1,0,0,0
28805,1,0,0,0
28806,1,0,0,0
28811,1,0,0,0
28812,1,1,1,0
28814,1,0,0,0
28819,1,0,0,0
28824,1,0,0,0
28831,1,0,0,0
28832,1,1,0,0
28834,1,0,0,0
28836,1,0,0,0
28839,1,0,0,0
28840,1,0,0,0
28841,1,0,0,0
28843,1,1,0,0
28845,1,1,0,0
28848,1,0,0,0
28850,1,0,0,0
28851,1,1,1,0
28855,1,1,0,0
28856,1,1,0,0
28859,1,1,0,0
28860,1,0,0,0
28869,1,1,0,0
28872,1,0,0,0
28874,1,1,0,0
28875,1,0,0,0
28877,1,0,0,0
28884,1,0,0,0
28886,1,0,0,0
28888,1,0,0,0
28889,1,1,1,1
28892,1,0,0,0
28895,1,0,0,0
28900,1,0,0,0
28901,1,0,0,0
28902,1,0,0,0
28906,1,0,0,0
28907,1,0,0,0
28913,1,1,1,0
28925,1,0,0,0
28926,1,0,0,0
28935,1,0,0,0
28936,1,0,0,0
28938,1,0,0,0
28941,1,0,0,0
28943,1,0,0,0
28944,1,0,0,0
28946,1,0,0,0
28948,1,0,0,0
28951,1,0,0,0
28953,1,0,0,0
28956,1,0,0,0
28958,1,1,0,0
28960,1,0,0,0
28961,1,0,0,0
28962,1,1,1,1
28963,1,0,0,0
28965,1,1,0,\N
28968,1,0,0,0
28970,1,0,0,0
28971,1,0,0,0
28972,1,0,0,0
28973,1,1,1,1
28978,1,0,0,0
28979,1,0,0,0
28980,1,0,0,0
28981,1,0,0,0
28982,1,0,0,0
28983,1,0,0,0
28986,1,1,1,0
28987,1,0,0,0
28992,1,0,0,0
28994,1,0,0,0
28998,1,0,0,0
28999,1,0,0,0
29001,1,0,0,0
29004,1,0,0,0
29006,1,0,0,0
29007,1,0,0,0
29008,1,0,0,0
29017,1,0,0,0
29025,1,1,1,0
29026,1,0,0,0
29030,1,0,0,0
29032,1,0,0,0
29034,1,0,0,0
29040,1,1,1,0
29042,1,1,1,0
29049,1,0,0,0
29050,1,0,0,0
29052,1,1,0,0
29053,1,0,0,0
29054,1,0,0,0
29057,1,0,0,0
29058,1,1,1,1
29059,1,1,0,0
29061,1,0,0,0
29062,1,0,0,0
29064,1,0,0,0
29071,1,0,0,0
29074,1,0,0,0
29075,1,1,1,0
29077,1,0,0,0
29079,1,0,0,0
29080,1,1,0,0
29081,1,0,0,0
29083,1,0,0,0
29084,1,0,0,0
29089,1,1,1,1
29098,1,0,0,0
29099,1,0,0,0
29102,1,0,0,0
29106,1,1,1,0
29110,1,1,1,1
29116,1,0,0,0
29120,1,1,0,0
29124,1,0,0,0
29127,1,0,0,0
29132,1,1,0,0
29135,1,0,0,0
29137,1,0,0,0
29141,1,0,0,0
29142,1,0,0,0
29145,1,0,0,0
29146,1,0,0,0
29148,1,1,1,0
29153,1,0,0,0
29155,1,0,0,0
29157,1,1,0,0
29158,1,0,0,0
29162,1,1,0,0
29164,1,0,0,0
29166,1,1,1,1
29170,1,1,1,0
29173,1,0,0,0
29176,1,0,0,0
29178,1,0,\N,0
29179,1,1,1,1
29183,1,0,0,0
29189,1,1,1,1
29193,1,1,0,0
29195,1,1,0,0
29202,1,0,0,0
29203,1,0,0,0
29206,1,1,1,1
29207,1,0,0,0
29209,1,1,1,1
29217,1,0,0,0
29218,1,0,0,0
29224,1,1,0,0
29227,1,1,1,1
29228,1,1,1,1
29229,1,0,0,0
29231,1,0,0,0
29236,1,0,0,0
29239,1,0,0,0
29242,1,0,0,0
29243,1,0,0,0
29245,1,0,0,0
29246,1,1,1,0
29254,1,0,0,0
29259,1,0,0,0
29260,1,0,0,0
29261,1,0,0,0
29266,1,0,0,0
29267,1,0,0,0
29276,1,1,1,0
29280,1,0,0,0
29282,1,1,0,0
29283,1,0,0,0
29285,1,0,0,0
29290,1,1,0,0
29295,1,0,0,0
29298,1,1,0,0
29300,1,0,0,0
29303,1,0,0,0
29308,1,0,0,0
29309,1,0,0,0
29310,1,1,1,0
29313,1,0,0,0
29314,1,0,0,0
29319,0,\N,0,0
29320,1,0,0,0
29322,1,0,0,0
29326,1,1,0,0
29327,1,1,1,1
29328,1,0,0,0
29332,1,0,0,0
29336,1,0,\N,0
29337,1,0,0,0
29338,1,0,0,0
29340,1,0,0,0
29341,1,1,1,1
29345,1,0,0,0
29347,1,0,0,0
29348,1,1,1,1
29351,1,1,0,0
29356,0,\N,0,0
29360,1,0,0,0
29363,1,0,0,0
29368,1,0,0,0
29373,1,0,0,0
29374,1,1,1,1
29375,1,1,1,0
29378,1,0,0,0
29379,1,1,0,0
29385,1,0,0,0
29386,1,0,0,0
29390,1,1,0,0
29391,1,0,0,0
29397,1,1,0,0
29400,1,1,1,1
29402,1,1,0,\N
29403,1,1,1,1
29404,1,1,1,1
29405,1,1,1,1
29406,1,0,0,0
29409,1,0,0,0
29417,1,1,0,0
29426,0,\N,1,0
29427,1,0,0,0
29428,1,0,0,0
29433,1,0,0,0
29434,1,0,\N,0
29435,1,0,0,0
29436,1,1,1,1
29437,1,1,0,0
29442,1,1,1,1
29445,1,0,0,0
29447,1,0,0,0
29448,1,0,0,0
29451,1,0,0,0
29452,1,0,0,0
29453,1,0,0,0
29459,0,\N,1,1
29460,1,1,0,0
29462,1,0,0,0
29463,0,0,\N,1
29467,1,1,1,1
29469,1,0,0,0
29471,1,0,0,0
29473,1,0,0,0
29475,1,1,1,1
29482,1,0,0,0
29483,1,0,0,0
29486,1,1,0,0
29490,1,0,0,0
29493,1,0,0,0
29499,1,0,\N,1
29502,1,0,0,0
29504,1,1,0,0
29505,1,0,0,0
29506,1,1,1,0
29507,1,0,0,0
29510,1,0,0,0
29511,1,1,0,0
29512,1,0,0,0
29514,1,1,1,1
29515,1,0,0,0
29516,1,1,1,1
29518,1,0,0,0
29525,1,1,1,0
29526,1,0,0,0
29529,1,0,0,0
29532,1,1,0,0
29536,1,0,0,0
29540,1,0,0,0
29541,1,0,0,0
29542,1,1,1,1
29544,1,0,0,0
29549,1,0,0,0
29550,1,0,0,0
29553,1,0,0,0
29554,1,1,0,0
29557,1,0,0,0
29558,1,0,0,0
29559,1,0,0,0
29562,1,1,0,0
29563,1,0,0,0
29566,1,1,0,0
29567,1,0,0,0
29572,1,1,1,0
29573,1,0,0,0
29576,1,0,0,0
29578,1,1,0,0
29581,1,0,0,0
29582,1,0,0,0
29586,1,0,0,0
29587,1,1,1,1
29590,1,0,0,0
29593,1,1,0,0
29594,1,0,0,0
29599,1,0,0,0
29601,1,1,1,1
29603,1,0,0,0
29606,1,0,0,0
29607,1,1,1,1
29608,1,1,0,0
29613,1,1,0,0
29614,1,0,0,0
29622,1,0,0,0
29624,1,0,0,0
29625,1,0,0,0
29626,1,1,1,1
29632,1,0,0,0
29633,1,0,0,0
29641,1,0,0,0
29644,1,0,0,0
29645,1,0,0,0
29647,1,0,0,0
29648,1,0,0,0
29650,1,1,1,1
29652,1,0,0,0
29653,1,0,0,0
29654,1,1,0,0
29658,1,0,0,0
29659,1,0,0,0
29660,1,1,1,1
29662,1,1,0,0
29664,1,1,0,0
29666,1,1,0,0
29671,1,0,0,0
29679,1,0,0,0
29680,1,1,0,\N
29682,1,0,0,0
29683,1,0,0,0
29687,1,0,0,0
29689,1,0,0,0
29692,1,0,0,0
29694,1,0,0,0
29699,1,1,1,0
29700,1,1,0,0
29703,1,0,0,0
29704,0,\N,0,0
29706,1,0,0,0
29707,1,1,1,1
29708,1,0,0,0
29711,1,0,0,0
29712,1,0,0,0
29714,1,0,0,0
29718,1,1,1,0
29719,1,1,1,1
29720,1,0,0,0
29723,1,0,0,0
29724,1,0,0,0
29726,1,0,0,0
29727,1,0,0,0
29729,1,0,0,0
29730,1,0,0,0
29733,1,1,0,0
29736,1,1,1,1
29737,1,1,0,0
29739,1,1,1,0
29741,1,0,0,0
29748,1,0,0,0
29749,1,1,0,0
29750,1,1,0,0
29754,1,0,0,0
29755,1,0,0,0
29759,1,1,1,0
29767,1,0,0,0
29768,1,0,0,0
29769,1,0,0,0
29772,0,\N,0,0
29773,1,0,0,0
29776,1,1,0,0
29778,0,\N,1,0
29779,1,0,0,0
29781,1,1,1,0
29784,1,0,0,0
29791,1,0,0,0
29794,1,0,0,0
29796,1,0,0,0
29797,1,0,0,0
29798,1,0,0,0
29799,1,1,0,0
29806,1,1,0,0
29807,1,0,0,0
29809,1,0,0,0
29811,1,1,1,0
29813,1,0,0,0
29814,1,0,0,0
29816,1,0,0,0
29818,1,0,0,0
29820,1,1,0,0
29823,1,0,0,0
29824,1,0,0,0
29825,1,0,0,0
29828,1,0,0,0
29830,1,1,0,0
29831,1,0,0,0
29835,1,1,0,0
29836,1,1,0,\N
29840,1,1,0,0
29842,1,0,0,0
29844,1,1,0,0
29847,1,0,0,0
29848,1,1,0,0
29849,1,1,0,0
29852,1,0,0,0
29855,1,0,0,0
29857,1,1,1,0
29859,1,0,0,0
29864,1,0,0,0
29868,1,0,0,0
29869,1,0,0,0
29870,1,0,0,0
29872,1,0,0,0
29880,1,0,0,0
29882,1,0,0,0
29885,1,0,0,0
29896,1,1,0,0
29902,1,0,0,0
29904,1,1,0,0
29906,1,1,1,1
29907,1,0,0,0
29909,1,0,0,0
29911,1,1,1,0
29912,1,1,1,1
29913,1,1,1,1
29914,1,1,0,0
29915,0,\N,0,0
29921,1,0,0,0
29923,1,0,0,0
29932,1,1,0,\N
29936,1,1,0,0
29937,1,0,0,0
29938,1,0,0,0
29939,1,0,0,0
29943,1,1,1,0
29946,1,0,0,0
29954,1,0,0,0
29955,1,0,0,0
29956,1,0,0,0
29957,1,0,0,0
29958,1,0,0,0
29959,1,0,0,0
29960,1,0,0,0
29961,1,1,1,1
29964,1,0,0,0
29969,1,0,0,0
29970,1,0,0,0
29974,1,0,0,0
29979,1,1,1,0
29980,1,1,1,0
29981,1,0,0,0
29982,1,0,0,0
29984,1,1,1,1
29985,1,1,1,1
29990,1,1,0,0
29991,1,0,0,0
29992,1,0,0,0
29994,1,1,1,1
29995,1,0,0,0
29996,1,0,0,0
30005,1,0,0,0
30006,1,1,0,0
30010,1,0,0,0
30015,1,1,1,0
30017,1,0,0,0
30018,1,1,0,0
30021,1,0,0,0
30025,1,1,1,0
30026,1,0,0,0
30029,1,1,1,1
30032,0,\N,0,0
30034,1,0,0,0
30040,1,0,0,0
30041,1,0,0,0
30049,1,1,1,0
30052,1,0,0,0
30053,1,0,0,0
30054,1,0,0,0
30055,1,1,1,1
30058,1,0,0,0
30062,1,0,0,0
30064,1,1,1,0
30065,1,1,1,0
30068,1,0,0,0
30069,1,1,1,0
30070,1,1,1,0
30073,1,0,0,0
30074,1,0,0,0
30075,1,0,0,0
30081,1,0,0,0
30083,1,0,0,0
30085,1,0,0,0
30087,1,0,0,0
30088,1,1,0,0
30090,1,0,0,0
30091,1,1,0,0
30094,1,1,0,0
30099,1,0,0,0
30100,1,0,0,0
30101,1,1,0,0
30102,1,0,0,0
30105,1,1,1,0
30107,1,0,0,0
30114,1,0,0,0
30121,1,0,0,0
30122,1,1,0,0
30123,1,0,0,0
30126,1,0,0,0
30127,1,0,0,0
30128,1,0,0,0
30129,1,1,0,0
30131,1,1,0,0
30132,1,1,1,1
30133,1,1,1,1
30137,1,1,0,\N
30139,1,0,0,0
30141,1,0,0,0
30147,1,0,0,0
30154,1,0,0,0
30156,1,0,0,0
30157,1,0,0,0
30160,1,0,0,0
30162,1,1,0,0
30166,1,1,0,0
30167,1,0,0,0
30169,1,0,0,0
30171,1,1,1,1
30173,1,0,0,0
30175,1,1,1,1
30176,1,0,0,0
30178,1,1,0,0
30179,1,0,0,0
30181,1,1,1,0
30183,1,0,0,0
30186,1,0,0,0
30189,1,1,1,0
30190,1,0,0,0
30191,1,0,0,0
30198,1,1,0,0
30200,1,1,0,0
30203,1,1,1,0
30209,1,1,1,1
30213,1,0,0,0
30215,1,0,0,0
30216,1,1,1,0
30219,1,0,0,0
30225,1,0,0,0
30227,1,1,0,0
30229,0,\N,0,0
30230,1,0,0,0
30231,1,0,\N,0
30232,1,1,0,0
30236,1,0,0,0
30237,1,0,0,0
30239,1,0,0,0
30242,1,1,0,0
30244,1,1,0,0
30254,1,0,0,0
30256,1,0,0,0
30259,1,0,0,0
30261,1,0,0,0
30263,1,0,0,0
30264,1,1,1,0
30268,1,0,0,0
30270,1,0,0,0
30272,1,1,0,0
30273,0,\N,0,0
30276,1,0,0,0
30277,1,0,0,0
30278,1,0,0,0
30280,1,0,0,0
30281,1,0,0,0
30286,1,0,0,0
30287,1,0,0,0
30289,1,1,0,0
30290,1,1,0,0
30295,1,0,0,0
30296,1,0,0,0
30300,1,0,0,0
30302,1,1,1,1
30304,1,0,0,0
30306,1,0,0,0
30312,1,0,0,0
30314,1,1,0,0
30316,1,0,0,0
30318,1,0,0,0
30320,1,0,0,0
30321,1,0,0,0
30323,1,0,0,0
30325,1,0,0,0
30326,1,0,0,0
30331,1,1,1,0
30333,1,0,0,0
30334,1,1,1,1
30335,1,0,0,0
30336,1,1,0,0
30338,1,0,0,0
30341,1,1,0,\N
30345,1,1,0,0
30347,1,0,0,0
30352,1,0,0,0
30359,1,0,0,0
30361,1,0,0,0
30367,1,0,0,0
30369,1,0,0,0
30374,1,0,0,0
30377,1,0,0,0
30378,1,1,1,0
30385,1,0,0,0
30386,1,1,0,0
30387,1,0,0,0
30388,1,0,0,0
30389,1,0,0,0
30390,1,0,0,0
30391,1,1,0,0
30393,1,0,0,0
30394,1,1,0,0
30396,1,1,1,1
30398,1,1,1,1
30399,1,0,0,0
30403,1,0,0,0
30405,1,0,0,0
30406,1,0,0,0
30408,1,0,0,0
30412,1,1,0,0
30415,1,0,0,0
30417,1,0,0,0
30418,1,1,1,1
30420,1,0,0,0
30422,1,1,1,0
30423,1,0,0,0
30425,1,1,1,1
30426,1,0,0,0
30427,1,0,0,0
30433,1,0,\N,1
30436,1,0,0,0
30448,1,0,0,0
30452,1,0,0,0
30453,1,0,0,0
30459,1,0,0,0
30464,1,1,1,1
30468,1,1,1,0
30471,1,0,0,0
30477,1,0,0,0
30478,1,0,0,0
30479,1,1,1,0
30481,1,0,0,0
30482,1,1,0,0
30487,1,0,0,0
30488,1,0,0,0
30490,1,0,0,0
30493,0,\N,1,0
30494,1,0,0,0
30495,1,0,0,0
30501,1,1,0,0
30502,1,1,1,1
30503,1,1,1,1
30505,1,0,0,0
30511,1,1,0,0
30513,1,0,0,0
30514,1,0,0,0
30515,1,0,0,0
30517,1,0,0,0
30520,1,1,1,1
30525,1,0,0,0
30526,1,0,0,0
30528,1,1,1,1
30529,1,0,0,0
30535,1,1,1,1
30538,1,1,1,0
30548,1,0,0,0
30549,1,1,1,0
30551,1,0,0,0
30555,1,0,0,0
30556,1,1,1,0
30557,1,1,1,0
30563,1,0,0,0
30564,1,0,0,0
30581,1,1,1,1
30588,1,0,0,0
30591,1,1,1,1
30593,1,1,1,0
30594,1,0,0,0
30596,1,0,0,0
30599,1,0,0,0
30605,1,0,0,0
30606,1,0,0,0
30615,1,1,0,0
30617,1,1,1,1
30618,1,1,1,0
30620,1,0,0,0
30623,1,0,0,0
30624,1,0,\N,1
30626,1,0,0,0
30629,1,0,0,0
30632,1,0,0,0
30633,1,1,1,0
30634,1,0,0,0
30636,1,0,0,0
30638,1,1,0,0
30641,1,1,1,1
30646,1,1,1,0
30649,1,1,0,0
30650,1,1,1,0
30652,1,0,0,0
30656,1,0,0,0
30657,1,0,0,0
30660,1,0,0,0
30661,1,0,0,0
30663,1,1,0,0
30668,1,1,0,0
30670,1,0,0,0
30672,1,0,0,0
30673,1,0,0,0
30676,1,0,0,0
30678,1,1,0,0
30686,1,1,1,0
30689,1,1,1,0
30690,1,0,0,0
30691,1,0,0,0
30696,1,0,0,0
30697,1,0,0,0
30700,1,0,0,0
30701,1,1,1,1
30702,1,0,0,0
30704,1,0,0,0
30705,1,0,0,0
30706,1,0,0,0
30709,1,1,0,0
30710,1,1,1,1
30712,1,1,0,0
30716,1,0,0,0
30718,0,\N,1,0
30722,1,0,0,0
30725,1,0,0,0
30726,1,1,1,1
30727,1,0,0,0
30728,1,1,1,1
30733,1,0,0,0
30735,1,1,1,1
30737,1,0,0,0
30738,1,0,0,0
30745,1,0,0,0
30746,1,0,0,0
30747,1,1,0,0
30751,1,0,0,0
30753,1,0,0,0
30759,1,0,0,0
30761,1,1,1,1
30764,1,0,0,0
30772,1,1,0,0
30774,1,1,0,0
30775,1,0,0,0
30777,1,0,0,0
30778,1,1,0,0
30781,1,1,1,1
30783,1,1,0,0
30786,1,1,1,1
30788,1,1,0,0
30790,1,1,0,0
30793,1,1,0,0
30796,1,0,0,0
30799,1,1,1,1
30802,1,0,0,0
30805,1,0,0,0
30808,1,0,0,0
30813,1,1,1,1
30814,1,0,0,0
30815,1,0,0,0
30820,1,1,1,1
30821,1,0,0,0
30822,1,0,0,0
30823,1,0,\N,1
30836,1,1,0,0
30838,1,0,0,0
30839,1,0,0,0
30841,1,1,0,0
30845,1,0,0,0
30848,1,0,0,0
30850,1,1,1,1
30853,1,1,0,0
30854,1,0,0,0
30856,1,0,0,0
30859,1,0,0,0
30860,1,1,0,0
30861,1,0,0,0
30862,1,0,0,0
30868,1,0,0,0
30871,1,0,0,0
30872,1,0,0,0
30875,1,1,0,0
30880,1,1,1,1
30882,1,0,0,0
30883,1,1,0,0
30889,1,0,0,0
30892,1,0,0,0
30894,1,0,0,0
30898,1,1,0,0
30901,1,0,0,0
30906,1,0,0,0
30908,1,1,1,0
30909,1,0,0,0
30911,1,0,0,0
30912,1,1,1,1
30914,1,0,0,0
30919,1,1,1,1
30921,1,1,0,0
30922,1,0,0,0
30923,1,0,0,0
30924,1,0,0,0
30925,1,0,0,0
30927,1,0,0,0
30929,1,0,0,0
30940,1,0,0,0
30941,1,0,0,0
30947,1,0,0,0
30948,1,1,1,1
30951,1,1,1,0
30952,1,0,0,0
30954,1,0,0,0
30959,1,0,0,0
30960,0,\N,0,0
30961,1,1,1,1
30962,1,0,0,0
30963,1,1,1,0
30964,1,0,0,0
30965,1,0,0,0
30966,1,1,0,0
30970,1,1,0,0
30971,1,1,0,0
30972,1,1,1,1
30974,1,0,0,0
30976,1,0,0,0
30978,1,0,0,0
30980,1,0,0,0
30983,1,1,0,0
30986,1,0,0,0
30987,1,0,0,0
30988,0,\N,1,0
30990,1,0,0,0
30991,1,1,0,0
30992,1,1,1,1
30993,1,0,0,0
30995,1,0,0,0
30998,1,0,0,\N
31000,1,1,1,1
31001,1,0,0,0
31004,1,0,0,0
31005,1,1,1,1
31006,1,0,0,0
31008,1,0,0,0
31017,1,0,0,0
31020,1,0,0,0
31031,1,1,1,1
31032,1,0,0,0
31034,1,0,0,0
31036,1,0,\N,1
31040,1,0,0,0
31042,1,1,1,0
31043,1,1,0,0
31044,1,1,1,0
31049,1,0,0,0
31050,1,0,0,0
31051,1,1,1,0
31053,1,1,0,0
31056,1,1,0,0
31059,1,0,0,0
31060,1,0,\N,0
31067,1,1,1,0
31072,1,0,0,0
31076,1,0,0,0
31077,1,0,0,0
31078,1,0,\N,0
31080,1,0,0,0
31081,1,1,1,0
31085,1,0,0,0
31087,1,0,0,0
31089,1,0,0,0
31091,1,1,1,1
31092,1,0,0,0
31094,1,0,0,0
31096,1,1,0,0
31097,1,1,0,0
31101,1,0,0,0
31102,1,0,0,0
31103,1,0,0,0
31108,1,0,0,0
31109,1,0,0,0
31114,1,1,0,0
31116,1,1,1,0
31119,1,0,0,0
31120,1,0,0,0
31121,1,0,0,0
31124,1,1,1,1
31126,1,1,0,0
31128,1,1,1,0
31129,1,1,0,0
31131,1,1,1,0
31133,1,1,1,1
31141,1,1,0,0
31147,1,0,0,0
31148,1,1,1,1
31150,1,1,1,0
31151,1,0,0,0
31153,1,0,0,0
31155,1,0,0,0
31156,0,\N,0,0
31157,1,1,1,0
31160,1,1,1,0
31161,1,0,0,0
31165,1,1,0,0
31166,1,0,0,0
31167,1,0,0,0
31168,1,0,0,0
31169,1,0,0,0
31170,1,1,1,0
31179,1,1,0,0
31186,1,0,0,0
31197,1,0,0,0
31198,1,0,0,0
31199,1,1,1,0
31205,1,0,0,0
31207,1,0,0,0
31208,1,0,0,0
31210,1,0,0,0
31214,1,0,0,0
31217,1,1,0,0
31218,1,0,0,0
31219,1,1,0,0
31220,1,0,0,0
31225,1,1,0,0
31226,1,0,0,0
31228,1,0,0,0
31237,1,0,0,0
31238,1,0,0,0
31244,1,0,0,0
31248,1,1,1,0
31250,1,1,0,0
31252,1,1,1,0
31253,1,1,1,0
31255,1,0,0,0
31256,1,0,0,0
31257,1,0,0,0
31260,1,1,1,1
31261,1,0,0,0
31262,1,1,1,1
31263,1,0,0,0
31264,1,0,0,0
31269,1,0,0,0
31270,1,1,1,0
31271,1,0,0,0
31273,1,1,1,1
31276,1,0,0,0
31280,1,0,0,0
31283,1,1,0,0
31289,0,\N,1,1
31290,1,1,1,0
31291,1,0,0,0
31292,1,1,1,0
31294,1,1,1,1
31295,1,0,0,0
31296,1,0,0,0
31301,1,1,0,0
31303,1,0,0,0
31305,1,1,1,1
31308,1,1,1,0
31310,1,0,0,0
31313,1,0,0,0
31319,1,0,0,0
31326,1,0,0,0
31327,1,1,0,0
31329,1,0,0,0
31333,1,0,0,0
31338,1,1,1,0
31339,1,0,0,0
31341,1,0,0,0
31343,0,\N,0,0
31345,1,0,0,0
31346,1,0,0,0
31350,1,0,0,0
31351,1,1,0,0
31352,1,0,0,0
31353,1,1,0,0
31355,1,1,0,0
31356,1,1,0,0
31359,1,0,0,0
31360,1,0,0,0
31362,1,1,1,0
31364,1,0,0,0
31367,1,1,1,0
31368,1,0,0,0
31371,1,1,0,\N
31373,1,0,0,0
31377,1,0,0,0
31380,1,1,0,0
31381,1,1,0,0
31384,1,0,0,0
31386,1,0,0,0
31394,1,0,0,0
31395,1,0,0,0
31399,1,1,1,1
31400,1,0,0,0
31402,1,0,0,0
31404,1,0,0,0
31409,1,0,0,0
31411,1,0,0,0
31412,1,0,0,0
31415,1,1,0,0
31420,1,1,0,0
31421,1,0,0,0
31424,1,0,0,0
31426,1,0,0,0
31427,1,0,0,0
31429,1,0,0,0
31431,1,0,0,0
31435,1,0,0,0
31437,1,1,0,0
31439,1,0,0,0
31440,1,0,0,0
31444,1,0,0,0
31445,1,0,0,0
31449,1,0,0,0
31453,1,0,0,0
31456,1,0,0,0
31459,1,1,1,0
31461,1,1,0,0
31462,1,0,0,0
31465,1,1,1,1
31469,1,0,0,0
31470,1,1,0,0
31473,1,0,0,0
31474,1,1,0,0
31476,1,0,0,0
31480,1,0,0,0
31482,1,1,1,0
31484,1,0,0,0
31485,1,1,0,\N
31488,1,0,0,0
31490,1,0,0,0
31491,1,1,0,0
31494,1,0,0,0
31495,1,0,0,0
31498,1,0,0,0
31500,1,0,0,0
31505,1,0,0,0
31506,1,0,0,0
31507,1,0,0,0
31511,1,0,0,0
31515,1,0,0,0
31516,1,1,1,1
31517,1,0,0,0
31519,1,1,0,\N
31525,1,0,0,0
31526,1,1,0,0
31528,1,0,0,0
31529,1,0,0,0
31530,1,1,1,0
31532,1,0,0,0
31537,1,0,0,0
31538,1,1,1,1
31539,1,0,0,0
31540,1,0,0,0
31541,1,1,0,0
31545,1,0,0,0
31546,1,0,0,0
31547,1,1,1,0
31548,1,0,0,0
31551,1,1,1,1
31552,1,0,0,0
31553,1,1,0,0
31554,1,0,0,0
31560,1,1,0,0
31562,1,0,0,0
31565,1,1,1,1
31566,1,0,0,0
31567,1,0,0,0
31568,1,0,0,0
31569,1,0,0,0
31573,1,0,0,0
31574,1,0,0,0
31575,1,0,0,0
31578,1,0,0,0
31579,1,1,1,1
31580,1,0,0,0
31584,1,0,0,0
31585,1,0,0,0
31587,1,0,0,0
31588,1,0,0,0
31589,1,0,0,0
31593,1,0,0,0
31594,1,0,0,0
31595,1,0,0,0
31596,1,1,0,0
31598,1,1,0,0
31602,1,0,0,0
31605,1,0,0,0
31608,1,0,0,0
31612,0,\N,0,0
31614,1,0,0,0
31615,1,0,0,0
31617,1,1,0,0
31619,1,1,1,1
31622,1,1,0,0
31627,1,1,1,1
31628,1,1,1,1
31645,1,1,1,0
31654,1,0,0,0
31655,1,0,0,0
31656,1,1,0,0
31657,1,1,0,0
31664,1,0,0,0
31671,1,1,1,0
31673,1,0,0,0
31676,1,0,0,0
31678,1,0,0,0
31680,1,0,0,0
31681,1,0,0,0
31684,1,0,0,0
31686,1,0,0,0
31687,1,1,0,0
31691,1,0,0,0
31693,1,0,0,0
31695,1,0,\N,0
31696,1,0,0,0
31703,1,0,0,0
31706,1,0,0,0
31707,1,1,0,0
31711,1,0,0,0
31712,1,1,0,0
31713,1,1,0,0
31715,1,1,0,0
31722,1,0,0,0
31725,1,0,0,0
31727,1,0,0,0
31732,1,1,1,1
31733,1,0,0,0
31736,1,0,0,0
31739,1,1,0,\N
31740,1,0,0,0
31741,1,0,0,0
31742,1,0,0,0
31746,1,1,0,0
31748,1,0,0,0
31749,1,0,0,0
31754,1,1,0,0
31755,1,1,0,0
31759,1,1,1,1
31763,1,1,0,0
31772,0,0,\N,0
31773,1,1,0,0
31776,1,0,0,0
31778,1,0,0,0
31779,1,0,0,0
31781,1,0,0,0
31785,1,0,0,0
31786,0,\N,1,1
31788,1,0,0,0
31790,1,0,0,0
31791,1,1,0,0
31796,1,0,0,0
31798,1,1,0,0
31802,1,1,1,0
31804,1,0,0,0
31808,1,0,0,0
31809,1,0,0,0
31810,1,1,0,0
31812,1,0,0,0
31815,1,0,0,0
31816,1,0,0,0
31817,1,0,0,0
31823,1,1,1,1
31824,1,0,0,0
31826,1,0,0,0
31827,1,0,0,0
31828,1,0,0,0
31830,1,1,0,0
31833,1,1,1,1
31834,1,0,0,0
31845,1,0,0,0
31846,1,0,0,0
31847,1,0,0,0
31849,1,0,0,0
31851,1,0,0,0
31853,1,0,0,0
31867,1,1,1,1
31874,1,0,0,0
31875,1,0,0,0
31879,1,0,0,0
31881,1,0,0,0
31882,1,0,0,0
31883,1,0,0,0
31891,1,1,0,0
31892,1,1,1,1
31896,1,0,0,0
31898,1,0,0,0
31901,1,0,0,0
31908,1,0,0,0
31910,1,0,0,0
31913,1,0,0,0
31914,1,0,0,0
31915,1,0,0,0
31916,1,0,0,0
31917,1,0,0,0
31921,1,1,1,1
31923,1,0,0,0
31925,1,0,0,0
31926,1,0,0,0
31929,1,0,0,0
31931,1,1,0,0
31933,1,0,0,0
31937,1,0,0,0
31942,1,1,1,1
31943,1,0,0,0
31944,1,1,1,0
31954,1,1,0,0
31959,1,0,0,0
31960,1,0,0,0
31963,1,1,0,0
31967,1,1,1,1
31973,1,0,0,0
31976,1,1,0,0
31982,1,1,0,0
31989,1,0,0,0
31992,1,0,0,0
31996,1,0,0,0
31998,1,1,1,1
32003,1,0,0,0
32010,1,0,0,0
32014,1,0,0,0
32015,1,0,0,0
32017,1,0,0,0
32018,1,1,1,1
32020,1,1,0,0
32023,1,0,0,0
32024,1,0,0,0
32025,1,1,0,0
32029,1,0,0,0
32031,1,0,0,0
32037,1,1,0,0
32047,1,0,0,0
32049,1,1,0,0
32050,1,0,0,0
32053,1,0,0,0
32059,1,0,0,0
32061,1,0,0,0
32064,1,1,0,0
32069,1,0,0,0
32072,1,0,0,0
32075,1,1,1,0
32078,1,1,1,0
32082,1,0,0,0
32084,1,1,1,0
32089,1,1,0,0
32090,1,0,0,0
32091,1,0,0,0
32092,1,0,0,0
32094,1,1,0,0
32096,1,0,0,0
32097,1,1,1,1
32098,1,0,0,0
32099,1,0,0,0
32100,1,1,1,0
32101,1,1,1,1
32102,1,0,0,0
32105,1,0,0,0
32107,1,0,0,0
32112,1,1,0,0
32113,1,1,1,0
32114,1,0,0,0
32115,1,0,0,0
32116,1,0,0,0
32117,1,0,0,0
32118,1,1,0,0
32120,1,1,0,0
32125,1,1,0,0
32126,1,0,0,0
32135,1,0,0,0
32136,1,0,0,0
32143,1,0,0,0
32150,1,1,1,1
32151,1,0,0,0
32159,1,1,0,0
32160,1,1,1,1
32161,1,1,1,1
32162,1,0,0,0
32165,1,0,0,0
32166,1,0,0,0
32168,1,0,0,0
32170,1,0,0,0
32177,1,0,0,0
32183,1,0,0,0
32184,1,1,1,0
32188,1,0,0,0
32189,1,1,0,0
32196,1,1,1,1
32198,1,0,0,0
32199,1,1,1,0
32200,1,0,0,0
32202,1,1,1,1
32209,1,0,0,0
32212,1,1,0,0
32213,1,0,0,0
32215,1,0,0,0
32217,1,0,0,0
32218,1,0,0,0
32222,1,0,0,0
32225,1,0,0,0
32227,1,0,0,0
32230,1,1,1,1
32233,1,0,0,0
32236,1,1,0,0
32238,1,0,0,0
32239,1,0,0,0
32240,1,0,0,0
32241,1,1,1,0
32244,1,0,0,0
32250,1,0,0,0
32252,1,1,1,0
32254,1,1,0,0
32256,1,1,0,0
32257,1,0,0,0
32259,1,0,0,0
32261,1,0,0,0
32263,1,0,0,0
32265,1,1,0,0
32267,1,0,0,0
32269,1,0,0,0
32273,1,0,0,0
32275,1,0,0,0
32280,1,0,0,0
32283,1,0,0,0
32284,1,1,0,0
32285,1,0,0,0
32287,1,1,1,1
32291,1,0,0,0
32295,1,1,0,0
32296,1,1,1,0
32297,1,0,0,0
32300,1,1,0,0
32304,1,0,0,0
32305,1,0,0,0
32306,1,0,0,0
32309,1,1,1,0
32312,1,0,0,0
32313,1,0,0,0
32315,1,0,0,0
32317,1,0,0,0
32318,1,1,0,0
32320,1,1,1,0
32328,1,1,0,0
32329,1,0,0,0
32337,1,1,1,0
32338,1,1,0,0
32343,1,0,0,0
32345,1,0,0,0
32350,1,0,0,0
32351,1,0,0,0
32352,1,1,1,1
32354,1,1,1,0
32356,1,0,0,0
32359,1,0,0,0
32361,1,1,0,0
32363,1,0,\N,0
32366,1,1,1,0
32370,1,1,1,1
32373,1,1,0,0
32374,1,0,0,0
32375,1,0,0,0
32376,1,0,\N,0
32377,1,1,1,1
32379,1,1,1,0
32382,1,1,1,0
32383,1,0,0,0
32389,1,0,0,0
32390,1,0,0,0
32393,1,1,1,1
32395,1,0,0,0
32396,1,1,0,0
32398,1,0,0,0
32400,1,1,0,0
32404,1,0,0,0
32405,1,1,0,0
32407,1,1,0,0
32409,1,0,0,0
32417,1,0,\N,1
32418,1,0,0,0
32422,1,0,0,0
32428,1,1,0,0
32433,1,1,0,0
32436,1,0,0,0
32438,1,0,0,0
32440,1,0,0,0
32441,1,1,0,\N
32442,1,0,0,0
32446,1,0,0,0
32452,1,1,1,1
32454,1,0,0,0
32455,1,0,0,0
32457,1,1,0,0
32459,1,0,0,0
32461,1,0,0,0
32465,1,1,0,0
32474,1,0,0,0
32481,1,0,0,0
32482,1,0,0,0
32485,1,0,0,0
32486,1,0,0,0
32489,1,0,0,0
32490,1,0,0,0
32497,1,0,0,0
32499,1,0,0,0
32504,0,\N,0,0
32506,1,1,1,0
32507,1,0,0,0
32508,1,0,0,0
32509,1,1,0,0
32510,1,1,0,0
32511,1,0,0,0
32518,1,0,0,0
32520,1,0,0,0
32523,1,0,0,0
32524,1,0,0,0
32528,1,0,0,0
32531,1,1,1,0
32534,1,0,0,0
32541,1,1,1,0
32542,1,0,0,0
32543,1,1,1,0
32546,1,0,0,0
32548,1,0,0,0
32550,1,0,0,0
32551,1,0,0,0
32554,1,0,0,0
32556,1,0,0,0
32557,1,1,1,0
32565,1,1,1,0
32568,1,1,1,0
32571,1,1,1,0
32572,1,0,0,0
32573,1,0,0,0
32576,1,1,0,0
32577,1,1,1,0
32580,1,0,0,0
32581,1,1,1,1
32583,1,1,0,0
32584,1,0,0,0
32588,1,0,0,0
32589,1,0,0,0
32592,1,1,0,0
32595,1,0,0,0
32599,1,0,0,0
32605,1,0,0,0
32606,1,0,0,0
32608,1,0,0,0
32610,1,0,0,0
32611,1,0,0,0
32621,1,1,0,0
32622,1,0,0,0
32626,1,0,0,0
32627,1,1,0,0
32628,1,1,1,1
32629,1,1,1,1
32632,1,0,0,0
32633,1,0,0,0
32634,1,0,0,0
32635,1,0,0,0
32636,1,0,0,0
32637,1,0,0,0
32638,1,0,0,0
32639,1,0,0,0
32640,1,1,0,0
32643,1,0,0,0
32645,1,0,0,0
32646,1,0,0,0
32648,1,0,0,0
32651,1,0,0,0
32652,1,0,0,0
32654,1,0,0,0
32656,1,1,0,\N
32663,1,0,0,0
32665,1,0,0,0
32667,1,1,1,0
32671,1,0,0,0
32677,1,1,1,0
32681,1,0,0,0
32682,1,1,1,1
32689,1,0,0,0
32690,1,0,0,0
32692,1,0,0,0
32695,1,1,0,0
32700,1,1,1,1
32706,1,0,0,0
32710,1,0,0,0
32713,1,1,1,1
32714,1,0,0,0
32717,1,1,0,0
32719,1,0,0,0
32725,1,0,0,0
32732,1,1,1,0
32738,1,1,0,0
32739,1,0,0,0
32741,1,0,0,0
32742,1,1,0,0
32744,1,0,0,0
32746,1,0,0,0
32757,1,0,0,0
32759,1,0,0,0
32761,1,1,0,0
32765,1,0,0,0
32766,1,1,1,0
32769,1,1,0,\N
32770,1,1,1,1
32773,1,1,1,1
32774,1,1,1,1
32777,1,0,0,0
32782,1,0,0,0
32785,1,0,0,0
32787,1,0,0,0
32788,1,1,0,0
32790,1,0,0,0
32793,1,0,0,0
32795,1,0,0,0
32797,1,0,0,0
32801,1,0,0,0
32803,1,0,0,0
32808,1,1,1,1
32815,1,0,0,0
32819,1,0,0,0
32820,1,0,0,0
32824,0,\N,0,0
32831,1,0,0,0
32835,1,0,0,0
32836,1,0,0,0
32839,0,\N,1,1
32840,1,1,0,0
32842,1,0,0,0
32844,1,0,0,0
32845,1,1,0,0
32847,1,0,0,0
32848,1,1,1,0
32850,1,0,0,0
32851,1,1,0,0
32852,1,0,0,0
32855,1,0,0,0
32858,1,0,0,0
32859,1,0,0,0
32862,1,0,0,0
32863,1,0,0,0
32865,1,0,0,0
32869,1,0,0,0
32870,1,1,0,0
32874,0,\N,0,0
32881,1,0,0,0
32886,1,0,0,0
32887,1,0,0,0
32888,1,0,0,0
32890,1,1,1,1
32892,1,0,0,0
32894,1,0,0,0
32902,1,1,1,0
32903,1,1,1,1
32905,1,1,1,1
32908,1,0,0,0
32910,1,0,0,0
32911,1,0,0,0
32913,1,1,0,0
32915,1,0,0,0
32917,1,0,0,0
32921,1,0,0,0
32922,1,1,1,1
32924,1,0,0,0
32932,1,0,0,0
32935,1,0,0,0
32937,1,1,1,0
32942,1,0,0,0
32945,1,0,0,0
32948,1,0,0,0
32954,1,0,\N,0
32955,1,1,0,0
32956,1,0,0,0
32957,1,0,0,0
32962,1,0,0,0
32966,1,0,0,0
32972,1,1,0,0
32975,1,0,0,0
32976,1,1,1,0
32984,1,1,1,0
32986,1,0,0,0
32988,1,1,0,0
32990,1,1,1,0
32991,1,1,0,0
32992,1,1,1,0
32995,1,0,0,0
32998,1,0,0,0
33002,1,1,1,1
33003,1,0,0,0
33004,1,1,1,1
33008,1,0,0,0
33013,1,0,0,0
33014,1,0,0,0
33015,1,1,1,0
33016,1,1,0,0
33020,1,0,0,0
33022,1,0,0,0
33023,1,0,0,0
33025,1,0,0,0
33029,0,\N,0,0
33031,1,0,0,0
33035,1,0,0,0
33037,1,0,0,0
33042,1,0,0,0
33045,1,0,0,0
33050,1,0,0,0
33051,1,0,0,0
33059,1,0,0,0
33062,1,1,1,0
33065,1,0,0,0
33066,1,0,0,0
33070,1,0,0,0
33072,1,0,0,0
33075,1,0,0,0
33079,1,1,1,0
33086,1,1,1,1
33089,1,0,0,0
33091,1,0,0,0
33097,1,0,0,0
33099,1,1,0,0
33100,1,1,0,0
33111,1,1,0,0
33112,1,0,0,0
33114,1,0,0,0
33117,1,0,0,0
33118,1,0,0,0
33119,1,0,0,0
33121,1,0,0,0
33126,1,0,0,0
33127,1,1,0,0
33133,1,0,0,0
33138,1,1,1,0
33139,1,1,0,0
33142,1,0,0,0
33144,1,1,1,0
33149,1,1,0,0
33150,1,1,1,0
33154,1,1,1,0
33155,1,0,0,0
33160,1,1,0,0
33163,1,0,0,0
33164,1,0,0,0
33168,1,0,0,0
33169,1,1,0,0
33173,1,1,0,0
33176,1,0,0,0
33180,1,1,1,0
33184,1,1,0,0
33185,1,0,0,0
33186,1,0,0,0
33188,1,1,1,1
33189,1,0,0,0
33193,1,1,1,1
33196,1,0,0,0
33202,1,0,0,0
33206,1,1,1,1
33208,1,0,0,0
33209,1,0,0,0
33212,1,0,0,0
33217,1,1,0,0
33218,1,0,0,0
33219,1,1,0,0
33220,1,1,1,0
33224,1,1,1,1
33228,1,0,0,0
33232,1,0,0,0
33233,1,1,0,0
33234,1,1,0,0
33235,1,1,0,0
33237,1,0,0,0
33240,0,\N,0,0
33243,1,0,0,0
33247,1,1,1,1
33249,1,0,0,0
33251,1,0,0,0
33255,1,0,0,0
33256,1,1,0,0
33258,1,1,0,0
33261,1,0,0,0
33262,1,0,0,0
33264,1,1,1,1
33267,1,1,1,0
33269,1,0,0,0
33270,1,0,0,0
33271,1,1,1,1
33273,1,0,0,0
33274,1,0,0,0
33278,1,0,0,0
33280,1,1,0,0
33282,1,0,0,0
33284,1,0,0,0
33286,1,0,0,0
33294,1,1,1,0
33295,1,0,0,0
33300,1,1,0,0
33305,1,0,0,0
33306,1,0,0,0
33309,1,1,1,0
33310,1,0,0,0
33312,1,1,0,0
33313,1,0,0,0
33315,1,0,0,0
33316,1,1,1,0
33317,1,1,1,1
33321,1,0,0,0
33325,1,1,0,0
33331,1,1,1,1
33332,1,0,0,0
33334,1,1,0,\N
33336,1,0,\N,0
33342,1,0,0,0
33344,1,1,0,0
33346,1,0,0,0
33348,1,0,0,0
33350,1,1,1,1
33352,1,1,1,1
33354,1,0,0,0
33357,1,0,0,0
33363,1,1,1,0
33368,1,0,0,0
33373,1,1,1,0
33378,1,0,0,0
33382,1,1,1,0
33386,1,0,0,0
33387,1,0,0,0
33389,1,1,0,0
33390,1,1,1,0
33393,1,1,1,1
33395,1,0,0,0
33400,1,1,1,1
33403,1,1,1,0
33404,1,0,0,0
33405,1,0,0,0
33406,1,0,0,0
33408,1,0,0,0
33409,1,1,1,1
33411,1,0,0,0
33417,1,1,1,1
33418,1,0,0,0
33420,1,1,1,0
33429,1,0,0,0
33431,1,0,0,0
33435,1,0,0,0
33437,1,1,0,0
33440,1,0,0,0
33441,1,1,0,0
33444,1,0,0,0
33451,1,1,0,0
33453,1,0,0,0
33459,1,0,0,0
33461,1,0,0,0
33462,1,0,0,0
33465,1,1,1,1
33468,1,0,0,0
33469,1,1,1,0
33470,1,0,0,0
33474,1,1,1,0
33481,1,0,0,0
33486,1,0,0,0
33487,1,0,0,0
33488,1,1,0,\N
33490,1,0,0,0
33491,1,0,0,0
33494,1,0,0,0
33496,1,0,0,0
33501,1,0,0,0
33506,1,1,0,0
33509,1,1,1,0
33510,1,0,0,0
33512,1,0,0,0
33515,1,1,1,1
33521,1,0,0,0
33524,1,0,0,0
33536,1,0,0,0
33538,1,0,0,0
33539,1,0,0,0
33540,1,0,0,0
33541,1,0,0,\N
33544,1,0,0,0
33546,1,0,0,0
33547,1,0,0,0
33554,1,1,0,0
33557,1,0,0,0
33568,1,1,0,0
33569,1,0,\N,1
33570,1,0,0,0
33572,1,0,0,0
33575,1,0,0,0
33577,1,0,0,0
33580,1,0,0,0
33589,1,0,0,0
33590,1,1,0,0
33591,1,0,0,0
33595,1,1,1,1
33596,1,0,0,0
33599,1,0,0,0
33602,1,0,0,0
33604,1,0,0,0
33606,1,0,0,0
33612,1,1,0,0
33614,1,0,0,0
33617,1,0,0,0
33618,1,0,0,0
33619,1,1,1,1
33620,1,0,0,0
33622,1,0,0,0
33624,1,1,1,1
33627,1,0,0,0
33628,1,0,0,0
33630,1,1,0,\N
33631,1,1,1,0
33634,1,0,0,0
33636,1,1,0,0
33637,1,0,0,0
33641,1,0,\N,0
33644,1,0,0,0
33652,1,0,0,0
33657,1,1,1,0
33658,1,0,0,0
33659,1,0,0,0
33660,1,0,0,0
33663,1,0,0,0
33665,1,0,0,0
33666,1,0,0,0
33668,1,1,1,0
33672,1,0,0,0
33675,1,0,0,0
33678,1,0,0,0
33679,1,0,0,0
33680,1,0,0,0
33681,1,1,0,0
33684,1,1,1,0
33686,1,0,0,0
33689,1,0,0,0
33690,1,1,1,1
33697,1,0,0,0
33699,1,0,0,0
33702,1,0,0,0
33703,1,0,0,0
33708,1,0,0,0
33710,1,0,0,0
33712,1,1,1,0
33713,1,0,0,0
33716,1,0,0,0
33718,1,1,0,0
33720,1,0,0,0
33721,1,0,0,0
33723,0,\N,1,0
33724,1,1,0,0
33727,1,1,1,1
33729,1,1,0,0
33731,0,\N,0,0
33732,1,0,0,0
33733,1,1,1,1
33734,1,0,0,0
33735,1,0,0,0
33738,1,1,1,1
33742,1,1,1,0
33744,1,0,0,0
33745,1,0,0,0
33747,1,0,0,0
33749,1,0,0,0
33751,1,0,0,0
33752,1,1,1,1
33756,1,1,1,0
33758,1,0,0,0
33759,1,1,0,0
33761,1,0,0,0
33762,1,1,0,0
33770,1,1,1,0
33771,1,1,0,0
33774,1,1,0,0
33775,1,1,0,0
33783,1,1,0,0
33793,1,0,0,0
33795,1,1,0,0
33797,1,0,0,0
33799,1,0,0,0
33806,1,1,1,1
33808,1,0,\N,1
33810,1,0,0,0
33812,1,0,0,0
33816,1,0,0,0
33825,1,0,0,0
33828,1,0,0,0
33830,1,0,0,0
33832,1,1,1,1
33833,1,0,0,0
33837,1,0,0,0
33840,1,0,0,0
33845,1,1,1,0
33847,1,0,0,0
33848,1,0,0,0
33850,1,0,0,0
33851,1,0,0,0
33854,1,0,0,0
33855,1,1,0,0
33856,1,0,0,0
33858,1,1,1,1
33861,1,1,0,0
33868,1,0,0,0
33869,1,0,0,0
33871,1,0,0,0
33877,1,1,1,0
33878,1,0,0,0
33879,1,0,0,0
33883,1,0,0,0
33884,1,0,0,0
33885,1,0,0,0
33887,1,0,0,0
33892,1,1,1,1
33895,1,0,0,0
33897,1,1,1,1
33898,1,0,0,0
33899,1,0,0,0
33902,1,0,0,0
33904,1,0,0,0
33905,1,1,0,0
33910,1,0,0,0
33912,1,0,0,0
33913,0,\N,1,0
33915,1,0,0,0
33920,1,0,0,0
33922,1,1,0,0
33923,1,1,1,1
33927,1,0,0,0
33931,1,0,0,0
33941,1,0,0,0
33943,1,0,0,0
33947,1,0,0,0
33948,1,1,0,0
33949,1,0,0,0
33950,1,0,0,0
33952,1,0,0,0
33959,1,0,0,0
33961,1,1,0,0
33963,1,0,0,0
33968,1,0,0,0
33970,1,1,1,1
33971,1,1,1,1
33978,1,0,0,0
33981,1,0,0,0
33983,1,0,0,0
33984,1,1,1,1
33989,1,1,0,0
33990,1,0,0,0
33992,1,1,1,1
33994,1,0,0,0
33995,1,0,0,0
33996,1,1,1,0
34000,1,0,0,0
34001,1,0,0,0
34005,1,0,0,0
34009,1,0,0,0
34015,1,0,0,0
34021,1,0,0,0
34025,1,0,0,0
34030,1,0,0,0
34034,1,0,0,0
34035,1,0,0,0
34036,1,0,0,0
34042,1,0,0,0
34044,1,1,1,0
34045,1,1,1,1
34046,1,0,\N,1
34052,1,1,0,0
34053,1,0,0,0
34055,1,1,0,0
34062,1,0,0,0
34063,1,0,0,0
34069,1,0,0,0
34070,1,0,0,0
34076,1,0,\N,1
34077,0,\N,0,0
34079,1,0,0,0
34080,1,0,0,0
34083,1,1,0,0
34084,1,0,0,0
34085,1,0,0,0
34087,1,0,0,0
34088,1,0,0,0
34094,1,0,0,0
34095,1,0,0,0
34099,1,0,0,0
34105,1,1,1,1
34107,1,1,0,0
34112,1,0,0,0
34115,1,0,0,0
34116,1,0,0,0
34118,1,0,0,0
34119,1,0,0,0
34122,0,\N,1,1
34123,1,0,0,0
34125,1,0,0,0
34133,1,0,0,0
34134,1,0,0,0
34135,1,1,0,0
34140,1,0,0,0
34141,1,0,0,0
34144,1,1,1,1
34149,1,0,0,0
34153,1,0,0,0
34154,1,1,1,1
34156,1,1,1,1
34157,1,0,0,0
34160,1,1,0,0
34163,1,1,0,0
34169,1,0,0,0
34170,1,0,0,0
34172,1,1,1,0
34175,1,1,0,0
34180,1,1,1,0
34182,1,0,0,0
34186,1,0,0,0
34188,1,1,1,0
34189,1,0,0,0
34198,1,1,1,0
34201,1,0,0,0
34203,1,1,1,1
34206,1,1,0,0
34208,1,0,0,0
34211,1,0,0,0
34212,1,0,0,0
34213,1,0,0,0
34215,1,1,1,0
34217,1,1,1,0
34219,1,0,0,0
34223,1,0,0,0
34224,1,0,0,0
34225,1,1,0,0
34226,1,1,1,0
34227,1,1,0,0
34228,1,0,0,0
34229,1,0,0,0
34230,1,1,0,0
34231,1,0,0,0
34236,1,0,0,0
34237,1,0,0,0
34240,1,1,1,0
34242,1,1,0,0
34243,1,0,0,0
34246,1,0,0,0
34247,1,0,0,0
34250,1,0,0,0
34252,1,0,0,0
34257,1,1,0,0
34261,1,1,1,0
34270,1,0,0,0
34276,1,0,0,0
34280,1,0,0,0
34282,1,0,0,0
34284,1,0,0,0
34287,1,0,0,0
34288,1,1,1,0
34289,1,1,1,1
34291,1,0,0,0
34292,1,0,0,0
34294,1,0,0,0
34297,0,\N,0,0
34298,1,1,1,1
34300,1,0,0,0
34303,1,0,0,0
34310,1,0,0,0
34311,1,0,0,0
34315,1,0,0,0
34316,1,0,0,0
34320,1,1,1,1
34321,1,0,0,0
34322,1,0,0,0
34324,1,1,1,1
34325,1,1,0,0
34327,1,1,1,0
34328,1,0,0,0
34329,1,0,0,0
34330,1,0,0,0
34333,1,0,0,0
34337,1,0,0,0
34338,1,0,0,0
34339,1,0,0,0
34341,1,1,1,1
34344,1,0,0,0
34349,0,\N,0,0
34353,1,0,0,0
34354,1,0,0,0
34356,1,1,1,1
34358,1,0,0,0
34363,1,1,1,1
34364,1,1,1,1
34367,1,0,0,0
34371,1,0,0,0
34372,1,0,0,0
34373,1,0,0,0
34374,1,0,0,0
34375,1,0,0,0
34376,1,0,0,0
34380,1,1,0,0
34384,1,1,1,0
34388,1,1,1,0
34389,1,1,0,0
34390,1,0,0,0
34391,1,0,0,0
34393,1,0,0,0
34395,1,1,1,0
34399,1,0,0,0
34400,1,1,0,0
34401,1,1,1,1
34412,1,0,0,0
34419,1,1,0,0
34424,1,1,0,0
34431,1,1,1,1
34435,1,1,1,0
34436,1,0,0,0
34437,1,1,1,1
34438,1,0,0,0
34444,1,0,0,0
34446,1,0,0,0
34450,1,0,0,0
34453,1,0,0,0
34455,1,1,0,0
34456,1,0,0,0
34458,1,0,0,0
34459,1,0,0,0
34460,1,1,1,0
34463,1,1,1,1
34466,1,0,0,0
34470,1,1,1,0
34478,1,1,1,1
34480,1,1,0,0
34481,0,\N,0,0
34482,1,0,0,0
34483,1,1,1,0
34491,1,0,\N,0
34492,1,0,0,0
34496,1,0,0,0
34497,1,1,1,1
34498,1,0,0,0
34501,1,1,1,1
34502,1,0,0,0
34504,1,0,0,0
34505,1,0,0,0
34517,1,0,0,0
34520,1,0,0,0
34528,1,0,0,0
34530,1,0,0,0
34531,1,0,0,0
34534,1,0,0,0
34542,1,1,1,1
34543,1,1,1,0
34549,1,0,0,0
34555,1,0,0,0
34557,1,0,0,0
34559,1,0,0,0
34561,1,0,0,0
34564,1,0,0,0
34567,1,0,0,0
34568,0,\N,1,0
34570,1,0,0,0
34574,1,0,0,0
34575,1,0,0,0
34576,1,0,0,0
34577,1,1,0,0
34579,1,0,0,0
34581,1,1,1,1
34584,1,0,0,0
34586,1,0,0,0
34590,1,1,1,1
34592,1,1,1,1
34597,1,0,0,0
34600,1,0,0,0
34603,1,1,0,0
34604,1,1,0,0
34605,1,0,0,0
34606,1,0,0,0
34607,1,0,0,0
34608,1,0,0,0
34610,1,1,1,0
34611,1,0,0,0
34615,1,0,0,0
34618,1,1,1,1
34623,1,0,0,0
34628,1,0,0,0
34629,1,0,0,0
34636,1,0,0,0
34642,1,0,0,0
34643,1,1,1,0
34644,1,1,1,1
34648,1,1,1,1
34649,1,0,0,0
34652,1,0,0,0
34654,1,0,0,0
34656,1,1,1,0
34659,1,0,0,0
34669,1,1,1,1
34670,1,1,0,0
34672,1,0,0,0
34681,1,1,1,1
34682,1,0,0,0
34684,1,0,0,0
34686,1,0,0,0
34687,1,0,0,0
34688,1,0,0,0
34692,1,0,\N,0
34693,1,1,0,0
34697,1,0,0,0
34699,1,1,0,0
34702,1,0,0,0
34704,1,1,1,1
34705,1,0,0,0
34707,1,0,0,0
34710,1,0,0,0
34714,1,1,1,0
34715,1,1,1,1
34718,1,0,0,0
34719,1,1,1,0
34723,1,1,0,0
34724,1,1,1,0
34725,1,0,0,0
34727,1,0,0,0
34730,1,0,0,0
34735,1,0,0,0
34743,1,0,0,0
34750,1,0,0,0
34754,0,\N,0,0
34755,1,0,0,0
34757,1,0,0,0
34758,1,0,0,0
34759,1,0,\N,0
34760,1,0,0,0
34762,1,0,0,0
34763,1,1,1,1
34764,1,0,0,0
34765,1,0,0,0
34766,1,1,0,0
34767,1,0,0,0
34769,1,0,0,0
34770,1,1,0,0
34771,1,0,0,0
34772,1,1,1,1
34775,1,1,1,0
34776,1,1,1,1
34779,1,0,0,0
34782,1,0,0,0
34785,1,1,1,0
34791,1,1,0,0
34794,1,1,1,0
34795,1,0,0,0
34796,1,0,0,0
34797,1,0,0,0
34799,1,0,0,0
34801,1,1,1,1
34802,1,0,0,0
34803,1,1,0,0
34805,1,0,0,0
34807,1,1,1,1
34808,1,0,0,0
34812,1,0,0,0
34814,1,0,0,0
34817,1,0,0,0
34821,1,1,0,0
34823,1,1,0,0
34825,1,0,0,0
34828,1,1,1,1
34833,1,1,1,0
34836,1,1,1,1
34837,1,0,0,0
34838,1,1,0,0
34841,1,0,0,0
34842,1,0,0,0
34845,1,1,0,0
34850,1,0,0,0
34852,1,1,0,\N
34854,1,0,0,0
34856,1,1,0,0
34857,1,0,0,0
34858,1,1,0,0
34859,1,1,1,0
34861,1,1,1,1
34865,1,0,0,0
34869,1,0,0,0
34871,1,1,1,0
34872,1,1,1,1
34873,1,0,0,0
34874,0,\N,0,0
34882,1,0,0,0
34885,1,0,0,0
34887,1,0,0,0
34890,1,0,0,0
34892,1,0,0,0
34896,1,0,0,0
34899,1,0,0,0
34900,1,0,0,0
34902,1,1,1,1
34904,1,0,0,0
34909,1,0,0,0
34910,1,0,\N,0
34912,1,0,0,0
34913,1,0,0,0
34916,1,0,0,0
34918,1,0,0,0
34919,1,1,1,0
34921,1,0,0,0
34922,1,1,1,0
34923,1,0,0,0
34932,1,1,0,0
34935,1,1,0,0
34936,1,1,0,0
34937,1,0,0,0
34940,1,0,0,0
34943,1,1,1,1
34944,1,0,0,0
34945,1,0,0,0
34949,1,0,0,0
34950,1,0,0,0
34952,1,1,1,1
34953,1,1,1,0
34956,1,1,1,0
34958,1,0,0,0
34960,1,0,0,0
34962,1,0,0,0
34964,1,0,0,0
34968,1,0,0,0
34971,1,0,0,0
34981,1,0,0,0
34983,1,1,0,0
34985,1,0,0,0
34986,1,0,0,0
34988,1,1,1,0
34989,1,1,1,0
34991,1,0,0,0
34992,1,1,0,0
34994,1,0,0,0
34999,1,0,0,0
35002,1,0,0,0
35003,1,0,0,0
35004,1,0,0,0
35006,1,1,0,0
35009,1,1,0,0
35013,1,1,1,1
35016,1,1,0,0
35020,1,1,0,\N
35021,1,1,1,0
35024,1,0,0,0
35027,1,0,0,0
35029,1,1,0,0
35030,1,1,1,1
35033,1,0,0,0
35035,1,0,0,0
35037,1,0,0,0
35041,1,0,0,0
35045,1,1,0,0
35047,1,0,0,0
35049,1,1,0,0
35052,1,1,1,1
35055,1,0,0,0
35056,1,1,0,0
35060,1,1,1,1
35064,1,1,1,1
35066,1,0,0,0
35069,1,0,0,0
35071,1,0,0,0
35072,1,0,0,0
35077,1,0,0,0
35080,1,1,1,0
35083,1,0,0,0
35086,1,0,0,0
35087,1,0,0,0
35088,1,0,0,0
35089,1,0,0,0
35092,1,1,1,1
35096,1,0,0,0
35105,1,0,0,0
35106,1,0,0,0
35110,1,1,0,0
35112,1,1,1,1
35113,1,0,0,0
35115,1,0,0,0
35117,1,1,1,0
35119,1,0,0,0
35120,1,1,1,0
35123,1,0,0,0
35131,1,0,0,0
35134,1,0,0,0
35135,1,0,0,0
35136,1,1,1,0
35137,1,1,1,0
35139,1,1,0,0
35140,1,0,0,0
35141,1,1,0,0
35142,1,0,0,0
35143,1,1,1,1
35144,1,1,1,0
35146,1,0,0,0
35147,1,0,0,0
35149,1,0,0,0
35151,1,1,0,0
35152,1,1,1,1
35153,1,0,0,0
35154,1,1,1,0
35156,1,0,0,0
35157,1,1,0,0
35158,1,1,1,1
35160,1,1,0,0
35161,1,1,1,1
35164,1,1,1,1
35166,1,1,0,0
35167,1,0,0,0
35168,1,0,0,0
35171,1,0,0,0
35176,1,1,1,0
35181,1,0,0,0
35184,1,0,0,0
35186,1,0,0,0
35187,1,0,0,0
35188,1,0,0,0
35192,1,0,0,0
35194,1,1,0,0
35195,1,1,1,1
35197,1,0,0,0
35199,0,\N,1,0
35200,1,0,0,0
35201,1,1,1,0
35202,1,1,1,0
35205,1,0,0,0
35207,1,1,1,1
35210,1,0,0,0
35213,0,\N,1,1
35214,1,1,1,1
35216,1,0,0,0
35221,1,0,0,0
35224,1,0,0,0
35225,1,0,0,0
35226,1,0,0,0
35242,1,1,1,0
35247,1,1,1,0
35250,1,1,1,0
35252,1,1,1,0
35256,1,0,0,0
35261,1,0,0,0
35263,1,0,0,0
35265,1,0,0,0
35267,1,1,0,0
35268,1,0,0,0
35271,1,0,0,0
35272,1,0,0,0
35275,1,0,0,0
35277,1,1,1,1
35283,1,0,0,0
35284,1,1,0,0
35285,1,0,0,0
35286,1,0,0,0
35290,1,1,0,0
35293,1,0,\N,1
35294,1,1,1,0
35295,1,0,0,0
35307,1,0,0,0
35312,1,0,0,0
35313,1,0,0,0
35316,1,1,1,0
35317,1,0,0,0
35322,1,0,0,0
35331,1,0,0,0
35332,1,0,0,0
35333,1,0,0,0
35336,1,0,0,0
35340,1,1,1,1
35344,1,1,0,0
35345,1,1,0,0
35350,1,0,0,0
35353,1,0,0,0
35360,1,0,0,0
35362,1,0,0,0
35363,1,1,1,0
35367,1,0,0,0
35374,1,0,0,0
35380,1,0,0,0
35381,1,0,0,0
35384,1,0,0,0
35385,1,1,1,1
35389,1,1,0,0
35392,1,0,0,0
35401,1,1,1,0
35412,1,0,0,0
35413,1,1,0,0
35415,1,1,1,0
35416,1,0,0,0
35421,1,0,0,0
35423,1,0,0,0
35427,1,1,0,0
35428,1,1,0,0
35430,1,1,0,0
35431,1,0,0,0
35432,1,0,0,0
35435,1,0,0,0
35436,1,0,0,0
35438,1,1,1,0
35443,1,1,1,1
35450,1,1,1,1
35453,1,1,0,\N
35454,1,1,0,0
35456,1,0,0,0
35458,1,0,0,0
35462,1,1,1,0
35463,1,0,0,0
35465,1,0,0,0
35466,1,0,0,0
35468,1,0,0,0
35469,1,0,0,0
35479,1,1,0,\N
35480,1,0,0,0
35485,1,0,0,0
35489,1,1,0,0
35492,1,1,0,0
35494,1,1,0,0
35497,1,0,0,0
35498,1,0,0,0
35501,1,0,0,0
35503,1,1,1,0
35504,1,0,0,0
35506,1,0,0,0
35508,1,0,0,0
35510,1,1,0,0
35515,1,0,0,0
35516,1,0,0,0
35518,1,0,0,0
35521,1,0,0,0
35522,1,0,0,0
35523,1,0,0,0
35525,1,0,0,0
35526,1,0,0,0
35531,1,0,0,0
35532,1,0,0,0
35533,1,0,0,0
35536,1,0,0,0
35539,1,0,0,0
35542,1,0,0,0
35544,1,0,0,0
35545,1,0,0,0
35547,1,0,0,0
35548,1,1,1,1
35552,1,0,0,0
35554,1,0,0,0
35558,1,0,0,0
35559,1,1,1,0
35560,1,0,0,0
35563,1,0,0,0
35566,1,1,1,0
35567,1,0,0,0
35570,1,1,0,0
35573,1,0,0,0
35576,1,0,0,0
35577,1,1,1,0
35580,1,1,1,0
35582,1,0,0,0
35583,1,1,0,0
35585,1,1,1,1
35587,1,0,0,0
35588,1,1,1,0
35590,1,0,0,0
35593,1,0,0,0
35596,1,0,0,0
35601,1,0,0,0
35605,1,1,0,\N
35606,1,0,0,0
35607,1,0,0,0
35611,1,0,0,0
35613,1,0,0,0
35614,1,1,1,0
35616,1,0,0,0
35618,1,1,0,0
35620,1,0,0,0
35621,1,1,0,0
35623,1,1,0,0
35627,1,0,0,0
35628,1,0,0,0
35629,1,1,1,1
35630,1,1,1,0
35632,1,0,0,0
35633,1,1,0,0
35635,1,0,0,0
35641,1,1,0,0
35643,1,0,\N,1
35648,1,0,0,0
35649,1,1,1,1
35651,1,0,0,0
35654,1,1,1,1
35655,1,0,0,0
35657,1,0,0,0
35658,1,0,0,0
35659,1,1,1,0
35679,1,0,0,0
35680,1,0,0,0
35684,0,\N,0,0
35687,1,0,0,0
35694,1,1,1,0
35695,1,0,0,0
35696,1,0,0,0
35698,1,0,0,0
35701,1,0,0,0
35704,1,0,0,0
35705,1,0,0,0
35706,1,0,0,0
35709,1,0,0,0
35712,1,0,0,0
35717,1,0,0,0
35721,1,0,0,0
35724,1,0,0,0
35726,1,0,0,0
35727,1,1,1,0
35733,1,1,0,0
35735,1,0,0,0
35737,1,1,1,1
35739,1,0,0,0
35740,1,0,0,0
35742,1,1,0,0
35746,1,1,0,0
35748,1,0,0,0
35749,1,1,0,0
35750,1,0,0,0
35752,1,0,0,0
35753,1,0,0,0
35754,0,\N,1,1
35757,1,0,0,0
35761,1,0,0,0
35763,1,0,0,0
35766,1,0,\N,0
35767,1,0,0,0
35773,1,0,\N,1
35775,1,0,0,0
35779,1,1,1,0
35780,1,0,0,0
35781,1,0,0,0
35782,1,0,0,0
35783,1,0,0,0
35786,1,0,0,0
35789,1,1,1,1
35790,1,0,0,0
35791,1,1,0,0
35797,1,0,0,0
35799,0,\N,0,0
35800,1,1,1,0
35807,1,0,0,0
35809,1,0,0,0
35816,1,1,1,1
35817,1,0,0,0
35818,1,0,0,0
35819,1,1,0,0
35821,0,\N,0,0
35823,1,0,0,0
35825,1,0,0,0
35829,1,0,0,0
35831,1,1,1,0
35834,1,0,0,0
35838,1,0,0,0
35840,1,1,1,0
35841,1,1,1,1
35843,1,0,0,0
35845,1,0,0,0
35848,1,0,0,0
35856,1,0,0,0
35859,1,0,0,0
35860,1,0,0,0
35864,1,1,1,0
35866,1,0,0,0
35871,1,0,0,0
35872,1,0,0,0
35873,1,0,0,0
35874,1,1,0,0
35875,1,0,0,0
35877,1,0,0,0
35880,1,0,0,0
35882,1,1,0,0
35883,1,0,0,0
35884,1,0,0,0
35885,1,1,1,0
35887,1,0,0,0
35891,1,1,0,0
35894,1,1,1,0
35898,1,0,0,0
35899,1,0,0,0
35902,1,1,0,0
35903,1,0,0,0
35904,1,0,0,0
35905,1,0,0,0
35909,1,0,0,0
35910,1,1,1,0
35913,1,0,0,0
35919,1,0,0,0
35921,1,0,0,0
35923,1,0,0,0
35925,1,1,0,0
35932,1,0,0,0
35933,1,0,0,0
35934,1,0,0,0
35936,1,1,0,0
35937,1,0,0,0
35939,1,0,0,0
35940,1,1,0,\N
35941,1,1,0,0
35942,1,1,0,0
35944,1,0,0,0
35948,1,0,0,0
35949,1,1,1,0
35953,1,0,0,0
35954,1,0,0,0
35956,1,1,1,1
35959,1,0,0,0
35961,1,1,0,0
35962,1,1,0,0
35963,1,0,0,0
35966,1,0,0,0
35967,1,0,0,0
35968,1,0,0,0
35971,1,0,0,0
35973,1,1,0,0
35974,1,1,1,0
35975,1,1,1,1
35976,1,1,1,0
35977,1,1,1,1
35979,1,0,0,0
35984,1,0,0,0
35985,1,0,0,0
35987,1,0,0,0
35988,1,0,0,0
35989,1,0,0,0
35990,1,1,1,0
35996,1,0,0,0
36000,1,0,0,0
36004,1,0,0,0
36008,1,0,0,0
36009,1,1,1,1
36010,1,1,1,1
36014,1,0,0,0
36018,1,1,1,0
36026,1,1,0,0
36034,1,0,0,0
36036,1,0,0,0
36037,1,0,0,0
36038,1,1,1,0
36045,1,0,0,0
36046,1,0,0,0
36047,1,0,0,0
36048,1,0,0,0
36050,1,0,0,0
36053,1,0,0,0
36055,0,0,\N,1
36057,1,0,0,0
36058,1,1,1,0
36061,1,0,0,0
36063,1,0,0,0
36066,1,0,0,0
36067,1,0,0,0
36074,1,0,0,0
36075,1,0,0,0
36077,1,0,0,0
36083,1,0,0,0
36086,1,0,0,0
36087,1,1,0,0
36089,1,1,1,1
36090,1,1,1,0
36096,1,1,1,1
36101,1,0,0,0
36104,1,0,0,0
36108,1,1,1,1
36110,1,0,0,0
36112,1,0,0,0
36114,1,0,0,0
36119,1,1,1,0
36122,1,0,0,0
36124,1,0,0,0
36126,1,1,0,0
36127,1,0,0,0
36130,1,0,0,0
36131,1,1,0,0
36136,1,1,1,0
36138,1,1,1,1
36139,1,0,0,0
36146,1,1,1,1
36147,1,0,0,0
36149,1,1,0,0
36151,1,1,0,0
36154,1,1,0,0
36161,0,\N,1,1
36165,1,0,0,0
36168,1,0,0,0
36170,0,\N,0,0
36171,1,1,0,0
36172,1,0,0,0
36180,1,1,1,0
36181,1,0,\N,1
36182,1,0,0,0
36183,1,0,0,0
36184,1,0,0,0
36185,1,0,0,0
36189,1,1,0,0
36192,1,0,0,0
36195,1,1,1,0
36199,1,0,0,0
36202,1,1,0,0
36204,1,0,0,0
36206,1,0,0,0
36215,1,0,0,0
36216,1,1,0,0
36218,1,0,0,0
36220,1,0,0,0
36221,1,1,1,0
36222,1,0,0,0
36230,1,0,0,0
36234,1,0,0,0
36235,1,1,1,0
36236,1,0,0,0
36239,1,0,0,0
36240,1,0,0,0
36241,1,0,0,0
36245,1,0,0,0
36247,1,0,0,0
36250,1,0,0,0
36254,1,0,0,0
36255,1,0,0,0
36258,1,0,0,0
36259,1,1,1,0
36260,1,0,0,0
36262,1,0,0,0
36266,1,0,0,0
36268,1,0,0,0
36271,1,1,1,1
36272,1,0,0,0
36273,1,1,1,0
36274,1,1,1,1
36279,0,\N,1,1
36282,1,0,0,0
36284,1,0,0,0
36285,1,1,1,1
36286,1,0,0,0
36287,1,0,0,0
36288,1,1,1,0
36291,1,0,0,0
36294,1,1,1,0
36295,1,0,0,0
36297,1,1,0,0
36301,0,\N,1,0
36303,1,1,1,1
36304,1,1,0,\N
36308,1,1,1,1
36310,1,1,1,0
36315,1,0,0,0
36316,1,1,1,0
36318,1,0,0,0
36320,1,0,0,0
36323,1,1,1,0
36325,1,1,0,0
36327,1,0,0,0
36328,1,0,0,0
36329,1,1,0,0
36330,1,0,0,0
36332,1,0,0,0
36333,1,0,0,0
36336,1,1,0,0
36338,1,0,0,0
36342,1,0,0,0
36343,1,0,0,0
36344,1,0,0,0
36345,1,1,1,1
36346,1,1,1,0
36348,1,1,1,1
36350,1,0,0,0
36356,1,0,0,0
36357,1,0,0,0
36358,1,1,1,0
36359,1,0,0,0
36363,1,1,1,1
36365,1,1,0,0
36368,0,\N,0,0
36369,1,0,0,0
36371,1,1,1,0
36375,0,\N,0,0
36378,1,0,0,0
36379,1,1,0,\N
36381,1,1,0,0
36385,1,1,1,1
36387,1,0,0,0
36388,1,1,1,0
36389,1,1,0,\N
36393,1,0,0,0
36394,1,1,1,1
36396,1,0,0,0
36399,1,1,1,1
36400,1,1,1,1
36401,1,0,0,0
36404,1,0,0,0
36408,1,1,0,0
36409,1,1,0,0
36410,1,0,0,0
36414,1,1,0,0
36416,1,1,0,0
36421,1,0,0,0
36427,1,0,0,0
36429,1,0,0,0
36430,1,1,1,1
36433,1,1,0,\N
36434,1,0,0,0
36436,1,0,0,0
36437,1,0,0,0
36440,1,0,0,0
36441,1,1,1,0
36442,1,0,0,0
36447,1,1,1,0
36450,1,0,0,0
36452,1,1,0,0
36457,1,0,0,0
36459,1,0,0,0
36463,1,0,0,0
36466,1,1,1,0
36469,1,0,\N,1
36470,1,1,1,0
36471,1,0,0,0
36477,1,0,0,0
36478,1,0,0,0
36480,1,0,0,0
36481,1,0,0,0
36484,1,0,0,0
36485,1,1,1,1
36488,1,1,0,0
36492,1,1,0,0
36494,1,0,0,0
36495,1,0,0,0
36501,1,1,0,0
36502,1,0,0,0
36503,1,0,0,0
36506,1,0,0,0
36507,1,1,1,1
36508,1,0,0,0
36510,1,1,1,0
36512,1,1,1,0
36513,1,0,0,0
36514,1,1,0,0
36515,1,1,0,0
36517,1,0,0,0
36519,1,1,0,0
36524,1,1,1,1
36525,1,1,1,0
36527,1,0,0,0
36528,1,0,0,0
36533,1,1,0,0
36535,1,0,0,0
36538,1,0,0,0
36540,1,0,0,0
36548,1,0,0,0
36550,1,0,0,0
36554,1,0,0,0
36555,1,0,0,0
36560,1,0,0,0
36561,1,0,0,0
36562,1,0,0,0
36563,1,0,0,0
36568,1,0,0,0
36569,1,1,1,1
36570,1,1,1,1
36571,1,0,0,0
36573,1,0,0,0
36578,1,0,0,0
36583,1,0,0,0
36587,1,0,0,0
36591,1,1,0,\N
36593,1,1,1,0
36594,1,0,0,0
36595,1,0,0,0
36599,1,1,0,0
36601,1,0,0,0
36607,1,1,1,1
36608,1,0,0,0
36609,1,0,0,0
36610,1,1,1,0
36613,1,0,0,0
36616,1,0,0,0
36618,1,1,1,1
36621,1,0,0,0
36631,1,1,1,1
36633,1,0,0,0
36634,1,0,0,0
36640,1,1,1,1
36641,1,1,0,0
36642,1,0,0,0
36643,1,0,0,0
36644,1,0,0,0
36645,1,1,1,1
36651,1,0,0,0
36652,1,1,0,0
36655,1,0,0,0
36656,1,1,1,1
36658,0,\N,1,1
36661,1,0,0,0
36664,1,0,0,0
36665,1,0,0,0
36671,1,0,0,0
36675,1,0,0,0
36681,1,0,0,0
36684,1,0,0,0
36689,1,0,0,0
36691,1,0,0,0
36693,1,0,0,0
36697,1,0,0,0
36700,1,1,1,0
36701,1,0,0,0
36702,1,1,1,1
36709,1,0,0,0
36712,1,0,0,0
36714,1,0,0,0
36715,1,0,\N,1
36716,1,0,0,0
36717,1,0,0,0
36722,1,0,0,0
36723,1,0,0,0
36724,1,0,0,0
36725,1,0,0,0
36726,1,0,0,0
36735,1,1,1,1
36736,1,0,0,0
36739,1,0,0,0
36741,1,0,0,0
36743,1,1,0,0
36749,1,1,1,1
36752,1,0,0,0
36753,1,0,0,0
36757,1,1,1,1
36764,1,0,0,0
36765,1,0,0,0
36774,1,0,0,0
36775,1,0,0,0
36776,1,0,0,0
36781,1,1,0,0
36786,1,1,1,0
36787,1,0,0,0
36793,1,0,0,0
36794,1,0,0,0
36795,1,0,0,0
36797,1,0,0,0
36800,1,0,0,0
36802,1,1,0,0
36805,1,0,0,0
36808,1,0,0,0
36809,1,0,0,0
36811,1,0,0,0
36812,1,0,0,0
36813,1,0,0,0
36817,1,0,0,0
36825,1,0,0,0
36826,1,0,0,0
36828,1,0,0,0
36829,1,1,1,1
36832,1,1,0,0
36837,1,0,0,0
36838,1,1,0,0
36839,1,1,1,0
36845,1,0,0,0
36846,1,1,0,0
36848,1,0,0,0
36849,1,0,0,0
36855,1,1,1,1
36859,1,1,0,0
36861,1,0,0,0
36862,1,0,0,0
36866,1,1,0,0
36867,1,0,0,0
36868,1,0,0,0
36874,1,1,1,0
36875,1,1,1,1
36877,1,0,0,0
36878,1,0,0,0
36879,1,0,0,0
36885,1,0,0,0
36887,1,0,0,0
36889,1,0,0,0
36890,1,0,0,0
36891,1,0,0,0
36893,1,0,0,0
36899,1,1,1,0
36900,1,1,1,1
36901,1,0,0,0
36902,1,0,0,0
36903,1,1,1,1
36905,1,0,0,0
36908,1,0,0,0
36909,1,1,0,0
36912,1,1,0,0
36914,1,0,0,0
36925,1,0,0,0
36929,1,1,0,0
36931,1,0,0,0
36933,1,0,0,0
36935,1,1,1,0
36937,1,0,0,0
36938,1,1,1,1
36941,1,1,1,1
36944,1,0,0,0
36949,1,1,1,1
36951,1,1,1,0
36952,1,0,0,0
36955,1,0,0,0
36956,1,0,0,0
36958,1,1,1,0
36960,1,0,0,0
36961,1,0,0,0
36962,1,1,1,0
36963,1,0,0,0
36964,1,0,0,0
36965,1,0,0,0
36966,1,0,0,0
36967,1,0,0,0
36968,1,1,1,0
36971,1,0,0,0
36972,1,0,0,0
36978,1,0,0,0
36982,1,0,0,0
36983,1,0,0,0
36984,1,0,0,0
36986,1,0,0,0
36991,1,0,0,0
36993,1,1,1,1
36995,1,0,0,0
36996,1,0,0,0
37001,1,1,0,0
37004,1,0,0,0
37008,1,0,0,0
37014,1,0,0,0
37018,1,0,0,0
37021,1,0,0,0
37022,1,0,0,0
37023,1,0,0,0
37024,1,1,0,0
37026,1,0,0,0
37027,1,0,0,0
37030,1,0,0,0
37032,1,0,0,0
37033,1,0,0,0
37036,1,0,0,0
37037,1,1,1,0
37038,1,0,0,0
37040,1,0,0,0
37045,1,1,1,1
37048,1,0,0,0
37050,1,1,1,1
37052,1,0,0,0
37053,1,1,1,0
37055,1,0,\N,0
37058,1,1,0,0
37059,1,1,1,1
37060,1,0,0,0
37061,1,1,0,0
37063,1,0,0,0
37064,1,1,0,0
37065,1,0,0,0
37068,1,1,0,0
37070,1,0,0,0
37080,1,0,0,0
37081,1,0,0,0
37085,1,0,0,0
37086,1,0,0,0
37087,1,0,0,0
37088,1,0,0,0
37098,1,1,0,0
37101,1,0,0,0
37102,1,0,0,0
37103,1,0,0,0
37104,1,0,0,0
37106,1,1,0,\N
37111,1,0,0,0
37114,1,1,1,1
37118,1,0,0,0
37119,1,0,\N,0
37121,1,0,0,0
37122,1,1,1,1
37125,1,0,0,0
37126,1,1,1,1
37133,1,1,1,0
37141,1,0,0,0
37143,1,0,0,0
37146,1,1,1,0
37147,1,0,0,0
37150,1,0,0,0
37152,1,0,0,0
37154,1,0,0,0
37156,1,0,0,0
37158,1,1,0,0
37164,1,0,0,0
37165,1,0,0,0
37166,1,0,0,0
37167,1,0,0,0
37170,1,0,0,0
37173,1,0,0,0
37174,1,0,0,0
37178,1,1,0,0
37179,1,0,\N,0
37181,1,0,0,0
37184,1,0,0,0
37186,1,0,0,0
37190,1,0,0,0
37194,1,0,0,0
37195,1,0,0,0
37201,1,0,0,0
37206,1,1,1,0
37207,1,0,0,0
37212,1,0,0,0
37213,1,0,0,0
37217,1,0,0,0
37221,1,1,1,1
37223,1,0,0,0
37227,1,0,0,0
37229,1,1,0,0
37231,1,1,1,0
37236,1,0,0,0
37239,1,0,0,0
37241,1,1,0,0
37242,1,1,1,0
37244,1,0,0,0
37246,1,0,0,0
37247,1,0,0,0
37254,1,1,1,1
37255,1,0,0,0
37257,1,0,0,0
37261,1,1,1,1
37262,1,1,1,0
37263,1,1,1,0
37264,1,0,0,0
37270,1,0,0,0
37281,1,1,1,1
37282,1,0,0,0
37283,1,0,0,0
37284,1,0,0,0
37285,1,1,1,0
37287,1,1,1,0
37288,1,0,0,0
37290,1,0,0,0
37292,1,0,0,0
37293,1,0,0,0
37294,1,0,0,0
37296,1,0,0,0
37299,1,0,0,0
37303,1,0,0,0
37306,1,0,0,0
37307,1,0,0,0
37309,1,0,0,0
37310,1,0,\N,1
37314,1,0,0,0
37315,1,1,0,0
37316,1,1,1,1
37325,1,0,0,0
37326,1,1,1,0
37327,1,1,1,0
37329,1,1,1,1
37331,1,0,0,0
37333,1,1,0,0
37338,1,0,0,0
37341,1,1,0,0
37342,1,0,0,0
37344,1,1,0,0
37349,1,0,0,0
37350,1,0,0,0
37351,1,0,0,0
37359,1,1,1,0
37360,1,0,0,0
37369,1,0,0,0
37370,1,0,0,0
37375,1,0,0,0
37376,1,1,1,1
37384,1,1,1,1
37386,1,0,0,0
37387,1,0,0,0
37388,1,1,0,0
37391,1,0,0,0
37393,1,0,0,0
37399,1,1,1,0
37404,1,0,0,0
37406,1,1,1,0
37407,1,1,1,1
37409,1,0,0,0
37411,1,0,0,0
37412,1,1,0,0
37414,1,0,0,0
37417,1,0,0,0
37419,1,1,0,0
37420,1,0,0,0
37421,1,0,0,0
37423,1,0,0,0
37424,1,1,1,0
37426,1,0,0,0
37427,1,1,0,0
37429,1,0,0,0
37434,1,0,0,0
37439,1,1,1,1
37441,1,0,0,0
37442,1,0,0,0
37446,1,0,0,0
37454,1,0,0,0
37456,1,0,0,0
37462,1,0,0,0
37463,1,0,0,0
37466,1,0,0,0
37467,1,1,0,0
37469,1,1,1,1
37470,1,0,0,0
37471,1,0,0,0
37472,1,0,0,0
37482,1,0,0,0
37486,1,0,0,0
37491,1,0,0,0
37494,1,0,0,0
37497,1,0,0,0
37500,1,0,0,0
37501,1,1,1,1
37502,1,0,0,0
37504,1,0,0,0
37505,0,\N,1,0
37508,1,0,0,0
37510,1,0,0,0
37512,1,0,0,0
37520,1,0,0,0
37523,1,0,0,0
37524,1,0,0,0
37525,1,0,0,0
37527,1,1,0,0
37529,1,1,1,1
37530,1,0,0,0
37531,1,1,0,0
37532,1,0,0,0
37533,1,1,1,1
37534,1,0,0,0
37542,1,0,0,0
37544,1,0,0,0
37547,1,0,0,0
37549,1,0,0,0
37551,1,0,0,0
37556,1,0,0,0
37557,1,0,0,0
37558,1,0,0,0
37561,1,0,0,0
37562,1,0,0,0
37565,1,1,1,0
37569,1,0,0,0
37570,1,0,0,0
37572,1,0,0,0
37573,1,0,0,0
37574,1,0,0,0
37575,1,1,1,1
37577,1,1,1,1
37580,1,0,0,0
37581,1,0,0,0
37584,1,0,0,0
37585,1,1,1,1
37586,1,1,0,0
37592,1,0,0,0
37594,1,0,0,0
37596,1,0,0,0
37600,1,0,0,0
37609,1,1,0,0
37613,1,0,0,0
37615,1,0,0,0
37616,1,0,0,0
37617,1,0,0,0
37620,1,1,1,0
37621,1,0,0,0
37626,1,0,0,0
37630,1,1,0,0
37631,1,0,0,0
37632,1,0,0,0
37635,1,0,0,0
37637,1,1,0,0
37640,1,0,0,0
37643,1,0,0,0
37649,1,0,0,0
37654,1,0,\N,1
37656,1,0,0,0
37657,1,0,0,0
37659,1,0,0,0
37676,1,0,0,0
37677,1,0,0,0
37678,1,0,0,0
37686,1,0,0,0
37687,1,0,0,0
37688,1,1,0,0
37690,1,0,0,0
37691,1,1,1,1
37692,1,0,0,0
37693,1,1,0,0
37695,1,1,1,0
37697,1,0,0,0
37699,1,0,0,0
37703,1,0,0,0
37710,1,0,0,0
37711,1,0,0,0
37716,1,0,0,0
37717,1,0,0,0
37720,1,0,0,0
37721,1,0,0,0
37722,1,0,0,0
37723,1,0,0,0
37724,1,1,0,0
37726,1,0,0,0
37730,1,0,0,0
37733,1,1,1,1
37740,1,1,1,1
37741,1,0,0,0
37743,1,0,0,0
37746,1,0,0,0
37748,1,0,0,0
37749,1,0,0,0
37750,1,0,0,0
37752,1,1,0,0
37753,1,1,1,0
37757,1,0,0,0
37760,1,0,0,0
37761,1,0,0,0
37764,1,0,0,0
37767,1,1,0,0
37768,1,1,1,0
37772,1,0,0,0
37774,1,0,0,0
37777,1,0,0,0
37780,1,1,0,0
37781,1,0,0,0
37782,1,0,0,0
37786,1,1,1,0
37787,1,1,1,1
37788,1,1,0,0
37791,1,0,0,0
37795,1,0,0,0
37797,1,0,0,0
37799,1,0,0,0
37804,1,0,0,0
37809,1,1,1,1
37813,1,0,0,0
37815,1,0,0,0
37816,1,0,0,0
37817,1,0,0,0
37818,1,0,0,0
37819,1,1,0,0
37824,1,1,1,1
37827,1,0,0,0
37828,1,1,0,0
37830,1,0,0,0
37831,1,1,1,0
37833,1,0,0,0
37836,1,0,0,0
37839,1,1,0,0
37846,1,0,0,0
37847,1,0,0,0
37848,1,0,0,0
37852,1,0,0,0
37853,1,0,0,0
37854,1,1,0,0
37858,1,0,0,0
37863,1,0,0,0
37864,1,0,0,0
37869,1,1,1,0
37874,1,0,0,0
37875,1,0,0,0
37876,1,0,0,0
37877,0,\N,0,0
37885,1,0,0,0
37887,1,0,0,0
37889,1,0,0,0
37891,1,0,0,0
37894,1,0,0,0
37896,1,1,0,0
37897,1,0,0,0
37900,1,1,0,0
37901,1,0,0,0
37902,1,1,1,0
37903,1,1,0,0
37905,1,0,0,0
37910,1,1,0,0
37914,1,0,0,0
37916,0,\N,1,0
37921,1,0,0,0
37924,1,0,0,0
37929,1,0,0,0
37932,1,1,0,0
37933,1,1,1,1
37935,1,0,0,0
37937,1,0,0,0
37938,1,0,0,0
37939,0,\N,1,0
37940,1,0,0,0
37942,1,1,0,0
37948,1,1,1,0
37952,1,0,0,0
37958,1,0,0,0
37960,1,0,0,0
37961,1,1,0,0
37963,1,0,0,0
37965,1,1,0,\N
37972,1,0,0,0
37973,1,0,0,0
37975,0,\N,1,1
37976,1,0,0,0
37977,1,0,0,0
37978,1,0,0,0
37982,1,0,0,0
37983,1,0,0,0
37985,1,0,0,0
37987,1,0,0,0
37991,1,1,0,0
37999,1,0,0,0
38003,1,0,0,0
38005,1,0,0,0
38007,1,0,0,0
38009,1,0,0,0
38011,1,0,0,0
38012,1,0,0,0
38013,1,0,0,0
38014,1,0,0,0
38022,1,1,0,0
38027,1,0,0,0
38028,1,0,0,0
38029,1,0,0,0
38030,1,0,0,0
38033,1,0,0,0
38034,0,\N,0,0
38041,1,0,0,0
38042,1,0,0,0
38045,1,1,1,0
38046,1,1,1,0
38047,1,0,0,0
38049,1,0,0,0
38050,1,0,0,0
38051,1,0,0,0
38052,1,1,0,0
38059,1,0,0,0
38060,1,1,1,1
38061,1,0,0,0
38063,1,0,0,0
38064,1,0,0,0
38066,1,0,0,0
38068,1,0,0,0
38070,1,0,0,0
38072,1,1,0,0
38073,1,0,0,0
38076,1,0,0,0
38077,1,0,0,0
38078,1,0,0,0
38084,1,0,0,0
38087,1,0,\N,0
38092,1,0,0,0
38094,1,1,1,0
38096,1,1,1,1
38097,1,1,1,1
38098,1,1,1,1
38099,1,0,0,0
38108,1,1,0,0
38109,1,1,0,0
38112,1,0,0,0
38118,1,1,1,0
38120,1,1,0,0
38121,1,1,1,1
38122,1,0,0,0
38123,1,0,0,0
38125,1,0,0,0
38129,1,1,1,0
38130,1,0,0,0
38133,1,1,1,0
38140,1,0,0,0
38145,1,0,0,0
38146,1,0,0,0
38147,1,0,0,0
38149,1,0,0,0
38151,1,0,0,0
38154,1,1,1,0
38155,1,0,0,0
38156,1,0,0,0
38157,1,0,0,0
38159,0,\N,1,0
38160,1,0,0,0
38165,1,1,0,\N
38169,1,1,1,1
38173,1,0,0,0
38174,1,1,1,1
38178,1,0,0,0
38184,1,0,0,0
38186,1,0,0,0
38187,1,0,0,0
38188,1,1,0,0
38190,1,1,0,0
38194,1,0,0,0
38195,1,0,0,0
38196,1,0,0,0
38198,1,1,0,0
38199,1,0,0,0
38203,1,1,1,1
38210,1,0,0,0
38213,1,0,0,0
38216,1,1,0,0
38217,1,0,0,0
38221,1,1,1,1
38223,1,0,0,0
38233,1,0,0,0
38234,1,0,0,0
38235,1,0,0,0
38236,1,0,0,0
38241,1,0,0,0
38250,1,0,0,0
38253,1,0,0,0
38259,1,0,0,0
38263,1,0,0,0
38264,1,0,0,0
38265,1,1,1,1
38274,1,0,0,0
38276,1,0,0,0
38280,1,0,0,0
38281,1,1,1,0
38285,1,1,1,0
38288,1,0,0,0
38290,0,\N,1,1
38292,1,1,1,0
38293,1,1,1,1
38295,1,0,0,0
38296,1,0,0,0
38297,1,1,1,1
38299,1,0,0,0
38300,1,1,1,1
38303,1,0,0,0
38305,1,1,0,0
38308,1,0,0,0
38309,1,0,0,0
38313,1,1,1,0
38314,1,0,0,0
38315,1,0,0,0
38316,1,0,0,0
38317,1,0,0,0
38318,1,0,0,0
38321,1,0,0,0
38323,1,0,0,0
38324,1,0,0,0
38327,1,0,0,0
38330,1,1,0,0
38331,1,0,0,0
38332,1,1,0,0
38334,1,0,0,0
38337,1,0,0,0
38339,1,1,0,0
38340,1,0,0,0
38344,1,1,1,0
38349,1,0,0,0
38350,1,0,0,0
38359,1,1,0,0
38362,1,0,0,0
38364,1,1,0,0
38366,1,0,0,0
38369,1,0,0,0
38370,1,0,0,0
38373,1,0,0,0
38374,1,0,0,0
38377,1,0,0,0
38381,1,1,0,0
38382,1,0,0,0
38386,1,1,1,0
38391,1,0,0,0
38392,1,0,0,0
38398,1,1,1,1
38401,1,0,0,0
38403,1,0,0,0
38406,1,0,0,0
38407,1,1,1,1
38409,1,0,0,0
38410,1,0,0,0
38411,1,0,0,0
38414,1,1,0,0
38416,1,0,0,0
38419,1,0,0,0
38426,1,1,1,0
38427,1,0,0,0
38433,1,0,0,0
38434,1,0,0,0
38437,1,0,0,0
38439,1,0,0,0
38440,1,0,0,0
38442,1,0,0,0
38445,1,0,0,0
38446,1,1,0,0
38447,1,0,0,0
38448,1,0,0,0
38450,1,0,0,0
38453,1,0,0,0
38454,1,0,0,0
38455,1,0,0,0
38458,1,0,0,0
38460,1,0,0,0
38463,1,0,0,0
38465,1,0,0,0
38467,1,0,0,0
38470,1,1,1,1
38472,1,0,0,0
38475,1,1,0,0
38479,1,0,0,0
38480,1,0,\N,1
38484,1,1,0,0
38486,1,1,0,0
38488,1,0,0,0
38489,1,0,0,0
38490,1,0,0,0
38495,1,0,0,0
38497,1,1,0,0
38500,1,1,0,0
38501,1,1,1,1
38504,1,1,0,0
38506,1,1,1,0
38507,1,1,1,0
38508,1,0,0,0
38509,1,1,0,0
38511,1,0,0,0
38512,1,0,0,0
38527,0,\N,1,0
38528,1,0,0,0
38529,1,1,0,0
38530,1,0,0,0
38531,1,0,0,0
38537,1,0,0,0
38539,1,0,0,0
38540,1,1,1,1
38541,0,\N,1,1
38543,1,0,0,0
38545,1,0,0,0
38547,1,0,0,0
38553,1,1,0,\N
38560,1,1,1,0
38563,1,1,1,1
38564,1,0,0,0
38576,1,0,0,0
38580,1,0,0,0
38582,1,0,0,0
38585,1,0,0,0
38586,1,0,0,0
38589,1,1,1,0
38594,1,0,0,0
38595,1,0,0,0
38596,1,1,1,1
38597,1,0,0,0
38598,1,0,0,0
38600,1,0,0,0
38602,1,1,1,1
38606,1,0,0,0
38607,1,0,0,0
38608,1,1,0,0
38609,1,1,0,0
38610,1,0,0,0
38616,1,0,0,0
38618,1,0,0,0
38619,1,0,0,0
38620,1,0,0,0
38622,1,0,0,0
38624,0,\N,0,0
38628,1,0,0,0
38630,1,0,0,0
38632,1,0,0,0
38634,1,0,0,0
38635,1,1,0,0
38640,1,0,0,0
38641,1,0,0,0
38651,1,1,0,0
38652,1,0,0,0
38653,1,0,0,0
38654,1,0,0,0
38656,1,0,0,0
38659,1,0,0,0
38663,1,0,0,0
38665,1,1,1,0
38668,1,0,0,0
38674,1,1,0,0
38677,1,0,0,0
38679,1,0,0,0
38687,1,0,0,0
38692,1,0,0,0
38693,1,0,0,0
38695,1,0,0,0
38697,1,0,0,0
38698,1,0,0,0
38699,1,0,0,0
38700,1,0,0,0
38702,1,1,0,\N
38704,1,0,0,0
38705,1,0,0,0
38707,1,0,0,0
38708,1,1,1,0
38714,1,0,0,0
38715,1,0,0,0
38717,1,0,0,0
38718,1,1,1,0
38720,1,0,0,0
38723,1,1,0,0
38724,1,1,1,0
38735,1,1,1,1
38736,1,0,0,0
38738,1,0,0,0
38741,1,0,0,0
38746,1,1,1,0
38749,1,1,1,0
38750,1,0,0,0
38751,1,0,0,0
38752,1,0,0,0
38757,1,0,0,0
38758,1,0,0,0
38759,1,0,0,0
38766,1,0,0,0
38771,1,0,0,0
38774,1,0,0,0
38776,1,0,0,0
38777,1,1,0,\N
38781,1,1,0,0
38786,1,0,0,0
38798,1,1,0,0
38804,1,0,0,0
38807,1,0,0,0
38810,1,1,1,0
38813,1,0,0,0
38816,1,0,0,0
38817,1,0,0,0
38819,1,0,0,0
38820,1,0,0,0
38822,1,1,0,0
38825,1,0,0,0
38832,1,0,0,0
38833,1,0,0,0
38836,1,1,1,1
38839,1,1,1,1
38840,1,1,1,0
38856,1,0,0,0
38857,1,1,1,1
38858,1,1,0,0
38859,1,0,0,0
38860,1,0,0,0
38861,1,0,0,0
38867,1,0,0,0
38869,1,0,0,0
38872,1,0,\N,1
38874,1,0,0,0
38877,1,0,0,0
38880,1,0,0,0
38883,1,1,1,0
38885,1,1,0,0
38887,1,0,0,0
38893,1,0,0,0
38896,1,0,0,0
38897,1,1,0,\N
38898,1,0,0,0
38899,1,0,0,0
38900,1,0,0,0
38902,1,0,0,0
38903,1,1,0,0
38904,1,1,0,0
38906,1,1,1,1
38908,1,1,0,0
38909,1,0,0,0
38911,1,1,1,0
38913,1,1,1,1
38916,1,0,0,0
38917,1,0,0,0
38919,1,1,0,0
38920,1,1,1,1
38922,0,\N,1,0
38923,1,0,0,0
38924,1,0,0,0
38926,1,1,1,0
38927,1,1,0,0
38930,1,0,0,0
38935,1,1,1,0
38936,1,0,0,0
38937,1,1,0,0
38938,1,1,0,0
38939,1,0,0,0
38941,1,0,0,0
38948,1,0,0,0
38951,1,1,1,1
38955,1,0,0,0
38956,1,0,0,0
38960,1,0,0,0
38962,1,0,0,0
38967,1,0,0,0
38974,1,1,1,1
38976,1,1,1,1
38980,1,1,0,0
38981,1,1,0,0
38985,1,0,0,0
38986,1,0,0,0
38989,1,0,0,0
38998,1,0,0,0
38999,1,0,0,0
39000,1,0,0,0
39001,1,0,0,0
39003,1,1,0,0
39004,1,1,1,1
39007,1,1,0,0
39009,1,1,0,0
39011,1,0,0,0
39013,1,0,0,0
39017,1,1,0,0
39018,1,1,0,0
39023,1,0,0,0
39025,1,0,0,0
39032,1,0,0,0
39039,1,0,0,0
39040,1,1,0,0
39041,1,0,0,0
39046,1,0,0,0
39047,1,0,0,0
39049,1,1,0,0
39052,1,1,0,0
39055,1,0,0,0
39059,1,1,0,0
39062,1,0,0,0
39067,1,0,0,0
39070,1,0,0,0
39071,1,0,0,0
39074,1,0,0,0
39078,1,0,0,0
39082,1,0,0,0
39084,1,0,0,0
39085,1,0,0,0
39086,1,0,0,0
39090,0,\N,0,0
39092,1,1,1,0
39097,1,1,1,1
39099,1,0,0,0
39102,1,0,0,0
39107,1,1,0,0
39108,1,0,0,0
39110,1,0,0,0
39113,1,1,1,1
39119,1,0,0,0
39121,1,0,0,0
39122,1,1,0,0
39126,1,0,0,0
39127,1,0,0,0
39128,1,0,0,0
39129,1,0,0,0
39131,1,0,0,0
39132,1,1,1,0
39133,1,1,0,0
39138,1,1,1,1
39140,1,0,0,0
39141,1,0,0,0
39142,1,0,0,0
39143,1,0,0,0
39144,1,0,0,0
39145,1,1,0,0
39146,1,1,1,1
39152,0,\N,1,1
39155,1,0,0,0
39159,1,1,1,1
39161,1,0,0,0
39170,1,0,0,0
39174,1,0,0,0
39176,1,0,0,0
39185,1,1,0,0
39189,1,1,1,0
39193,1,0,0,0
39201,1,0,0,0
39202,1,0,0,0
39203,1,0,0,0
39204,1,0,0,0
39205,1,0,0,0
39209,1,0,0,0
39210,1,1,1,0
39211,1,1,1,1
39212,1,1,1,0
39214,1,1,1,0
39220,1,0,0,0
39223,1,0,0,0
39224,1,1,0,0
39227,1,0,0,0
39228,1,0,0,0
39229,1,1,1,0
39230,1,0,0,0
39232,1,1,1,1
39234,1,1,1,0
39236,1,0,0,0
39237,1,1,0,0
39238,1,0,0,0
39240,1,1,0,0
39244,1,1,1,0
39250,1,1,1,0
39251,1,0,0,0
39252,1,0,0,0
39257,1,0,0,0
39258,1,0,0,0
39259,1,1,0,0
39263,1,0,0,0
39265,1,0,0,0
39267,1,1,1,1
39268,1,1,1,0
39270,1,0,0,0
39272,1,0,0,0
39275,1,1,0,0
39276,1,1,0,0
39279,1,0,0,0
39280,1,0,0,0
39282,1,1,1,1
39284,1,0,0,0
39285,1,1,1,0
39288,1,0,0,0
39290,1,0,0,0
39291,1,0,0,0
39295,1,1,1,0
39296,1,0,0,0
39299,1,1,0,0
39301,1,1,1,1
39306,1,0,0,0
39307,1,0,0,0
39309,0,\N,1,0
39315,1,1,0,0
39316,1,0,0,0
39317,1,0,0,0
39318,1,0,0,0
39320,1,1,1,0
39322,1,0,0,0
39325,1,1,1,0
39328,1,0,0,0
39332,1,0,0,0
39334,1,0,0,0
39335,1,0,0,0
39338,1,0,0,0
39340,1,1,1,1
39341,1,0,0,0
39344,1,0,\N,1
39346,1,1,1,0
39351,1,0,0,0
39354,1,0,0,0
39355,1,0,0,0
39356,1,0,0,0
39357,1,0,0,0
39361,1,0,0,0
39364,1,0,0,0
39365,1,0,0,0
39366,1,0,0,0
39367,1,0,0,0
39368,1,0,0,0
39370,1,1,1,0
39371,1,0,0,0
39372,1,0,0,0
39374,1,1,1,1
39376,1,0,0,0
39382,1,1,1,0
39384,1,1,0,0
39386,1,0,\N,1
39387,1,0,0,0
39388,1,0,0,0
39391,1,0,0,0
39392,1,1,1,0
39399,1,0,\N,1
39402,1,0,0,0
39408,1,0,0,0
39409,1,0,0,0
39411,1,0,0,0
39412,1,0,0,0
39413,1,0,0,0
39418,1,1,1,0
39419,1,0,0,0
39420,0,\N,0,0
39423,1,0,0,0
39424,1,0,0,0
39425,1,0,0,0
39426,1,0,0,0
39427,1,0,0,0
39428,1,0,0,0
39429,1,0,0,0
39431,1,0,0,0
39432,1,1,0,0
39434,1,0,0,0
39435,1,0,0,0
39436,1,0,0,0
39440,1,0,0,0
39443,1,0,0,0
39444,1,0,0,0
39447,1,0,0,0
39449,1,0,0,0
39453,1,0,0,0
39460,1,1,0,0
39461,1,0,0,0
39463,1,0,0,0
39467,1,0,0,0
39468,1,1,0,0
39474,1,0,0,0
39478,1,0,0,0
39480,1,0,0,0
39481,1,0,0,0
39484,1,1,1,0
39485,1,1,1,0
39486,1,1,1,1
39487,1,0,0,0
39490,1,0,0,0
39491,1,0,0,0
39493,1,0,0,0
39496,1,0,0,0
39498,1,1,1,0
39501,1,0,0,0
39503,1,0,0,0
39505,1,1,1,0
39508,1,0,0,0
39509,1,0,0,0
39512,1,1,0,0
39514,1,0,0,0
39516,1,0,0,0
39517,1,0,0,0
39521,1,1,1,1
39523,1,1,1,0
39524,1,1,1,1
39529,1,0,0,0
39532,1,0,0,0
39533,1,0,0,0
39539,1,1,0,0
39543,1,0,0,0
39547,1,0,0,0
39548,1,1,0,0
39551,1,0,0,0
39556,1,0,0,0
39557,1,1,0,0
39558,1,1,0,0
39559,1,1,1,0
39564,1,0,0,0
39567,1,1,0,0
39569,1,0,0,0
39573,1,0,0,0
39575,1,1,0,0
39576,1,0,0,0
39577,1,0,0,0
39578,1,1,1,0
39582,1,1,1,0
39584,1,0,0,0
39585,1,0,0,0
39586,1,1,1,1
39587,1,0,0,0
39592,1,0,0,0
39594,1,0,0,0
39596,1,1,1,0
39597,1,1,1,0
39598,1,0,0,0
39599,1,0,0,0
39603,1,0,0,0
39604,1,0,0,0
39605,1,1,1,1
39607,1,1,1,0
39613,1,1,1,1
39614,1,1,1,0
39616,1,0,0,0
39620,1,0,0,0
39621,1,1,0,0
39624,1,0,0,0
39627,0,\N,0,0
39629,1,0,0,0
39632,1,1,0,0
39633,1,0,0,0
39636,1,1,0,0
39638,1,0,0,0
39640,1,0,0,0
39642,1,0,0,0
39644,1,0,0,0
39645,1,1,1,1
39659,1,1,1,1
39662,1,1,1,1
39663,1,0,0,0
39664,1,1,0,0
39665,1,0,0,0
39667,1,0,0,0
39668,1,0,0,0
39670,1,0,0,0
39674,1,0,0,0
39675,1,0,0,0
39677,1,0,0,0
39678,1,0,0,0
39680,1,0,0,0
39683,1,0,0,0
39685,1,0,0,0
39687,1,0,0,0
39694,1,0,0,0
39696,1,0,0,0
39698,1,1,0,0
39701,1,1,0,0
39702,1,0,0,0
39704,1,0,0,0
39708,0,\N,1,1
39719,1,0,0,0
39721,1,1,0,0
39724,1,0,0,0
39725,1,0,0,0
39726,1,0,0,0
39727,1,0,0,0
39728,1,1,1,0
39730,1,1,1,0
39745,1,0,0,0
39746,1,0,0,0
39748,1,0,0,0
39754,1,0,0,0
39755,1,1,1,0
39757,1,1,1,1
39760,1,1,0,0
39763,1,1,1,0
39764,1,0,0,0
39767,1,0,0,0
39769,1,0,0,0
39771,1,1,1,1
39774,1,0,0,0
39778,1,0,0,0
39780,1,0,0,0
39782,1,1,0,\N
39783,1,0,0,0
39786,1,0,0,0
39788,1,1,1,1
39792,1,1,0,0
39793,1,0,0,0
39796,1,0,0,0
39798,1,0,0,0
39799,1,0,0,0
39800,1,0,0,0
39803,1,0,0,0
39806,1,0,0,0
39807,1,1,1,1
39811,1,0,0,0
39812,1,0,0,0
39813,1,0,0,0
39816,1,0,0,0
39821,1,0,0,0
39825,1,0,0,0
39829,1,0,0,0
39834,1,0,0,0
39835,1,0,0,0
39837,1,0,0,0
39842,1,0,0,0
39845,1,0,0,0
39850,1,0,0,0
39852,1,0,0,0
39855,1,0,0,0
39856,1,0,0,0
39857,1,0,0,0
39865,1,0,0,0
39866,1,1,1,0
39872,1,0,0,0
39874,1,0,0,0
39875,1,0,0,0
39876,1,1,1,1
39877,1,1,1,0
39878,1,0,0,0
39880,1,1,1,0
39881,1,0,0,0
39882,1,0,0,0
39883,1,0,0,0
39885,1,0,0,0
39886,1,0,0,0
39888,1,0,0,0
39889,1,0,0,0
39891,1,0,0,0
39896,1,1,1,1
39897,1,0,0,0
39899,1,1,0,0
39902,1,0,0,0
39905,1,0,0,0
39914,1,1,0,0
39920,1,1,1,0
39921,1,0,0,0
39923,1,1,1,1
39924,1,0,0,0
39925,0,\N,1,0
39927,1,1,1,1
39929,1,1,0,0
39931,1,0,0,0
39933,1,0,0,0
39940,1,0,0,0
39942,1,0,0,0
39946,1,0,0,0
39951,1,0,0,0
39952,1,0,0,0
39953,1,1,1,0
39954,1,0,0,0
39955,1,0,0,0
39960,1,0,0,0
39962,1,1,0,0
39965,1,1,1,1
39966,1,0,0,0
39967,1,0,0,0
39972,1,0,0,0
39973,1,0,0,0
39974,1,0,0,0
39975,1,1,1,0
39977,1,0,0,0
39979,1,0,0,0
39985,1,0,0,0
39987,1,1,1,1
39989,1,0,0,0
39994,1,1,1,0
39997,1,0,0,0
39998,1,1,1,0
39999,1,1,1,0
40003,1,0,0,0
40008,1,0,0,0
40009,1,0,0,0
40010,1,0,0,0
40014,1,1,0,0
40017,1,0,0,0
40018,1,0,0,0
40019,1,0,0,0
40021,1,1,0,0
40022,1,0,0,0
40024,1,0,0,0
40026,1,0,0,0
40027,1,1,0,0
40032,1,0,0,0
40033,1,1,0,0
40034,1,0,0,0
40035,1,0,0,0
40039,1,0,0,0
40040,1,0,0,0
40046,1,1,0,0
40047,1,1,1,0
40048,1,0,0,0
40052,1,0,0,0
40056,1,0,0,0
40057,1,0,0,0
40058,1,1,1,0
40059,0,\N,1,0
40069,1,0,0,0
40070,1,0,0,0
40073,1,0,0,0
40077,1,0,0,0
40079,1,0,0,0
40080,1,1,0,0
40081,1,1,0,0
40085,1,1,1,1
40091,1,0,0,0
40092,1,0,0,0
40099,1,0,\N,0
40100,1,1,0,0
40106,1,0,0,0
40108,1,0,0,0
40111,1,0,0,0
40115,1,0,0,0
40118,1,0,0,0
40119,1,1,1,1
40123,1,0,0,0
40124,1,1,1,0
40125,1,0,0,0
40131,1,0,0,0
40132,1,1,0,0
40133,1,0,0,0
40134,1,0,0,0
40136,1,0,0,0
40140,1,0,0,0
40141,1,0,0,0
40145,1,0,0,0
40146,1,0,0,0
40147,1,1,1,1
40149,1,1,1,0
40153,1,0,0,0
40155,1,0,0,0
40156,1,1,0,0
40158,1,0,0,0
40167,1,1,1,0
40168,1,1,1,1
40175,1,1,1,1
40176,1,0,0,0
40177,1,0,0,0
40185,1,0,0,0
40188,1,0,0,0
40192,1,0,0,0
40193,1,1,0,0
40195,1,0,0,0
40196,1,1,0,0
40197,1,0,0,0
40200,1,0,0,0
40206,1,0,0,0
40207,1,0,0,0
40208,1,1,0,0
40210,1,0,0,0
40211,1,0,0,0
40215,1,1,1,1
40217,1,0,0,0
40218,1,0,0,0
40219,1,1,1,0
40223,1,1,1,0
40227,1,0,0,0
40229,1,1,0,0
40231,1,0,0,0
40236,1,0,0,0
40239,1,0,0,0
40240,1,0,0,0
40245,1,0,0,0
40247,1,0,0,0
40250,1,1,0,0
40252,1,0,0,0
40255,1,0,0,0
40257,1,1,0,0
40258,1,0,0,0
40267,1,0,0,0
40268,1,1,0,0
40270,1,0,0,0
40274,1,0,0,0
40275,1,1,1,1
40277,1,1,0,0
40279,1,0,0,0
40282,1,1,1,1
40291,1,0,0,0
40297,1,0,0,0
40298,1,1,0,\N
40310,1,0,0,0
40311,1,0,0,0
40312,1,0,0,0
40318,1,1,1,1
40319,1,0,0,0
40320,1,1,1,1
40324,1,0,0,0
40329,1,1,0,0
40330,1,0,0,0
40331,1,0,0,0
40334,1,1,1,0
40335,1,0,0,0
40336,1,0,0,0
40340,0,\N,0,0
40342,1,0,0,0
40343,1,0,0,0
40352,1,0,0,0
40361,1,0,0,0
40362,1,1,1,1
40371,1,0,0,0
40373,1,0,0,0
40374,1,1,1,0
40378,1,0,0,0
40382,1,0,0,0
40383,1,0,0,0
40384,1,0,0,0
40385,1,0,0,0
40386,1,0,0,0
40387,1,0,0,0
40388,1,0,0,0
40391,1,0,0,0
40392,1,0,0,0
40394,1,0,0,0
40398,1,1,0,0
40401,1,1,1,1
40402,1,0,0,0
40406,1,0,0,0
40412,1,0,0,0
40413,1,0,0,0
40415,1,0,0,0
40421,1,0,0,0
40422,1,0,0,0
40423,1,1,1,0
40424,1,0,0,0
40428,1,1,1,0
40429,1,0,0,0
40430,1,0,0,0
40431,1,1,1,1
40432,1,0,0,0
40434,1,0,0,0
40437,1,1,1,1
40441,1,0,0,0
40448,1,0,0,0
40453,1,1,0,0
40455,1,0,0,0
40459,1,0,0,0
40461,1,1,1,0
40462,1,0,0,0
40463,1,0,0,0
40465,1,1,1,1
40466,1,1,0,0
40470,1,0,0,0
40471,1,1,0,0
40472,1,1,0,\N
40476,1,0,0,0
40480,1,0,0,0
40481,1,0,0,0
40482,1,0,0,0
40484,1,1,0,0
40487,1,0,0,0
40490,1,1,0,0
40491,1,0,0,0
40492,1,0,0,0
40496,1,1,0,0
40499,1,1,1,1
40500,1,0,0,0
40502,1,0,0,0
40503,1,0,0,0
40506,1,0,0,0
40507,1,1,0,0
40516,1,1,1,0
40517,1,0,0,0
40519,1,1,1,0
40520,1,0,0,0
40522,1,0,0,0
40524,1,0,0,0
40525,1,0,0,0
40528,1,0,0,0
40529,1,0,0,0
40532,1,0,0,0
40536,1,1,0,0
40539,1,0,0,0
40540,1,0,0,0
40541,0,\N,0,0
40544,1,1,1,1
40547,1,0,0,0
40553,1,1,1,0
40555,1,1,1,1
40558,1,1,1,1
40559,1,1,1,1
40561,1,0,0,0
40566,1,0,0,0
40568,1,0,0,0
40569,1,0,0,0
40571,1,1,0,\N
40573,1,0,0,0
40574,1,1,1,1
40581,1,0,0,0
40582,1,0,0,0
40586,1,0,0,0
40589,1,0,0,0
40593,1,1,0,0
40594,1,0,0,0
40595,1,1,0,0
40596,1,0,0,0
40599,1,1,1,0
40600,1,0,0,0
40602,1,1,0,0
40604,1,0,0,0
40606,1,1,1,0
40608,1,0,0,0
40610,1,0,0,0
40611,1,1,1,1
40616,1,0,0,0
40619,1,1,1,0
40621,1,0,0,0
40625,1,1,0,0
40626,1,0,0,0
40627,0,\N,1,0
40632,1,0,0,0
40633,0,\N,1,0
40634,1,0,0,0
40640,1,1,0,0
40642,1,0,0,0
40644,1,0,0,0
40645,1,0,0,0
40646,1,0,0,0
40648,1,1,0,0
40652,1,1,0,\N
40656,1,1,1,1
40657,1,1,1,0
40658,1,0,0,0
40664,1,0,0,0
40666,1,1,0,0
40667,1,0,0,0
40668,1,1,1,0
40672,1,0,0,0
40674,1,0,0,0
40678,1,0,0,0
40684,1,1,1,0
40690,1,1,1,1
40692,1,0,0,0
40704,1,0,0,0
40707,1,1,1,0
40710,1,0,0,0
40714,1,1,0,0
40715,1,0,0,0
40717,1,0,0,0
40718,1,0,0,0
40720,1,1,1,1
40721,1,0,0,0
40722,1,0,0,0
40724,1,0,0,0
40728,1,0,0,0
40729,1,0,0,0
40734,1,0,0,0
40735,1,1,1,0
40737,1,0,0,0
40739,1,0,0,0
40741,1,0,0,0
40743,1,0,0,0
40747,1,0,0,0
40748,1,1,0,0
40751,1,0,0,0
40752,1,0,0,0
40760,1,1,1,1
40763,1,0,0,0
40766,1,1,1,0
40767,1,0,0,0
40768,1,0,0,0
40769,1,0,0,0
40772,1,0,0,0
40789,1,0,0,0
40790,1,0,0,0
40792,1,0,0,0
40795,1,0,0,0
40805,1,0,0,0
40807,1,0,0,0
40808,1,1,1,0
40814,0,\N,1,1
40816,1,0,0,0
40818,1,0,0,0
40823,1,1,1,1
40826,0,\N,1,1
40827,1,0,0,0
40828,1,1,0,0
40831,1,0,0,0
40835,1,0,0,0
40836,1,1,0,0
40838,1,1,0,0
40842,1,0,0,0
40843,1,0,0,0
40844,1,0,0,0
40845,1,0,0,0
40847,1,0,0,0
40850,1,0,0,0
40854,1,0,0,0
40856,1,1,1,0
40857,1,0,0,0
40861,1,0,0,0
40863,1,1,1,1
40866,1,0,0,0
40869,1,0,0,0
40874,1,1,0,\N
40876,1,0,0,0
40878,1,0,0,0
40879,1,0,0,0
40883,1,0,0,0
40884,1,0,0,0
40885,1,0,0,0
40887,1,1,0,0
40888,1,1,1,1
40890,1,1,1,1
40891,1,0,0,0
40893,1,0,0,0
40896,1,0,0,0
40900,1,1,0,0
40901,1,1,1,0
40905,1,0,0,0
40910,1,0,0,0
40912,1,0,0,0
40914,1,0,0,0
40921,1,1,1,0
40923,1,0,0,0
40926,1,0,0,0
40927,1,1,1,0
40928,1,0,0,0
40931,1,0,0,0
40933,1,1,0,0
40939,1,1,1,0
40940,1,0,0,0
40942,1,0,\N,1
40943,1,0,0,0
40946,1,0,0,0
40947,1,0,0,0
40948,1,0,0,0
40950,1,0,0,0
40956,1,0,0,0
40957,1,0,0,0
40960,1,1,1,0
40967,1,1,1,1
40969,1,1,1,0
40975,1,1,0,0
40977,1,0,0,0
40980,1,0,0,0
40981,1,1,0,0
40982,1,0,0,0
40985,1,0,0,0
40987,1,0,0,0
40988,1,0,0,0
40989,1,1,0,0
40997,1,0,0,0
41002,1,1,1,0
41003,1,0,0,0
41006,1,0,0,0
41008,1,1,1,1
41010,1,1,1,0
41013,1,1,1,0
41016,1,0,0,0
41017,1,0,0,0
41019,1,0,0,0
41022,1,0,0,0
41023,1,0,0,0
41024,1,1,1,0
41027,1,0,0,0
41030,1,0,0,0
41031,1,1,1,1
41033,1,0,0,0
41039,1,0,0,0
41041,1,0,0,0
41042,1,0,0,0
41043,1,0,0,0
41046,1,0,0,0
41047,1,1,1,1
41050,1,0,0,0
41052,0,\N,1,0
41054,1,0,0,0
41056,1,0,0,0
41057,1,1,0,0
41059,1,0,0,0
41060,1,0,0,0
41064,1,1,0,0
41066,1,1,1,1
41070,1,0,0,0
41072,1,0,0,0
41075,1,0,0,0
41079,1,1,0,0
41080,1,0,0,0
41085,1,1,0,0
41087,1,0,0,0
41089,1,0,0,0
41090,1,0,0,0
41093,1,1,0,0
41095,1,1,1,0
41096,1,0,0,0
41097,1,0,0,0
41102,1,0,0,0
41103,1,0,0,0
41105,1,1,0,0
41107,1,1,1,0
41110,0,\N,1,1
41111,1,0,0,0
41113,1,1,1,1
41116,1,1,0,0
41118,1,0,0,0
41119,1,0,0,0
41123,1,0,0,0
41129,1,1,0,0
41132,1,0,0,0
41134,1,0,0,0
41139,1,0,0,0
41141,1,0,0,0
41143,1,0,0,0
41145,1,0,0,0
41147,1,0,0,0
41150,1,0,0,0
41158,1,1,0,0
41160,1,0,0,0
41162,1,0,0,0
41164,1,0,0,0
41165,1,1,1,1
41166,1,0,0,0
41168,1,0,0,0
41171,1,0,0,0
41175,1,0,0,0
41178,1,1,1,0
41180,1,0,0,0
41189,0,\N,1,1
41190,1,1,1,0
41191,1,0,0,0
41192,1,0,0,0
41193,1,0,0,0
41199,1,1,0,0
41201,1,1,1,1
41207,1,0,0,0
41208,1,0,0,0
41211,1,1,1,1
41213,1,0,0,0
41215,1,0,0,0
41222,1,0,0,0
41225,1,0,0,0
41226,1,0,0,0
41228,1,0,0,0
41229,1,0,0,0
41230,1,0,0,0
41231,1,0,0,0
41234,1,1,1,0
41235,1,1,1,1
41241,1,1,1,1
41245,1,1,0,0
41246,1,0,0,0
41247,1,0,0,0
41248,1,0,0,0
41255,1,0,0,0
41265,1,1,1,0
41266,1,0,0,0
41268,1,1,0,0
41270,1,1,0,0
41272,1,0,0,0
41282,1,0,0,0
41284,1,0,0,0
41286,1,1,1,1
41287,1,0,0,0
41291,1,0,0,0
41292,1,0,0,0
41293,1,0,0,0
41295,1,1,1,0
41297,1,0,0,0
41298,1,0,0,0
41300,1,0,0,0
41304,1,1,1,1
41305,1,0,0,0
41306,1,0,0,0
41307,1,0,0,0
41311,1,0,0,0
41312,1,1,0,0
41318,0,\N,1,0
41319,1,1,0,0
41321,1,0,0,0
41323,1,0,0,0
41324,1,1,0,0
41326,1,0,0,0
41331,1,1,0,0
41334,1,0,0,0
41340,1,0,0,0
41342,1,1,1,0
41343,1,0,0,0
41346,1,0,0,0
41348,1,0,0,0
41351,1,1,0,0
41354,1,0,0,0
41358,1,0,0,0
41359,1,0,0,0
41360,1,0,0,0
41361,1,0,0,0
41363,1,1,1,0
41364,1,0,0,0
41365,1,0,0,0
41369,1,1,0,0
41370,1,0,0,0
41371,1,0,0,0
41372,1,0,0,0
41374,1,0,0,0
41375,1,1,0,0
41376,1,1,0,0
41377,1,0,0,0
41378,1,0,0,0
41384,1,1,1,0
41388,1,1,0,0
41392,1,1,1,0
41393,1,0,\N,1
41394,1,0,0,0
41397,1,1,1,1
41398,1,0,0,0
41399,1,0,0,0
41400,1,1,1,0
41401,1,0,0,0
41404,1,1,1,0
41405,1,0,0,0
41406,1,0,0,0
41411,1,1,1,0
41413,1,1,1,0
41416,1,0,0,0
41417,1,1,1,0
41420,1,0,0,0
41421,1,0,0,0
41423,1,0,0,0
41424,1,0,0,0
41426,1,1,0,0
41428,1,0,0,0
41429,1,0,0,0
41430,1,1,0,0
41431,1,1,0,0
41435,1,1,0,0
41437,1,0,0,0
41439,1,0,0,0
41440,1,1,0,0
41441,1,0,\N,0
41445,1,0,0,0
41448,1,1,1,1
41454,1,0,0,0
41455,1,0,0,0
41456,1,0,0,0
41467,1,0,0,0
41468,1,0,0,0
41470,1,1,0,0
41476,1,1,0,0
41478,1,1,0,\N
41481,1,0,0,0
41484,1,0,0,0
41485,1,0,0,0
41488,1,1,0,0
41491,1,1,1,1
41495,1,1,0,0
41496,1,0,0,0
41497,1,0,0,0
41499,1,0,\N,0
41501,1,0,0,0
41502,1,1,0,0
41503,1,1,0,0
41507,1,0,0,0
41508,1,0,0,0
41509,1,1,1,1
41515,1,0,0,0
41517,1,1,1,0
41519,1,1,0,0
41520,1,0,0,0
41524,1,0,0,0
41529,1,0,0,0
41531,1,0,0,0
41533,1,0,0,0
41535,1,1,1,1
41538,1,0,0,0
41540,1,0,0,0
41542,1,1,0,0
41543,1,1,1,1
41547,1,0,0,0
41548,1,0,0,0
41549,1,0,0,0
41557,1,1,1,0
41558,1,1,1,0
41563,1,0,0,0
41564,1,0,0,0
41565,1,0,0,0
41569,1,1,1,0
41573,1,1,0,0
41574,1,1,1,0
41578,1,0,0,0
41585,1,0,0,0
41589,0,\N,0,0
41590,1,0,0,0
41591,0,\N,1,0
41593,1,1,0,0
41598,1,0,0,0
41599,1,0,0,0
41602,1,0,0,0
41603,1,0,0,0
41606,1,0,0,0
41608,1,1,1,1
41610,1,0,0,0
41612,1,1,1,0
41613,1,1,1,1
41624,1,0,0,0
41627,1,0,0,0
41628,1,0,0,0
41629,1,0,0,0
41631,1,1,1,1
41632,1,1,1,0
41634,1,1,1,0
41635,1,0,0,0
41636,1,0,0,0
41639,1,0,0,0
41642,1,0,0,0
41645,1,1,1,1
41646,1,0,0,0
41647,1,1,1,1
41651,1,0,0,0
41653,1,0,0,0
41656,1,1,0,0
41668,1,1,0,0
41670,1,0,0,0
41671,1,0,0,0
41672,1,0,0,0
41674,1,1,0,\N
41677,1,1,1,1
41678,1,1,1,0
41679,1,0,0,0
41680,1,0,0,0
41684,1,1,1,0
41692,1,0,0,0
41696,1,0,0,0
41701,1,0,0,0
41702,1,0,0,0
41705,1,0,0,0
41708,1,0,0,0
41711,1,1,1,0
41714,1,0,0,0
41716,1,0,0,0
41719,1,0,0,0
41725,1,1,1,0
41730,1,1,1,0
41731,1,0,0,0
41732,1,1,1,1
41734,1,0,0,0
41736,1,0,0,0
41738,1,0,0,0
41746,1,1,1,0
41747,1,0,0,0
41749,1,1,0,0
41751,1,1,1,1
41752,1,0,0,0
41754,0,\N,1,0
41755,1,0,0,0
41758,1,1,1,0
41760,1,0,0,0
41766,1,1,0,0
41767,1,0,0,0
41769,1,0,0,0
41771,1,0,0,0
41772,1,0,0,0
41773,1,1,0,0
41776,1,0,0,0
41777,1,0,0,0
41778,1,1,0,0
41780,1,0,0,0
41781,1,1,0,0
41789,1,1,0,0
41792,1,1,0,0
41793,1,1,1,1
41795,1,0,0,0
41798,1,0,0,0
41799,1,0,0,0
41804,1,1,1,1
41808,1,1,1,0
41809,1,0,\N,0
41819,1,1,0,0
41821,1,0,\N,0
41826,1,0,0,0
41827,1,1,1,0
41832,1,0,0,0
41835,1,0,0,0
41836,1,0,0,0
41840,1,0,0,0
41842,1,1,0,0
41844,0,\N,0,0
41845,0,\N,0,0
41846,1,1,1,1
41848,1,0,0,0
41853,1,0,0,0
41859,1,0,0,0
41860,1,1,0,0
41861,1,0,0,0
41865,1,0,0,0
41868,1,0,0,0
41872,1,0,0,0
41873,1,0,0,0
41880,1,0,0,0
41886,1,0,0,0
41888,1,1,0,0
41890,1,0,0,0
41893,1,1,1,0
41898,1,1,1,1
41901,1,0,0,0
41905,1,1,0,0
41907,1,1,0,0
41908,1,1,0,0
41917,1,1,1,1
41918,1,0,0,0
41919,1,0,0,0
41929,1,0,0,0
41930,1,1,1,0
41934,1,1,1,1
41935,1,0,0,0
41937,1,1,1,1
41942,1,0,0,0
41944,1,0,0,0
41949,1,1,0,0
41950,1,1,0,0
41957,1,1,0,0
41958,1,1,1,1
41959,1,0,0,0
41963,1,0,0,0
41964,1,1,1,0
41967,1,1,1,1
41969,1,0,0,0
41971,1,0,0,0
41975,1,0,0,0
41976,1,0,0,0
41977,1,0,0,0
41979,1,1,1,0
41982,1,0,0,0
41990,1,0,0,0
41991,1,0,0,0
41993,1,0,0,0
41994,1,0,0,0
41996,1,0,0,0
42000,1,1,0,0
42006,1,0,0,0
42011,1,1,1,1
42012,1,0,0,0
42014,1,0,0,0
42017,1,0,0,0
42020,1,0,0,0
42021,1,0,0,0
42024,1,0,0,0
42033,1,0,0,0
42036,1,0,0,0
42039,1,0,0,0
42041,1,0,0,0
42042,1,0,0,0
42043,1,0,0,0
42047,1,0,0,0
42048,1,0,0,0
42049,1,0,0,0
42052,1,0,\N,0
42059,1,1,0,0
42060,1,0,0,0
42062,1,1,1,1
42063,1,0,0,0
42074,1,0,0,0
42077,1,1,0,0
42079,1,0,0,0
42082,1,0,0,0
42085,1,1,1,1
42089,1,0,0,0
42091,1,1,0,0
42092,1,0,0,0
42098,1,1,0,0
42100,1,1,1,1
42102,1,0,0,0
42105,1,0,0,0
42106,1,0,0,0
42119,1,1,0,\N
42120,1,0,0,0
42121,1,0,0,0
42122,1,0,0,0
42124,1,0,0,0
42125,1,0,0,0
42131,1,0,0,0
42132,1,0,0,0
42136,0,\N,1,0
42137,1,1,1,0
42140,1,1,1,0
42141,1,0,0,0
42143,1,1,0,0
42147,1,0,0,0
42148,1,0,0,0
42149,1,0,0,0
42150,1,0,0,0
42151,1,1,0,0
42155,1,0,0,0
42158,1,0,0,0
42159,1,0,0,0
42161,1,1,0,0
42164,1,1,0,0
42165,1,0,0,0
42169,1,0,0,0
42176,1,0,0,0
42177,1,0,0,0
42180,0,\N,1,0
42182,1,1,0,0
42184,1,1,1,1
42185,1,0,0,0
42187,1,0,0,0
42188,1,0,0,0
42189,1,1,1,1
42194,1,0,0,0
42198,1,1,0,0
42200,1,0,0,0
42203,1,1,1,0
42205,1,0,0,0
42208,1,0,0,0
42213,1,0,0,0
42214,1,0,0,0
42218,1,0,0,0
42221,1,1,1,1
42222,1,1,1,1
42223,1,0,0,0
42229,1,0,0,0
42230,1,0,0,0
42239,1,0,0,0
42240,1,1,1,1
42245,1,1,0,0
42246,1,0,0,0
42247,1,1,1,0
42248,1,0,0,0
42250,1,1,1,1
42251,1,0,0,0
42254,1,0,0,0
42258,1,0,0,0
42261,0,\N,0,0
42263,1,0,0,0
42264,1,1,0,0
42266,1,1,0,0
42267,1,0,0,0
42270,1,0,0,0
42272,1,0,0,0
42273,1,0,0,0
42274,1,0,0,0
42280,1,0,0,0
42282,1,1,1,1
42283,1,0,0,0
42284,1,0,0,0
42290,1,1,1,1
42291,1,1,0,0
42294,1,1,1,1
42296,1,0,0,0
42298,1,0,0,0
42302,1,1,1,0
42306,1,0,0,0
42309,1,0,0,0
42314,1,0,0,0
42316,1,0,0,0
42317,1,0,0,0
42318,1,0,0,0
42319,1,0,0,0
42320,1,0,0,0
42321,1,1,1,0
42323,1,1,1,1
42325,1,0,0,0
42326,1,1,1,0
42332,1,0,0,0
42334,1,1,0,0
42335,1,1,1,0
42336,1,1,1,0
42337,1,0,0,0
42339,1,0,0,0
42340,1,0,0,0
42341,1,0,0,0
42344,1,0,0,0
42348,1,0,0,0
42350,1,0,0,0
42351,1,0,0,0
42356,1,0,0,0
42360,1,0,0,0
42362,1,0,0,0
42365,1,0,0,0
42367,1,0,0,0
42370,1,0,0,0
42372,1,0,0,0
42376,1,0,0,0
42382,1,0,0,0
42385,1,0,0,0
42386,1,0,0,0
42387,1,0,0,0
42390,1,1,1,1
42394,1,1,1,0
42395,1,1,1,0
42396,1,1,0,0
42398,1,0,0,0
42399,1,0,0,0
42400,1,0,0,0
42402,1,0,0,0
42403,1,0,0,0
42405,1,1,0,0
42409,1,0,0,0
42412,1,0,0,0
42413,1,0,0,0
42414,1,1,0,0
42415,1,1,1,0
42418,1,1,1,0
42419,1,1,1,1
42420,1,0,0,0
42426,0,0,\N,1
42430,1,0,0,0
42434,1,1,0,0
42436,1,0,0,0
42445,1,0,0,0
42446,1,0,0,0
42451,1,0,0,0
42459,1,0,0,0
42461,1,0,0,0
42462,1,1,1,1
42463,1,1,0,0
42470,1,1,1,1
42474,1,0,0,0
42481,1,0,0,0
42483,1,1,1,1
42489,1,1,0,0
42492,1,0,0,0
42493,1,0,0,0
42496,1,0,0,0
42499,1,0,0,0
42501,1,0,\N,1
42507,1,0,0,0
42512,1,0,0,0
42513,1,0,0,0
42515,1,1,1,0
42516,1,0,0,0
42521,1,0,0,0
42522,1,0,0,0
42526,1,0,0,0
42528,1,0,0,0
42529,1,0,0,0
42531,1,0,0,0
42536,1,0,0,0
42537,1,0,0,0
42544,1,0,0,0
42545,0,\N,0,0
42554,1,0,0,0
42556,1,1,1,0
42558,1,0,0,0
42567,1,0,0,0
42568,1,0,0,0
42572,1,0,0,0
42574,1,1,1,0
42579,1,0,0,0
42582,1,0,0,0
42590,1,1,0,0
42591,1,0,0,0
42594,1,0,0,0
42596,1,1,0,0
42601,1,1,0,0
42603,1,0,0,0
42605,1,0,0,0
42609,1,1,1,0
42615,1,1,1,1
42616,1,0,0,0
42619,1,0,0,0
42623,1,1,1,1
42624,1,1,1,1
42626,1,0,0,0
42628,1,1,1,0
42630,1,0,0,0
42631,1,0,0,0
42635,1,0,0,0
42637,1,0,0,0
42640,1,1,1,1
42641,1,0,0,0
42642,1,0,0,0
42650,1,1,1,0
42651,1,0,0,0
42656,1,0,0,0
42658,1,1,0,0
42661,1,1,0,0
42667,1,0,0,0
42668,1,0,0,0
42672,1,0,0,0
42673,1,0,0,0
42674,1,0,0,0
42676,1,0,0,0
42680,1,0,0,0
42681,1,1,1,1
42682,1,1,1,0
42684,1,0,0,0
42685,1,1,1,0
42690,1,0,0,0
42691,1,0,0,0
42692,1,1,1,1
42697,1,1,0,0
42701,1,0,0,0
42702,0,\N,0,0
42704,1,0,0,0
42708,1,0,0,0
42711,1,1,1,1
42712,1,0,0,0
42716,1,0,0,0
42717,1,0,0,0
42719,1,0,0,0
42721,1,0,0,0
42722,1,0,0,0
42728,1,1,1,0
42730,1,0,0,0
42732,1,0,0,0
42734,1,0,0,0
42735,1,0,0,0
42737,1,0,0,0
42738,1,0,0,0
42741,1,1,1,1
42743,1,0,0,0
42745,1,1,1,1
42747,1,0,0,0
42748,1,1,1,1
42750,1,0,0,0
42753,1,0,0,0
42754,1,0,0,0
42755,1,0,0,0
42757,1,0,0,0
42760,1,0,0,0
42767,1,0,0,0
42773,1,1,1,1
42779,1,0,0,0
42781,1,0,0,0
42786,1,1,0,0
42790,1,0,0,0
42799,1,0,0,0
42805,1,0,0,0
42806,1,0,0,0
42808,1,0,0,0
42811,1,1,0,0
42812,1,1,1,1
42813,1,0,0,0
42816,1,1,1,0
42824,1,0,0,0
42825,1,0,0,0
42826,1,1,0,0
42828,1,1,1,1
42835,1,0,0,0
42837,1,0,0,0
42841,1,0,0,0
42842,1,0,0,0
42845,0,\N,1,0
42846,1,1,1,0
42849,1,0,0,0
42851,1,0,0,0
42854,1,0,0,0
42855,1,0,0,0
42856,1,0,0,0
42859,1,0,0,0
42862,1,1,0,0
42864,1,0,0,0
42865,0,\N,0,0
42866,1,0,0,0
42869,1,0,0,0
42871,1,0,0,0
42873,1,1,1,0
42881,1,1,1,0
42882,1,0,0,0
42884,1,1,1,0
42886,1,0,0,0
42890,1,1,1,0
42891,0,\N,1,1
42895,1,0,0,0
42896,1,1,1,1
42899,1,0,0,0
42901,1,0,0,0
42905,1,0,0,0
42909,1,0,0,0
42910,1,0,0,0
42911,1,1,1,1
42912,0,\N,0,\N
42920,1,1,0,0
42923,1,0,0,0
42928,1,1,1,0
42930,1,0,0,0
42931,1,0,0,0
42935,1,0,0,0
42937,1,1,0,0
42939,1,1,0,0
42940,0,\N,1,0
42942,1,0,0,0
42946,1,1,1,1
42951,1,0,0,0
42956,1,1,1,1
42957,1,0,0,0
42958,1,0,0,0
42960,0,\N,1,0
42961,1,1,1,1
42962,1,1,1,1
42967,1,0,0,0
42972,1,1,1,0
42973,1,0,0,0
42974,1,1,1,1
42975,1,0,0,0
42976,1,0,0,0
42979,1,0,0,0
42981,1,0,0,0
42982,1,0,0,0
42983,1,0,0,0
42984,1,0,0,0
42988,1,0,0,0
42989,1,0,0,0
42991,1,0,0,0
42993,1,1,1,0
42997,1,1,0,0
42998,1,0,0,0
42999,1,0,0,0
43003,1,1,1,1
43005,0,\N,0,0
43006,1,0,\N,0
43009,1,0,0,0
43010,1,1,0,0
43011,1,0,0,0
43013,1,1,0,0
43014,1,0,0,0
43015,1,0,0,0
43017,1,1,1,0
43019,1,0,0,0
43020,1,0,0,0
43023,1,0,0,0
43024,1,0,0,0
43028,1,0,0,0
43032,1,0,0,0
43034,0,\N,0,0
43038,1,1,1,1
43042,1,1,0,0
43044,1,0,0,0
43049,1,0,0,0
43050,1,0,0,0
43052,1,1,1,1
43054,1,0,0,0
43056,1,0,0,0
43059,1,0,0,0
43068,1,0,0,0
43073,1,0,0,0
43074,1,0,0,0
43075,1,0,0,0
43078,1,0,0,0
43080,1,0,0,0
43082,1,0,0,0
43087,1,0,0,0
43088,1,1,1,1
43092,1,0,0,0
43096,1,0,0,0
43100,1,0,0,0
43102,1,1,1,1
43110,1,1,0,0
43113,1,0,0,0
43114,1,0,0,0
43115,1,0,0,0
43117,1,0,0,0
43118,1,0,0,0
43121,1,0,0,0
43124,1,0,0,0
43125,1,1,0,\N
43126,1,0,0,0
43128,1,1,0,0
43129,1,1,0,0
43130,1,0,0,0
43132,1,0,0,0
43134,1,1,1,1
43135,1,0,0,0
43138,1,0,0,0
43146,1,0,0,0
43150,1,0,0,0
43154,1,0,0,0
43158,1,0,0,0
43162,1,0,0,0
43165,1,1,0,0
43169,1,0,0,0
43176,1,1,1,1
43179,1,0,0,0
43180,1,1,1,0
43185,1,0,0,0
43186,1,0,0,0
43190,1,0,0,0
43192,1,1,0,0
43194,1,0,0,0
43195,1,1,0,0
43196,1,1,1,1
43200,1,0,0,0
43202,1,0,0,0
43203,1,0,0,0
43206,1,1,1,1
43207,1,0,0,0
43208,1,0,0,0
43209,1,1,1,1
43210,1,0,0,0
43211,1,1,0,0
43212,1,0,\N,1
43213,1,1,1,1
43216,1,1,1,0
43218,1,1,1,0
43220,1,1,1,0
43222,1,0,0,0
43228,1,0,0,0
43232,1,1,1,0
43236,1,1,1,1
43237,1,0,0,0
43240,0,\N,1,0
43241,1,1,0,0
43244,1,0,0,0
43245,1,0,0,0
43246,1,0,0,0
43250,1,1,1,1
43251,1,1,1,1
43252,1,0,0,0
43256,1,0,0,0
43258,1,0,0,0
43259,1,0,0,0
43260,1,0,0,0
43261,1,1,0,0
43263,1,1,1,1
43264,1,0,0,0
43265,1,0,0,0
43267,1,0,0,0
43268,1,0,0,0
43271,1,0,0,0
43272,1,1,1,1
43273,1,1,1,0
43275,1,1,1,0
43277,1,1,1,0
43283,1,1,0,0
43285,1,1,0,0
43287,1,0,0,0
43289,1,0,0,0
43290,1,1,1,0
43291,1,1,1,0
43293,1,0,0,0
43297,1,0,0,0
43299,1,0,0,0
43302,1,0,0,0
43305,1,0,0,0
43307,1,0,0,0
43308,1,0,0,0
43311,1,0,0,0
43313,1,0,0,0
43317,1,0,0,0
43321,1,1,1,0
43325,1,0,0,0
43329,1,0,0,0
43334,1,0,0,0
43335,1,1,1,0
43336,1,1,1,1
43337,1,0,0,0
43338,1,0,0,0
43342,1,0,0,0
43343,1,1,1,0
43347,1,1,0,0
43352,1,1,0,0
43356,1,0,0,0
43357,1,0,0,0
43365,1,0,0,0
43366,1,0,0,0
43368,1,1,1,0
43373,1,1,1,0
43375,1,1,1,0
43379,0,\N,0,\N
43380,0,\N,0,0
43382,1,0,0,0
43387,1,0,0,0
43389,1,1,0,0
43391,1,0,0,0
43393,1,0,0,0
43397,1,0,0,0
43398,1,0,0,0
43399,1,0,0,0
43401,1,0,0,0
43402,1,1,1,0
43404,1,0,0,0
43406,1,1,1,1
43407,1,0,0,0
43410,1,0,0,0
43411,1,0,0,0
43413,1,0,0,0
43414,1,0,0,0
43416,1,0,0,0
43422,1,1,1,1
43427,1,1,0,0
43429,1,0,0,0
43431,1,0,0,0
43432,1,1,1,0
43435,1,0,0,0
43438,1,0,0,0
43441,1,0,0,0
43443,1,0,0,0
43449,1,0,0,0
43453,1,0,0,0
43459,1,0,0,0
43460,1,0,0,0
43463,1,0,0,0
43466,1,0,0,0
43467,1,0,0,0
43468,1,0,0,0
43471,1,0,0,0
43473,1,0,0,0
43477,1,0,0,0
43479,1,1,1,0
43481,1,1,1,0
43484,1,0,0,0
43487,1,1,0,0
43490,1,0,0,0
43492,1,0,0,0
43494,1,0,0,0
43495,1,0,0,0
43500,1,0,0,0
43501,0,\N,0,0
43503,1,0,0,0
43505,1,1,1,0
43506,1,0,0,0
43507,1,1,0,0
43508,1,1,1,1
43510,1,0,0,0
43511,1,0,\N,1
43512,1,0,0,0
43518,1,0,0,0
43527,1,0,0,0
43529,1,0,0,0
43531,1,0,0,0
43532,1,0,0,0
43534,1,0,0,0
43535,1,0,0,0
43537,1,1,0,0
43542,1,0,0,0
43545,1,0,0,0
43547,1,0,0,0
43548,1,1,1,1
43550,1,1,0,0
43551,1,0,0,0
43552,1,0,0,0
43560,1,1,0,0
43564,1,1,1,0
43565,1,1,1,0
43567,1,0,0,0
43570,1,0,0,0
43571,1,0,0,0
43572,0,\N,0,0
43573,1,0,0,0
43578,1,1,1,0
43579,1,0,0,0
43581,1,1,1,0
43585,1,0,0,0
43595,1,0,0,0
43596,1,0,0,0
43597,1,1,1,0
43599,1,1,1,0
43601,1,0,0,0
43604,1,0,0,0
43607,1,0,0,0
43608,1,0,0,0
43609,1,0,0,0
43613,1,0,0,0
43614,1,1,1,0
43616,1,0,0,0
43617,1,0,0,0
43618,1,1,1,0
43621,0,\N,1,1
43625,1,0,0,0
43631,1,1,1,0
43633,1,1,1,1
43637,1,0,0,0
43640,1,0,0,0
43644,1,1,0,0
43651,1,1,1,1
43652,1,1,1,0
43656,1,0,0,0
43657,1,1,0,0
43659,1,1,0,0
43660,1,0,0,0
43663,1,0,0,0
43673,1,1,0,0
43678,1,0,0,0
43680,1,0,0,0
43681,1,0,0,0
43686,1,1,1,1
43692,1,0,0,0
43695,1,0,0,0
43696,1,0,0,0
43701,1,0,0,0
43704,1,0,0,0
43705,1,0,0,0
43707,1,0,0,0
43710,1,0,0,0
43714,1,0,0,0
43719,0,\N,1,1
43722,0,\N,1,1
43724,1,1,0,0
43727,1,1,1,1
43730,1,0,0,0
43733,1,0,0,0
43734,1,0,0,0
43735,1,0,0,0
43737,1,1,0,0
43738,1,0,0,0
43739,1,0,0,0
43743,1,0,0,0
43746,1,0,0,0
43749,1,1,1,1
43751,1,1,1,1
43753,1,0,0,0
43755,1,0,0,0
43757,1,1,0,0
43758,1,0,0,0
43761,1,1,0,0
43764,1,1,1,0
43765,1,1,1,0
43770,1,0,0,0
43772,0,\N,0,0
43778,1,1,0,0
43780,1,0,0,0
43781,1,0,0,0
43782,1,0,0,0
43783,1,1,1,0
43786,1,1,1,0
43788,1,0,0,0
43790,1,0,0,0
43801,1,0,0,0
43802,1,0,0,0
43803,1,0,0,0
43806,1,0,0,0
43807,1,0,0,0
43808,1,1,0,0
43810,1,0,0,0
43811,1,0,0,0
43813,1,0,\N,1
43816,1,0,0,0
43817,1,0,0,0
43822,1,0,0,0
43826,1,0,0,0
43827,1,1,1,0
43830,1,0,0,0
43832,1,0,0,0
43837,1,0,\N,1
43839,1,0,0,0
43842,1,1,0,0
43844,1,0,0,0
43846,1,0,0,0
43852,1,0,0,0
43854,1,0,0,0
43855,1,0,0,0
43858,1,1,1,1
43860,1,0,0,0
43863,1,0,0,0
43869,1,1,1,0
43870,1,0,0,0
43872,1,0,0,0
43876,1,1,0,0
43877,1,0,0,0
43880,1,1,0,0
43881,1,0,0,0
43882,1,0,0,0
43884,1,0,0,0
43892,1,1,0,0
43901,1,0,0,0
43902,1,0,0,0
43907,1,1,1,1
43908,1,0,0,0
43911,1,0,0,0
43915,1,0,0,0
43916,1,0,0,0
43923,1,0,0,0
43924,1,1,0,0
43926,1,1,1,1
43927,1,0,0,0
43929,1,0,0,0
43933,1,0,0,0
43938,1,0,0,0
43940,1,1,0,0
43943,1,0,0,0
43948,1,0,0,0
43951,1,1,1,1
43952,1,0,0,0
43953,1,0,0,0
43957,1,0,0,0
43959,1,0,0,0
43960,1,1,1,1
43961,1,0,0,0
43968,1,0,\N,1
43969,1,0,0,0
43974,1,0,0,0
43975,1,0,0,0
43976,1,1,0,0
43977,1,0,0,0
43979,1,1,1,0
43980,1,0,0,0
43982,1,0,0,0
43985,1,0,0,0
43986,1,0,0,0
43987,1,0,0,0
43989,1,0,0,0
43993,1,0,0,0
43995,1,1,1,0
43996,1,1,1,0
43997,1,0,0,0
44001,1,0,0,0
44005,1,0,0,0
44006,1,0,0,0
44007,1,1,0,0
44008,1,1,1,1
44011,1,1,0,0
44013,1,0,0,0
44014,1,1,0,0
44016,1,1,1,1
44017,1,0,0,0
44018,1,0,0,0
44020,1,0,0,0
44025,1,0,0,0
44029,1,0,0,0
44030,1,0,0,0
44031,1,1,1,0
44035,1,0,0,0
44036,1,0,0,0
44040,1,1,1,1
44041,1,1,1,1
44042,1,0,0,0
44046,1,0,0,0
44047,1,0,0,0
44049,1,0,0,0
44051,1,1,0,0
44052,1,1,1,1
44057,1,0,0,0
44058,1,0,0,0
44060,1,0,0,0
44062,1,0,0,0
44063,1,0,0,0
44065,1,0,0,0
44067,1,0,0,0
44072,1,0,0,0
44075,1,0,0,0
44078,1,0,0,0
44080,1,1,1,0
44084,1,0,0,0
44085,1,0,0,0
44086,1,0,0,0
44087,1,0,0,0
44092,1,1,0,0
44095,1,0,0,0
44098,1,0,0,0
44102,1,1,1,1
44104,1,0,0,0
44105,1,0,0,0
44106,1,0,0,0
44111,1,0,0,0
44114,1,1,1,1
44117,1,0,0,0
44121,1,1,0,0
44128,1,0,0,0
44131,1,1,1,1
44136,1,0,0,0
44138,1,0,0,0
44140,1,0,0,0
44142,1,1,1,1
44144,1,0,0,0
44146,1,0,0,0
44147,1,0,0,0
44149,1,0,0,0
44151,1,0,0,0
44156,1,0,0,0
44158,1,0,0,0
44159,1,0,0,0
44161,1,0,0,0
44164,1,1,1,0
44166,1,1,1,0
44169,1,1,1,0
44170,1,1,0,0
44174,1,0,0,0
44175,1,0,0,0
44176,1,1,1,0
44178,1,0,0,0
44187,1,0,0,0
44188,1,0,0,0
44191,1,0,0,0
44195,1,1,1,0
44199,1,1,0,0
44200,1,1,1,0
44201,1,0,0,0
44206,1,0,0,0
44207,1,0,0,0
44210,1,0,0,0
44225,1,0,0,0
44227,1,0,0,0
44228,1,0,0,0
44229,1,1,1,1
44244,1,1,0,0
44247,1,0,0,0
44253,1,0,0,0
44254,1,0,0,0
44255,1,0,0,0
44256,1,0,0,0
44257,1,0,0,0
44267,1,0,0,0
44275,1,1,1,1
44281,1,0,0,0
44282,1,0,0,0
44285,1,0,0,0
44287,1,0,0,0
44289,1,0,0,0
44291,1,0,0,0
44294,1,0,0,0
44296,1,0,0,0
44297,1,0,0,0
44298,1,0,0,0
44301,1,0,0,0
44303,1,1,1,1
44306,1,0,0,0
44309,1,1,1,1
44311,1,1,1,0
44312,1,0,0,0
44315,1,0,0,0
44317,1,1,1,1
44319,1,1,1,1
44321,1,1,1,0
44322,1,0,0,0
44326,1,0,0,0
44332,1,0,0,0
44338,1,0,0,0
44339,1,0,0,0
44343,1,1,0,0
44345,1,1,1,1
44346,1,1,0,0
44349,1,0,0,0
44351,1,1,1,0
44354,1,0,0,0
44358,1,0,0,0
44362,1,0,0,0
44363,1,0,0,0
44369,1,0,0,0
44372,1,1,0,0
44373,1,0,0,0
44374,1,0,0,0
44375,1,0,0,0
44376,1,0,0,0
44377,1,1,1,1
44378,1,1,1,1
44379,1,0,0,0
44380,1,1,1,1
44386,1,0,0,0
44387,1,0,0,0
44393,1,1,1,0
44394,1,0,0,0
44395,1,1,0,0
44398,1,0,0,0
44399,0,\N,1,0
44401,1,0,0,0
44403,1,0,\N,0
44405,1,1,0,0
44411,1,1,0,0
44418,1,0,0,0
44419,1,0,0,0
44421,1,1,0,0
44422,1,0,0,0
44424,1,0,0,0
44428,1,0,0,0
44431,1,0,0,0
44433,1,0,0,0
44434,1,0,0,0
44435,1,0,0,0
44436,1,0,0,0
44437,1,0,0,0
44438,1,0,0,0
44439,1,0,0,0
44443,1,0,0,0
44445,1,1,0,0
44447,0,\N,1,1
44448,1,1,1,0
44453,1,1,0,0
44455,1,0,0,0
44458,1,0,0,0
44461,1,0,0,0
44464,1,0,0,0
44466,1,1,1,1
44468,1,0,0,0
44476,1,0,0,0
44477,1,0,0,0
44483,1,1,0,0
44485,1,0,0,0
44487,1,0,0,0
44488,1,0,0,0
44489,1,0,0,0
44490,1,0,0,0
44492,1,0,0,0
44493,1,0,0,0
44494,1,0,0,0
44496,1,0,0,0
44499,1,0,0,0
44501,1,1,0,\N
44502,1,0,0,0
44506,1,0,0,0
44509,1,0,0,0
44510,1,1,0,0
44512,1,1,1,0
44513,1,0,0,0
44515,1,0,0,0
44520,1,0,0,0
44522,1,1,1,1
44528,1,1,1,1
44532,1,1,1,1
44535,1,0,0,0
44539,1,0,0,0
44540,1,1,1,1
44542,1,1,0,0
44546,1,1,1,0
44551,1,0,0,0
44554,1,1,0,0
44557,1,1,0,0
44561,1,1,1,0
44564,1,1,0,0
44572,1,1,1,0
44575,1,1,1,1
44581,1,0,0,0
44584,1,0,0,0
44585,1,1,0,0
44591,1,0,0,0
44592,1,0,0,0
44593,1,0,0,0
44596,1,0,0,0
44597,1,0,0,0
44605,1,0,0,0
44606,1,1,1,1
44607,1,0,0,0
44609,1,0,0,0
44613,1,0,0,0
44614,1,1,0,0
44616,1,0,0,0
44620,1,0,0,0
44621,1,1,1,0
44624,1,1,1,1
44625,1,0,0,0
44626,1,0,0,0
44628,1,0,0,0
44635,1,0,0,0
44636,1,1,0,0
44638,1,1,1,0
44642,1,1,0,0
44643,1,0,0,0
44645,0,\N,1,0
44651,1,0,0,0
44653,1,0,0,0
44654,1,1,1,0
44657,1,0,0,0
44664,1,0,\N,0
44665,1,0,0,0
44669,1,0,0,0
44670,1,0,0,0
44674,1,0,0,0
44681,1,0,0,0
44683,1,0,0,0
44684,1,0,0,0
44685,1,0,0,0
44686,1,1,1,0
44691,1,1,1,0
44693,1,0,0,0
44694,1,0,0,0
44695,1,0,0,0
44699,0,\N,0,0
44702,1,0,0,0
44703,1,0,0,0
44704,1,0,0,0
44706,1,0,0,0
44708,1,0,0,0
44709,1,1,1,0
44713,1,1,1,1
44715,1,0,0,0
44716,1,0,0,0
44718,1,0,0,0
44721,1,0,0,0
44723,1,0,0,0
44726,1,0,0,0
44732,1,0,0,0
44734,1,0,0,0
44735,1,0,0,0
44737,1,1,1,0
44739,1,0,0,0
44744,1,0,0,0
44748,1,0,0,0
44751,1,0,0,0
44753,1,1,0,0
44754,1,0,0,0
44756,1,0,0,0
44757,1,0,0,0
44759,1,1,1,0
44761,1,0,0,0
44766,1,0,0,0
44770,1,0,0,0
44774,1,1,1,0
44775,1,0,0,0
44779,1,1,0,0
44782,1,0,0,0
44783,0,\N,1,1
44787,1,0,0,0
44791,1,0,0,0
44796,1,0,0,0
44798,1,0,0,0
44799,1,0,0,0
44801,1,0,0,0
44803,1,1,1,1
44804,1,1,0,0
44806,1,0,0,0
44807,1,1,0,0
44811,1,0,0,0
44812,1,1,1,1
44817,1,0,0,0
44819,1,0,0,0
44825,1,0,0,0
44829,1,0,0,0
44833,1,1,0,0
44842,1,0,0,0
44850,1,0,0,0
44851,1,1,1,0
44853,1,0,0,0
44855,1,0,0,0
44858,1,0,0,0
44862,1,0,0,0
44863,1,1,0,0
44867,1,0,0,0
44869,1,0,0,0
44870,1,1,1,1
44871,1,1,1,0
44877,1,0,0,0
44879,0,\N,0,0
44881,1,0,0,0
44882,1,0,0,0
44884,1,0,0,0
44896,1,0,0,0
44899,1,1,1,1
44901,1,0,0,0
44907,1,0,0,0
44909,1,0,0,0
44915,1,1,1,1
44916,1,0,0,0
44918,1,0,0,0
44921,1,0,0,0
44923,1,1,0,0
44927,1,0,0,0
44928,1,0,0,0
44930,1,0,0,0
44933,1,1,0,0
44934,1,0,0,0
44935,1,0,0,0
44936,1,0,0,0
44940,1,0,0,0
44941,1,1,0,0
44945,1,0,0,0
44946,1,0,0,0
44947,1,0,0,0
44948,1,1,1,0
44950,1,1,0,0
44951,1,0,0,0
44957,1,0,0,0
44960,1,1,1,0
44963,1,0,0,0
44970,1,0,0,0
44974,1,1,1,0
44978,1,0,0,0
44982,1,0,0,0
44983,1,0,0,0
44986,1,1,1,0
44989,1,0,0,0
44992,1,0,0,0
44994,1,1,1,0
44998,1,0,0,0
45004,1,0,0,0
45008,1,0,0,0
45017,0,\N,0,0
45018,1,1,1,1
45020,1,0,0,0
45023,1,0,0,0
45025,1,0,0,0
45030,1,0,0,0
45032,1,0,0,0
45036,1,0,0,0
45038,1,1,0,0
45039,1,1,0,0
45040,1,0,0,0
45041,1,0,0,0
45046,1,0,0,0
45047,1,0,0,0
45049,1,0,0,0
45050,1,0,0,0
45051,1,1,1,1
45055,1,0,0,0
45056,1,1,1,0
45057,1,1,1,0
45059,1,0,0,0
45060,1,0,0,0
45062,1,1,1,1
45064,1,0,0,0
45069,1,0,0,0
45077,1,0,0,0
45080,1,0,0,0
45081,1,0,0,0
45089,1,1,1,1
45090,1,0,0,0
45094,1,0,0,0
45099,1,0,0,0
45101,1,1,1,1
45106,1,0,0,0
45108,1,1,1,0
45109,1,0,0,0
45110,1,1,0,0
45120,1,1,1,0
45121,1,0,0,0
45122,1,1,1,1
45123,1,1,0,0
45124,1,0,0,0
45125,1,1,0,0
45129,1,1,0,0
45130,1,0,0,0
45131,1,1,1,1
45132,1,0,0,0
45134,1,0,0,0
45138,1,1,0,0
45139,1,0,0,0
45140,1,1,1,0
45143,1,0,0,0
45144,1,0,0,0
45148,1,1,0,0
45149,1,0,0,0
45151,1,1,1,1
45152,1,0,0,0
45153,1,1,0,0
45155,1,0,0,0
45157,1,0,0,0
45158,1,0,0,0
45164,1,1,0,0
45167,1,0,0,0
45169,1,1,1,1
45175,1,0,0,0
45176,1,1,0,0
45177,1,0,0,0
45178,1,1,1,0
45179,1,0,0,0
45181,1,0,0,0
45183,1,0,0,0
45187,1,1,0,0
45188,0,\N,1,0
45192,1,0,0,0
45194,1,0,0,0
45195,1,1,0,0
45197,1,0,0,0
45199,1,0,0,0
45202,1,1,1,1
45203,0,\N,1,0
45204,1,0,0,0
45205,1,0,0,0
45206,1,0,0,0
45210,1,0,0,0
45211,1,1,0,0
45220,1,1,1,1
45227,1,0,0,0
45228,1,1,0,0
45230,1,0,0,0
45235,1,1,1,1
45236,1,0,0,0
45237,1,0,0,0
45238,1,1,0,0
45242,1,0,0,0
45244,1,0,0,0
45247,1,1,0,0
45249,1,0,0,0
45251,1,1,0,0
45253,1,0,0,0
45255,1,0,0,0
45256,1,0,0,0
45257,1,0,0,0
45259,1,0,0,0
45260,1,1,1,0
45263,1,0,0,0
45272,1,0,0,0
45273,1,0,0,0
45276,1,0,0,0
45280,1,1,1,0
45283,1,0,0,0
45289,1,1,0,0
45291,1,1,1,0
45293,1,0,0,0
45295,1,1,1,1
45297,1,0,0,0
45299,1,0,0,0
45300,1,1,0,0
45305,1,0,0,0
45308,1,0,\N,1
45310,1,0,0,0
45311,1,1,0,0
45312,1,0,0,0
45314,1,0,0,0
45315,1,0,0,0
45317,1,1,1,0
45321,1,0,0,0
45323,1,0,0,0
45324,1,0,0,0
45327,1,0,0,0
45328,1,1,0,0
45330,1,0,0,0
45333,1,0,0,0
45335,1,0,0,0
45337,1,1,1,0
45342,1,0,0,0
45344,1,0,0,0
45348,1,0,0,0
45350,1,0,0,0
45351,1,1,0,0
45354,1,0,0,0
45365,1,0,0,0
45367,1,0,0,0
45373,1,1,0,0
45375,1,0,0,0
45377,1,1,1,0
45379,1,0,0,0
45382,1,1,1,0
45386,1,0,0,0
45387,1,1,1,1
45389,1,0,0,0
45392,1,0,0,0
45396,1,0,0,0
45397,1,1,1,0
45403,1,1,1,1
45407,1,0,0,0
45411,1,0,0,0
45417,1,1,0,0
45422,1,1,0,0
45424,1,1,1,0
45426,1,0,0,0
45431,0,\N,0,0
45433,1,0,0,0
45436,1,1,1,0
45439,1,0,0,0
45441,1,0,\N,1
45443,1,0,0,0
45445,1,1,0,0
45447,1,0,0,0
45448,1,1,1,1
45450,1,0,0,0
45454,1,0,0,0
45457,1,1,1,0
45460,1,1,1,1
45463,1,0,0,0
45470,1,0,0,0
45471,1,0,0,0
45472,1,0,0,0
45474,1,0,0,0
45475,1,0,0,0
45478,1,0,0,0
45479,1,1,0,0
45482,1,0,0,0
45486,1,0,0,0
45487,1,0,0,0
45489,1,1,0,\N
45493,1,1,0,0
45494,1,1,1,1
45496,1,0,0,0
45498,1,0,0,0
45499,1,1,0,0
45503,1,0,0,0
45507,1,1,0,0
45510,1,0,0,0
45512,0,\N,1,0
45514,1,0,0,0
45516,1,0,0,0
45518,1,0,0,0
45524,1,1,0,0
45527,1,0,0,0
45528,1,1,0,0
45531,1,0,0,0
45533,1,0,0,0
45534,1,0,0,0
45535,1,0,0,0
45538,1,1,1,1
45539,1,0,0,0
45544,1,1,1,0
45546,1,1,0,0
45547,0,\N,1,1
45551,1,0,0,0
45553,1,0,0,0
45558,1,1,1,0
45564,1,1,0,0
45567,1,0,0,0
45569,1,1,0,0
45575,1,1,1,0
45577,1,1,1,0
45578,1,1,1,1
45579,1,0,0,0
45582,1,0,0,0
45583,1,0,0,0
45588,1,0,0,0
45589,1,1,0,0
45591,1,1,0,0
45593,1,1,0,0
45595,1,0,0,0
45597,1,0,0,0
45602,1,0,0,0
45603,1,0,0,0
45608,1,0,0,0
45610,1,1,0,0
45617,1,1,1,1
45623,1,0,0,0
45628,1,0,0,0
45629,1,0,0,0
45633,1,0,0,0
45634,1,0,0,0
45636,1,1,0,0
45638,1,1,1,1
45639,1,0,0,0
45641,1,0,0,0
45646,1,0,0,0
45647,1,0,\N,0
45651,1,0,\N,1
45657,1,0,0,0
45660,1,0,0,0
45662,1,1,1,0
45663,1,1,1,1
45664,1,1,1,1
45672,1,0,0,0
45673,1,0,0,0
45678,1,0,0,0
45685,1,0,0,0
45687,1,0,0,0
45690,1,1,1,1
45699,1,1,0,0
45702,1,0,\N,1
45703,1,0,0,0
45706,1,1,0,0
45708,1,1,1,1
45710,1,0,0,0
45711,1,0,0,0
45713,1,0,0,0
45715,1,0,0,0
45719,1,0,0,0
45721,1,0,0,0
45724,1,1,0,0
45727,1,0,0,0
45728,1,0,0,0
45732,0,\N,1,0
45733,1,1,1,0
45734,1,0,0,0
45738,1,0,0,0
45739,1,1,0,0
45740,1,0,0,0
45744,1,0,0,0
45746,1,1,0,0
45748,1,1,0,0
45750,1,1,0,0
45752,0,\N,0,0
45753,1,0,0,0
45754,1,1,1,1
45758,1,0,0,0
45762,1,1,1,0
45764,1,0,0,0
45765,1,0,0,0
45766,1,0,0,0
45768,1,0,0,0
45770,1,1,0,0
45774,1,0,0,0
45778,1,0,0,0
45779,1,0,0,0
45780,1,0,0,0
45782,1,0,0,0
45784,1,1,1,1
45786,0,\N,1,1
45789,1,0,0,0
45793,1,1,0,0
45795,1,0,0,0
45797,1,1,0,0
45798,1,1,0,0
45802,1,0,0,0
45805,1,0,0,0
45807,1,0,0,0
45811,1,0,0,0
45814,1,0,0,0
45815,1,0,0,0
45820,1,0,0,0
45825,1,0,0,0
45829,1,0,0,0
45832,1,1,0,0
45834,1,0,0,0
45838,1,0,0,0
45843,1,1,1,1
45851,1,1,0,0
45853,1,1,1,0
45854,1,0,0,0
45855,1,0,0,0
45856,1,0,0,0
45860,1,0,0,0
45862,1,1,1,1
45864,1,0,0,0
45870,1,1,0,0
45871,1,0,0,0
45877,1,1,0,0
45884,1,0,0,0
45888,1,1,1,1
45890,1,0,0,0
45892,1,0,0,0
45897,1,0,0,0
45903,1,1,0,\N
45904,1,1,1,0
45906,1,0,0,0
45907,1,1,0,0
45908,1,0,0,0
45910,1,0,0,0
45912,1,0,0,0
45914,1,0,0,0
45915,1,0,0,0
45916,0,\N,0,0
45918,1,1,0,0
45920,1,1,1,0
45923,1,0,0,0
45934,1,0,0,0
45935,1,0,0,0
45938,1,1,0,0
45941,1,0,0,0
45944,1,1,0,0
45946,1,1,1,1
45951,1,0,0,0
45954,1,1,0,0
45956,1,1,0,0
45958,1,0,0,0
45959,1,0,0,0
45963,1,0,0,0
45964,1,0,0,0
45966,1,0,0,0
45968,1,0,0,0
45972,1,1,1,0
45975,1,0,0,0
45976,1,0,0,0
45980,1,0,0,0
45981,1,1,0,0
45984,1,0,0,0
45986,1,0,0,0
45988,0,\N,0,0
45992,1,1,1,1
45993,1,0,0,0
45994,1,1,0,0
45996,1,0,0,0
45997,1,0,0,0
46002,1,1,0,0
46003,0,\N,0,0
46004,1,1,0,0
46005,1,1,0,0
46006,1,0,0,0
46012,1,1,1,0
46014,1,0,0,0
46015,1,0,0,0
46016,1,0,0,0
46021,1,1,0,0
46023,1,0,0,0
46026,1,0,0,0
46027,1,1,1,1
46033,1,0,0,0
46037,1,1,0,0
46041,1,1,1,0
46042,1,0,0,0
46045,1,0,0,0
46046,1,0,0,0
46049,1,0,0,0
46052,1,0,0,0
46053,1,0,0,0
46054,1,0,0,0
46058,1,1,1,0
46061,1,0,0,0
46062,1,1,1,0
46064,1,0,0,0
46067,1,1,0,0
46074,1,1,1,0
46075,1,0,0,0
46077,1,0,0,0
46079,1,0,0,0
46081,1,1,1,1
46082,1,0,0,0
46084,1,0,0,0
46085,1,1,0,0
46086,1,0,0,0
46087,1,0,0,0
46095,1,1,1,1
46108,1,0,0,0
46109,1,0,0,0
46111,1,0,0,0
46113,1,0,0,0
46115,1,0,0,0
46116,1,0,0,0
46120,1,0,0,0
46121,1,0,0,0
46122,1,0,0,0
46124,1,1,1,1
46125,1,1,0,0
46127,1,0,0,0
46128,1,0,0,0
46130,1,0,0,0
46132,0,\N,0,0
46141,1,1,1,0
46143,1,0,0,0
46145,1,1,1,1
46147,1,1,1,1
46150,1,0,0,0
46152,1,0,0,0
46153,1,0,0,0
46157,1,0,0,0
46161,1,0,0,0
46165,1,0,0,0
46166,1,0,0,0
46167,1,0,0,0
46168,1,0,0,0
46169,1,0,0,0
46170,1,1,1,1
46171,1,1,1,1
46172,1,0,0,0
46176,1,0,0,0
46178,0,\N,1,0
46179,1,0,0,0
46188,1,0,0,0
46189,1,0,0,0
46191,1,0,0,0
46193,1,0,0,0
46196,1,1,1,0
46197,1,0,0,0
46198,1,1,1,0
46201,1,1,1,0
46203,1,0,0,0
46209,1,0,0,0
46211,1,0,0,0
46212,1,1,0,0
46214,1,0,0,0
46216,1,0,0,0
46223,1,1,1,0
46225,1,0,0,0
46227,1,0,0,0
46230,1,1,1,1
46235,1,0,0,0
46236,1,0,0,0
46237,1,1,1,0
46246,1,0,0,0
46247,1,0,0,0
46251,1,0,0,0
46252,1,0,0,0
46260,1,1,1,0
46261,1,0,0,0
46266,1,0,0,0
46268,1,0,0,0
46273,1,0,0,0
46274,1,0,0,0
46275,1,0,0,0
46276,1,0,0,0
46279,1,0,0,0
46282,1,1,1,0
46286,1,0,0,0
46294,1,1,1,0
46295,1,0,0,0
46299,1,1,1,1
46300,1,0,0,0
46305,1,1,1,1
46306,1,0,0,0
46308,1,0,0,0
46309,1,0,0,0
46312,1,0,0,0
46313,1,1,0,0
46314,1,1,0,0
46316,1,1,1,1
46319,1,0,0,0
46320,1,1,0,0
46327,1,0,0,0
46328,1,0,0,0
46330,1,1,0,0
46333,1,0,0,0
46341,1,0,0,0
46342,1,0,0,0
46347,1,1,0,0
46351,1,0,0,0
46355,1,1,0,0
46356,1,1,0,0
46362,1,1,0,0
46364,1,0,0,0
46367,1,0,0,0
46371,1,1,0,0
46373,1,1,0,0
46378,1,0,0,0
46379,1,0,0,0
46381,1,0,0,0
46382,1,1,1,0
46387,1,1,1,0
46391,1,1,1,0
46394,1,0,0,0
46395,1,1,1,1
46396,1,0,0,0
46397,1,0,0,0
46398,1,1,1,1
46400,1,1,0,0
46401,1,0,0,0
46403,1,1,0,0
46405,1,0,0,0
46408,1,0,0,0
46410,1,0,0,0
46418,1,0,0,0
46420,1,0,0,0
46421,1,1,1,0
46423,1,1,0,0
46426,1,0,0,0
46429,1,0,0,0
46430,0,\N,1,1
46432,1,1,1,0
46435,1,1,1,0
46438,1,0,0,0
46441,1,0,0,0
46443,1,0,0,0
46444,1,1,0,0
46447,1,0,0,0
46449,1,1,0,0
46450,1,0,0,0
46454,1,1,1,1
46455,1,0,0,0
46460,1,1,1,1
46463,1,0,0,0
46465,1,0,0,0
46466,1,0,0,0
46467,1,1,0,0
46469,1,1,1,1
46473,1,0,0,0
46480,1,1,0,0
46487,1,0,0,0
46488,1,0,0,0
46493,1,1,0,0
46496,1,1,0,0
46497,1,0,0,0
46498,1,0,0,0
46499,1,1,0,0
46513,1,0,0,0
46518,1,0,0,0
46519,1,0,0,0
46520,1,1,1,1
46521,1,0,0,0
46522,1,0,0,0
46526,1,0,0,0
46527,1,0,0,0
46534,1,0,0,0
46536,1,1,1,0
46542,1,0,0,0
46545,1,0,0,0
46548,1,1,0,0
46551,1,1,1,1
46552,1,0,0,0
46554,1,0,0,0
46555,1,0,0,0
46556,1,0,0,0
46557,1,0,0,0
46561,1,1,1,1
46562,1,0,0,0
46563,1,0,0,0
46564,1,0,0,0
46567,1,0,0,0
46571,1,0,0,0
46573,1,0,0,0
46575,1,1,0,\N
46580,1,0,0,0
46582,1,0,0,0
46584,1,1,1,1
46589,1,0,0,0
46593,1,1,0,\N
46595,1,0,0,0
46596,1,1,1,0
46597,0,\N,0,0
46598,1,0,0,0
46599,1,1,1,0
46600,1,0,0,0
46601,1,0,0,0
46603,1,0,0,0
46604,1,1,0,0
46605,1,0,0,0
46607,1,0,0,0
46616,1,0,0,0
46618,1,1,1,0
46620,1,1,0,0
46623,1,0,0,0
46624,1,0,0,0
46625,1,1,0,0
46626,1,1,1,0
46631,1,0,0,0
46633,1,0,0,0
46635,1,0,0,0
46641,1,0,0,0
46643,1,0,0,0
46646,1,0,0,0
46647,1,1,1,1
46648,1,0,0,0
46656,1,1,0,0
46658,1,1,1,0
46659,1,1,1,0
46660,1,0,0,0
46668,1,0,0,0
46669,1,0,0,0
46670,1,0,0,0
46673,1,0,0,0
46675,1,0,0,0
46678,1,1,0,0
46683,1,0,0,0
46684,1,0,0,0
46685,1,0,0,0
46688,0,\N,1,0
46690,1,0,0,0
46693,1,0,0,0
46694,1,0,0,0
46695,1,1,1,0
46700,1,1,1,0
46701,1,0,0,0
46702,1,1,1,1
46704,1,1,1,1
46709,1,0,0,0
46714,1,0,0,0
46717,1,0,0,0
46725,1,1,1,1
46726,1,0,0,0
46727,1,0,0,0
46729,1,0,0,0
46731,1,0,0,0
46732,1,1,1,1
46733,1,0,0,0
46734,1,0,0,0
46743,1,0,0,0
46745,1,0,0,0
46746,1,0,0,0
46748,1,0,0,0
46751,1,1,0,0
46752,1,0,0,0
46754,1,0,0,0
46756,1,0,0,0
46757,1,0,0,0
46762,1,0,0,0
46763,1,0,0,0
46765,1,0,0,0
46766,1,0,0,0
46768,1,1,1,0
46770,0,\N,0,0
46773,1,0,0,0
46774,1,1,1,0
46775,1,0,0,0
46776,1,1,1,0
46782,1,0,0,0
46786,1,0,0,0
46787,1,0,0,0
46789,1,0,0,0
46790,1,1,1,1
46792,1,0,0,0
46794,1,0,0,0
46796,1,0,0,0
46798,1,0,0,0
46799,1,0,0,0
46800,1,1,0,0
46802,1,1,1,0
46805,1,0,0,0
46807,1,0,0,0
46808,1,0,0,0
46809,1,0,0,0
46812,1,0,0,0
46816,1,1,1,0
46817,1,0,0,0
46819,1,1,1,1
46821,0,\N,1,0
46822,1,0,0,0
46824,1,0,0,0
46825,1,0,0,0
46829,1,1,0,0
46833,1,0,0,0
46835,1,0,0,0
46836,1,1,0,0
46838,1,1,1,0
46839,1,1,1,0
46841,1,0,0,0
46843,1,0,0,0
46845,1,0,0,0
46847,1,0,0,0
46848,1,0,0,0
46849,1,0,0,0
46853,1,0,0,0
46854,1,1,1,0
46855,1,1,0,\N
46859,1,0,0,0
46861,1,1,0,0
46863,1,1,1,0
46866,1,1,1,1
46868,1,1,0,0
46872,1,0,0,0
46877,1,0,0,0
46883,1,0,0,0
46884,1,0,0,0
46886,0,\N,0,0
46889,1,0,0,0
46890,1,0,0,0
46891,1,1,1,0
46892,1,0,0,0
46894,1,0,0,0
46895,1,0,0,0
46896,1,0,0,0
46898,1,0,0,0
46900,1,0,0,0
46902,1,1,0,0
46909,1,1,0,0
46913,1,0,0,0
46918,1,1,1,0
46919,0,\N,0,0
46923,1,0,0,0
46924,1,1,0,0
46929,1,1,0,0
46933,1,0,0,0
46935,1,0,0,0
46936,1,0,0,0
46940,1,0,0,0
46942,1,1,0,0
46946,1,0,0,0
46948,1,0,0,0
46954,1,0,0,0
46956,1,0,0,0
46960,1,0,0,0
46961,1,0,0,0
46966,1,0,0,0
46968,1,0,0,0
46970,1,0,0,0
46972,1,0,0,0
46973,1,1,0,0
46974,1,0,0,0
46977,1,0,0,0
46978,1,0,0,0
46979,1,1,0,0
46980,1,0,0,0
46982,1,0,0,0
46987,1,1,1,1
46989,1,0,0,0
46991,1,0,0,0
46992,1,0,0,0
46995,0,\N,0,0
46998,1,1,0,0
46999,1,0,0,0
47000,1,1,0,0
47001,1,1,1,1
47003,1,1,0,0
47005,1,0,0,0
47008,1,0,0,0
47012,1,0,0,0
47013,1,0,0,0
47014,1,0,0,0
47020,1,0,0,0
47022,1,0,0,0
47025,1,0,0,0
47031,1,0,0,0
47035,1,1,1,1
47039,1,0,0,0
47041,1,0,0,0
47042,1,1,1,0
47044,1,1,0,0
47047,1,1,1,0
47049,1,1,1,0
47050,1,0,0,0
47052,1,0,0,0
47053,1,0,0,0
47055,1,0,0,0
47056,1,0,0,0
47066,1,1,0,0
47067,1,0,0,0
47070,1,0,0,0
47073,1,0,0,0
47075,1,0,0,0
47077,1,0,0,0
47078,1,0,0,0
47079,1,0,0,0
47080,1,0,0,0
47082,1,1,0,0
47083,1,0,0,0
47087,1,1,0,0
47089,1,1,0,0
47091,1,0,0,0
47093,1,0,0,0
47094,1,1,0,0
47101,1,0,0,0
47102,1,0,0,0
47103,1,1,0,0
47105,1,0,0,0
47108,1,0,0,0
47110,1,0,0,0
47113,1,0,0,0
47115,1,1,1,0
47117,1,0,0,0
47118,1,0,0,0
47120,1,0,0,0
47124,1,1,1,0
47126,1,1,1,0
47128,1,1,0,0
47129,1,0,0,0
47131,1,0,0,0
47134,1,0,0,0
47140,1,1,1,0
47142,1,1,0,0
47144,1,1,0,0
47145,1,0,0,0
47146,1,0,0,0
47150,1,1,0,0
47156,1,0,0,0
47157,1,0,0,0
47161,1,0,0,0
47162,1,1,1,1
47163,1,0,0,0
47165,1,0,0,0
47167,1,1,0,0
47168,1,0,0,0
47171,1,0,0,0
47182,1,0,\N,1
47184,1,1,0,0
47185,1,0,0,0
47186,1,0,0,0
47187,1,0,0,0
47194,1,1,1,0
47196,1,1,1,1
47197,1,0,0,0
47199,1,0,0,0
47203,1,0,0,0
47208,1,0,0,0
47212,1,0,0,0
47214,1,0,0,0
47215,1,0,0,0
47218,1,1,1,0
47219,1,0,0,0
47224,1,0,0,0
47229,1,1,1,1
47233,1,0,0,0
47237,1,0,0,0
47248,1,0,\N,1
47249,1,0,0,0
47251,1,1,1,0
47255,1,0,0,0
47256,1,1,1,0
47258,1,0,0,0
47265,1,0,0,0
47266,1,0,0,0
47269,1,1,1,0
47277,1,1,0,0
47279,1,0,0,0
47282,1,0,\N,0
47283,1,0,0,0
47286,1,1,1,0
47288,1,0,0,0
47289,1,0,0,0
47291,1,0,0,0
47293,1,1,0,0
47296,1,1,0,0
47299,1,0,0,0
47304,1,0,0,0
47305,1,1,1,1
47306,1,0,0,0
47311,1,0,0,0
47317,1,0,0,0
47319,1,0,0,0
47321,1,0,0,0
47322,1,0,0,0
47324,1,0,0,0
47325,1,0,0,0
47329,1,0,0,0
47333,1,1,0,0
47334,1,0,0,0
47336,1,1,1,1
47337,1,0,0,0
47340,1,1,0,0
47341,1,0,0,0
47343,1,1,0,0
47344,1,0,0,0
47348,1,0,0,0
47349,1,1,1,1
47351,1,0,0,0
47356,1,0,0,0
47358,1,0,0,0
47361,1,1,0,0
47362,1,1,1,1
47364,1,0,0,0
47365,1,0,0,0
47372,1,0,0,0
47373,1,0,0,0
47375,1,0,0,0
47376,1,0,0,0
47385,1,0,0,0
47394,1,0,0,0
47395,1,0,0,0
47398,1,0,0,0
47403,1,0,0,0
47404,1,0,0,0
47406,1,0,0,0
47412,0,\N,0,0
47415,1,1,0,0
47417,1,0,0,0
47421,1,0,0,0
47422,1,0,0,0
47425,1,0,0,0
47427,1,1,1,1
47431,1,0,0,0
47432,1,1,0,0
47436,1,0,0,0
47437,1,0,0,0
47439,1,1,1,1
47441,1,1,1,1
47447,1,0,0,0
47451,1,0,0,0
47452,1,0,0,0
47453,1,1,0,0
47456,1,0,0,0
47458,1,0,0,0
47459,1,1,1,1
47461,1,0,0,0
47462,1,0,0,0
47463,1,0,0,0
47465,1,1,0,0
47466,1,1,1,1
47469,1,0,0,0
47470,1,1,1,0
47478,1,1,1,1
47482,1,0,0,0
47483,1,1,0,0
47485,1,0,0,0
47487,1,0,0,0
47489,1,0,0,0
47491,1,0,0,0
47494,1,0,0,0
47499,1,0,0,0
47500,1,1,1,1
47502,1,0,0,0
47505,1,0,0,0
47506,1,0,0,0
47507,1,0,0,0
47511,1,0,0,0
47512,1,1,1,0
47516,1,0,0,0
47517,1,1,1,0
47520,1,1,1,0
47521,1,0,0,0
47526,1,1,0,0
47528,1,0,0,0
47533,1,0,0,0
47534,1,0,0,0
47536,1,0,0,0
47545,1,1,1,1
47547,1,0,0,0
47550,1,0,0,0
47554,1,0,0,0
47557,1,0,0,0
47558,1,0,0,0
47561,1,0,0,0
47564,1,1,1,0
47565,1,0,0,0
47568,1,0,0,0
47569,1,0,0,0
47570,1,0,0,0
47571,1,0,0,0
47573,1,0,0,0
47575,1,0,0,0
47578,1,1,1,1
47580,1,1,1,1
47581,1,0,0,0
47584,1,0,\N,0
47587,1,0,0,0
47591,1,0,0,0
47592,1,0,0,0
47593,1,1,0,0
47595,1,1,0,0
47597,1,0,0,0
47607,1,1,1,1
47609,1,0,0,0
47610,1,1,1,1
47612,1,0,0,0
47613,1,1,1,1
47614,1,1,0,0
47617,1,0,0,0
47618,1,1,0,0
47619,1,1,0,0
47623,1,0,0,0
47629,1,1,1,1
47630,1,0,0,0
47631,1,1,1,1
47632,1,0,0,0
47633,1,0,0,0
47634,1,0,0,0
47635,1,1,0,0
47638,1,1,1,1
47643,1,0,0,0
47644,1,0,0,0
47646,1,0,0,0
47652,1,0,0,0
47663,1,1,1,0
47666,1,0,0,0
47667,1,0,0,0
47674,1,0,0,0
47676,1,0,0,0
47677,1,0,0,0
47680,1,0,0,0
47681,1,0,0,0
47682,1,0,0,0
47690,1,1,1,1
47696,1,0,0,0
47698,1,1,1,0
47699,1,1,1,0
47700,1,0,0,0
47701,1,0,0,0
47702,1,0,0,0
47703,1,1,1,0
47706,1,1,1,0
47709,1,0,0,0
47710,1,0,0,0
47711,1,0,0,0
47712,0,\N,1,0
47714,1,0,0,0
47715,1,1,1,1
47721,1,0,0,0
47722,1,0,0,0
47724,1,0,0,0
47726,1,0,0,0
47729,1,0,0,0
47730,1,0,0,0
47732,1,0,0,0
47735,1,0,0,0
47736,1,0,0,0
47738,1,0,0,0
47740,1,1,0,\N
47742,1,0,0,0
47743,1,0,0,0
47749,1,1,0,0
47751,1,1,1,1
47752,1,0,0,0
47753,1,0,0,0
47755,1,0,0,0
47759,1,0,0,0
47760,1,0,0,0
47765,1,0,0,0
47769,1,0,0,0
47770,1,0,0,0
47771,1,0,0,0
47774,1,0,0,0
47777,1,0,0,0
47783,1,0,0,0
47786,1,1,1,0
47788,1,1,1,0
47789,1,0,0,0
47790,1,0,0,0
47792,1,0,0,0
47796,1,0,0,0
47798,1,0,0,0
47799,1,0,0,0
47801,1,0,0,0
47804,1,0,0,0
47805,1,1,0,0
47807,1,0,0,0
47811,1,1,0,0
47812,1,1,1,1
47813,1,1,1,1
47814,1,0,0,0
47816,1,1,0,0
47817,0,\N,0,0
47826,1,1,1,1
47828,1,1,1,0
47829,1,0,0,0
47830,1,0,0,0
47833,1,1,1,0
47834,1,1,0,0
47835,1,0,0,0
47836,1,1,0,0
47837,1,0,0,0
47842,1,1,0,0
47843,1,1,1,1
47848,1,1,1,1
47849,1,0,0,0
47850,1,1,0,0
47852,1,0,0,0
47854,1,0,0,0
47855,1,0,0,0
47858,1,1,1,1
47859,1,0,0,0
47860,1,0,0,0
47861,1,0,0,0
47864,1,0,0,0
47867,1,1,0,0
47869,1,0,0,0
47871,1,0,0,0
47883,1,0,0,0
47884,1,0,0,0
47888,1,0,0,0
47889,1,1,1,0
47890,1,0,0,0
47891,1,1,0,0
47892,1,0,0,\N
47899,1,1,0,0
47900,1,1,0,0
47914,1,0,0,0
47915,1,1,1,1
47918,1,1,1,0
47919,1,1,1,0
47922,1,0,0,0
47930,1,0,0,0
47933,1,0,0,0
47934,1,1,0,0
47935,1,1,1,0
47936,1,1,0,0
47937,1,1,1,1
47939,1,0,0,0
47942,1,0,0,0
47943,1,0,0,0
47945,1,0,0,0
47948,1,1,1,0
47959,1,1,0,0
47965,1,0,0,0
47967,1,0,0,0
47970,1,0,0,0
47972,1,0,0,0
47973,1,0,0,0
47975,1,0,0,0
47976,1,0,0,0
47980,1,0,0,0
47982,1,1,0,0
47985,1,0,0,0
47987,1,0,0,0
47988,1,0,0,0
47994,1,1,1,0
47995,1,0,0,0
47996,1,1,0,0
48000,1,0,0,0
48001,1,0,0,0
48002,1,0,0,0
48003,1,1,1,0
48005,1,0,0,0
48006,1,0,0,0
48010,1,1,1,0
48012,1,0,0,0
48016,1,0,0,0
48017,1,0,0,0
48020,1,0,0,0
48021,1,1,0,0
48023,1,1,1,0
48029,1,0,0,0
48030,1,0,0,0
48032,1,0,0,0
48033,1,1,1,1
48039,1,0,0,0
48043,1,0,0,0
48045,1,1,1,0
48046,1,0,0,0
48048,1,1,0,0
48057,1,1,1,0
48058,1,1,0,0
48059,1,0,0,0
48060,0,\N,0,0
48061,1,1,0,\N
48062,1,0,0,0
48066,1,0,0,0
48073,1,0,0,0
48078,1,0,0,0
48079,1,1,1,0
48081,1,0,0,0
48082,1,0,0,0
48084,1,0,0,0
48086,1,0,0,0
48088,1,0,0,0
48089,1,0,0,0
48092,1,0,0,0
48099,1,0,0,0
48107,1,1,0,0
48113,1,0,0,0
48114,1,0,0,0
48124,1,1,0,0
48127,1,1,0,0
48133,1,1,0,0
48136,1,0,0,0
48137,1,0,0,0
48140,1,0,0,0
48144,1,0,0,0
48146,1,0,0,0
48148,1,0,\N,0
48155,1,0,0,0
48158,1,0,0,0
48159,1,0,0,0
48165,1,0,0,0
48166,1,0,0,0
48172,1,0,0,0
48174,1,1,0,0
48175,1,0,0,0
48176,1,0,0,0
48183,1,1,1,1
48187,1,0,0,0
48188,1,0,0,0
48190,1,0,0,0
48195,1,1,1,0
48196,1,1,1,1
48197,1,1,0,0
48198,0,\N,1,1
48199,1,0,0,0
48203,1,0,0,0
48206,1,0,0,0
48209,1,0,0,0
48210,1,0,0,0
48211,1,0,0,0
48213,1,1,1,1
48217,1,0,0,0
48218,1,1,0,0
48222,1,0,0,0
48224,1,0,0,0
48226,1,1,1,1
48230,1,1,1,1
48232,1,0,0,0
48235,1,1,0,0
48240,1,0,0,0
48244,1,0,0,0
48245,1,1,0,0
48248,1,1,0,0
48252,1,0,0,0
48256,1,0,0,0
48260,1,0,0,0
48264,1,0,0,0
48265,1,0,0,0
48268,1,1,0,0
48271,1,0,0,0
48274,1,1,0,0
48277,1,1,0,0
48280,1,0,0,0
48282,1,0,0,0
48284,1,1,1,0
48290,1,1,1,1
48294,1,0,0,0
48295,1,0,0,0
48297,1,0,0,0
48300,1,1,0,0
48304,1,0,0,0
48305,1,1,1,0
48313,1,0,0,0
48315,1,1,1,1
48317,1,0,0,0
48320,1,0,0,0
48321,1,0,0,0
48326,1,0,0,0
48333,1,0,0,0
48334,1,0,0,0
48336,1,1,1,0
48338,1,0,0,0
48339,1,1,1,1
48340,1,0,0,0
48341,1,1,1,1
48343,1,0,0,0
48344,1,0,0,0
48345,1,0,0,0
48347,1,0,0,0
48350,1,0,0,0
48352,1,1,0,0
48353,1,0,0,0
48354,1,1,0,0
48358,1,0,0,0
48360,1,0,0,0
48364,1,0,0,0
48365,1,0,0,0
48366,1,0,0,0
48368,1,0,0,0
48371,1,1,1,0
48373,1,1,0,0
48376,1,0,0,0
48377,1,0,0,0
48379,1,1,0,0
48381,1,0,0,0
48384,1,0,0,0
48385,1,0,0,0
48386,1,1,1,0
48389,1,1,1,1
48390,1,0,0,0
48391,1,1,0,0
48396,1,0,0,0
48401,1,0,0,0
48402,1,1,1,1
48405,1,0,\N,0
48406,1,0,0,0
48407,1,1,1,0
48415,1,0,0,0
48418,1,0,0,0
48419,1,0,0,0
48425,1,0,0,0
48429,1,1,1,1
48431,1,0,0,0
48433,1,0,0,0
48435,1,0,0,0
48436,1,0,0,0
48438,1,1,1,1
48439,1,1,1,1
48440,1,0,0,0
48446,1,0,0,0
48447,1,0,0,0
48448,1,0,0,0
48451,1,0,0,0
48455,1,1,1,0
48461,1,0,0,0
48463,1,1,0,0
48465,1,0,0,0
48467,1,0,0,0
48470,1,0,0,0
48472,1,1,0,0
48474,1,1,1,0
48476,1,0,0,0
48477,1,0,0,0
48478,1,1,1,0
48480,1,0,0,0
48485,1,0,0,0
48487,1,0,0,0
48490,1,1,0,0
48493,1,0,0,0
48494,1,0,0,0
48495,1,0,0,0
48497,1,1,1,1
48498,1,0,0,0
48499,1,0,0,0
48501,1,0,0,0
48505,1,1,1,1
48506,1,0,0,0
48507,1,1,0,0
48510,1,1,1,0
48513,1,0,0,0
48514,1,1,1,0
48516,1,1,0,0
48519,1,1,0,0
48522,1,0,0,0
48523,1,1,0,0
48526,1,0,0,0
48529,1,0,0,0
48531,1,0,0,0
48534,1,0,0,0
48536,1,0,0,0
48541,1,1,1,0
48546,1,0,0,0
48547,1,1,1,1
48548,1,0,0,0
48549,1,1,1,1
48550,1,1,0,0
48551,1,0,0,0
48554,1,0,0,0
48556,1,0,0,0
48558,1,0,0,0
48559,1,0,0,0
48560,1,0,0,0
48562,1,1,0,0
48564,1,0,0,0
48566,1,0,0,0
48567,1,0,0,0
48572,1,0,0,0
48575,1,0,0,0
48576,1,1,0,0
48580,1,0,0,0
48582,1,0,0,0
48589,1,1,1,1
48593,1,0,0,0
48596,1,0,0,0
48597,1,1,1,1
48599,1,0,0,0
48602,1,0,0,0
48603,1,0,0,0
48604,0,\N,1,0
48605,1,0,0,0
48606,1,0,0,0
48607,1,0,0,0
48611,1,0,0,0
48612,1,0,0,0
48614,1,1,1,0
48616,1,1,1,1
48619,1,0,0,0
48620,1,1,1,0
48621,1,1,0,0
48622,1,1,0,0
48623,1,0,0,0
48626,1,0,0,0
48629,1,1,1,0
48630,1,0,0,0
48632,1,1,1,1
48634,1,1,1,1
48635,1,0,0,0
48636,1,0,0,0
48637,1,0,0,0
48641,1,0,0,0
48643,1,1,0,0
48645,1,0,0,0
48646,1,1,0,0
48652,1,1,0,0
48656,1,0,0,0
48661,1,1,1,0
48663,1,0,0,0
48664,1,0,0,0
48665,1,1,1,1
48666,1,0,0,0
48667,1,1,1,0
48668,1,1,1,0
48673,1,1,1,0
48674,1,0,0,0
48677,1,0,0,0
48678,1,1,0,0
48681,1,0,0,0
48686,1,1,0,0
48688,1,0,0,0
48689,1,0,0,0
48690,1,1,0,0
48693,1,0,0,0
48699,1,0,0,0
48702,1,0,0,0
48703,1,1,1,0
48713,1,0,0,0
48715,1,0,0,0
48716,1,0,0,0
48717,1,1,0,0
48720,1,0,0,0
48721,1,0,0,0
48723,1,0,0,0
48724,1,1,1,1
48729,1,1,0,0
48730,1,0,0,0
48731,1,0,0,0
48732,1,0,0,0
48735,0,\N,1,1
48736,1,1,1,1
48737,1,0,0,0
48738,1,0,0,0
48739,1,0,0,0
48743,1,0,0,0
48744,1,0,0,0
48752,1,0,0,0
48753,1,0,0,0
48757,1,0,0,0
48758,1,0,0,0
48759,1,0,0,0
48761,1,0,0,0
48762,1,0,0,0
48764,1,0,0,0
48765,1,0,0,0
48767,1,1,0,0
48769,1,0,0,0
48771,1,0,0,0
48772,1,0,0,0
48773,1,1,1,1
48778,1,0,0,0
48781,1,1,1,0
48782,1,0,0,0
48783,1,0,0,0
48786,1,1,0,0
48790,1,0,0,0
48793,1,0,0,0
48794,1,1,1,0
48799,1,0,0,0
48800,1,0,0,0
48803,1,0,0,0
48804,1,1,0,0
48806,1,0,0,0
48807,1,1,1,0
48808,1,0,0,0
48809,1,0,0,0
48810,1,1,1,1
48811,1,0,0,0
48814,1,1,1,0
48816,1,0,0,0
48820,1,0,0,0
48822,1,0,0,0
48825,1,0,0,0
48827,1,1,0,0
48829,1,0,0,0
48830,1,0,0,0
48831,1,0,0,0
48833,1,0,0,0
48836,1,0,0,0
48837,1,0,0,0
48842,1,0,0,0
48845,1,1,1,1
48847,1,0,0,0
48848,1,0,0,0
48849,1,1,0,0
48850,1,1,0,0
48852,1,1,0,0
48853,1,1,0,0
48854,1,1,1,1
48855,1,0,\N,0
48859,1,1,1,1
48863,1,0,0,0
48869,1,1,1,1
48870,1,1,1,0
48874,1,1,1,0
48879,1,0,0,0
48880,1,0,0,0
48882,1,1,1,1
48889,1,0,0,0
48890,1,0,0,0
48891,1,0,0,0
48896,1,0,0,0
48897,1,0,0,0
48899,1,1,0,0
48900,1,0,0,0
48903,1,0,0,0
48906,1,0,0,0
48907,1,1,1,0
48908,1,1,1,0
48912,1,1,1,1
48913,1,1,1,1
48918,1,0,0,0
48920,1,1,0,0
48924,1,1,1,1
48926,1,1,0,0
48928,1,0,0,0
48932,1,0,0,0
48934,1,1,0,0
48937,1,1,0,0
48939,1,0,0,0
48941,1,1,1,1
48942,1,1,0,0
48947,1,0,0,0
48948,1,1,1,1
48952,1,1,0,0
48953,1,0,0,0
48955,1,0,0,0
48956,1,0,0,0
48957,1,1,1,1
48958,1,0,0,0
48959,1,0,0,0
48960,0,\N,0,0
48962,1,0,0,0
48963,1,0,0,0
48964,1,0,0,0
48967,1,1,1,1
48968,1,0,0,0
48969,1,0,0,0
48971,1,1,1,1
48973,1,0,0,0
48974,1,0,0,0
48975,1,0,0,0
48976,1,0,0,0
48980,1,1,1,1
48982,1,1,1,1
48983,1,0,0,0
48984,1,1,1,1
48986,1,0,0,0
48987,1,0,0,0
48989,1,0,0,0
48990,1,1,0,0
48991,1,0,0,0
48992,1,0,0,0
48993,1,0,0,0
48999,1,0,0,0
49006,1,0,0,0
49007,1,0,0,0
49009,1,0,0,0
49010,1,1,0,0
49011,1,0,0,0
49012,1,1,1,1
49018,1,0,0,0
49021,1,0,0,0
49024,1,1,0,0
49030,1,1,1,0
49031,1,0,0,0
49037,1,1,0,0
49040,1,0,\N,1
49041,1,0,0,0
49043,1,0,0,0
49045,1,0,0,0
49052,1,1,1,0
49060,1,0,0,0
49062,1,0,0,0
49063,1,1,0,0
49066,1,0,0,0
49069,1,1,0,0
49071,1,1,0,0
49073,1,0,0,0
49075,1,1,1,1
49077,1,0,0,0
49078,1,0,0,0
49081,1,0,0,0
49083,1,0,0,0
49084,1,0,0,0
49086,1,0,0,0
49087,0,\N,1,0
49095,1,0,0,0
49096,1,1,1,0
49098,1,0,0,0
49101,1,0,0,0
49102,1,0,0,0
49103,1,0,0,0
49105,1,1,1,0
49106,1,0,0,0
49114,1,0,0,0
49115,1,0,0,0
49126,1,1,1,1
49127,1,0,0,0
49128,1,0,0,0
49134,1,0,0,0
49136,1,0,0,0
49141,1,0,0,0
49145,1,0,0,0
49149,1,0,0,0
49153,1,0,0,0
49154,1,1,1,0
49159,0,\N,1,0
49162,1,1,1,0
49163,1,0,0,0
49170,1,0,0,0
49172,1,0,0,0
49175,1,0,0,0
49176,1,1,0,0
49177,1,0,0,0
49179,1,0,0,0
49181,1,1,0,0
49182,1,0,0,0
49183,1,0,0,0
49190,1,0,0,0
49191,1,1,0,0
49194,1,1,1,1
49197,1,0,0,0
49198,1,0,0,0
49201,1,0,0,0
49205,1,0,0,0
49208,1,1,1,1
49209,1,1,0,0
49210,1,1,0,0
49211,1,0,0,0
49215,1,0,0,0
49217,1,1,0,0
49218,1,0,0,0
49221,1,0,0,0
49222,1,0,0,0
49230,1,1,1,1
49234,1,0,0,0
49235,1,0,0,0
49236,1,1,0,0
49239,1,1,0,0
49240,1,0,0,0
49241,1,1,0,0
49242,1,0,\N,1
49243,1,0,\N,1
49244,1,1,1,0
49245,0,\N,0,0
49247,1,0,0,0
49250,1,1,0,0
49251,1,1,1,0
49252,1,1,1,0
49253,1,0,0,0
49256,1,0,0,0
49262,1,0,0,0
49264,1,1,1,0
49265,1,0,0,0
49266,1,0,0,0
49267,1,0,0,0
49268,1,1,0,0
49273,1,0,0,0
49275,1,0,0,0
49279,1,1,0,0
49284,1,1,1,0
49285,0,\N,1,0
49291,1,1,0,0
49298,1,1,1,1
49302,1,1,0,0
49304,1,0,0,0
49305,1,0,0,0
49307,1,0,0,0
49308,1,1,0,0
49310,1,0,0,0
49312,1,0,0,0
49313,1,1,0,0
49315,1,1,1,1
49317,1,1,1,0
49319,1,0,0,0
49324,1,0,0,0
49327,1,1,1,1
49329,1,0,0,0
49331,1,0,0,0
49333,1,0,0,0
49334,1,1,0,0
49335,1,0,0,0
49336,1,1,1,0
49337,1,1,1,0
49339,1,0,0,0
49340,1,0,0,0
49342,1,0,0,0
49346,1,0,0,0
49348,1,0,0,0
49353,1,0,0,0
49356,1,1,0,0
49357,1,0,0,0
49359,1,1,1,1
49364,1,0,0,0
49366,1,0,0,0
49370,1,0,0,0
49371,1,0,0,0
49376,1,1,1,0
49379,1,0,0,0
49385,1,1,0,\N
49388,1,0,0,0
49392,1,0,0,0
49394,1,1,0,0
49395,1,0,0,0
49400,1,1,1,0
49405,1,1,1,1
49407,1,1,1,0
49408,1,0,0,0
49412,1,0,0,0
49413,1,0,0,0
49419,1,1,1,0
49420,1,0,0,0
49432,1,0,0,0
49433,1,0,0,0
49434,1,0,0,0
49439,1,0,0,0
49444,1,0,0,0
49446,1,0,0,0
49447,1,0,0,0
49448,1,0,0,0
49449,1,1,0,0
49454,1,0,0,0
49457,1,0,0,0
49458,1,0,0,0
49459,1,0,0,0
49461,1,0,\N,1
49467,1,0,0,0
49468,1,0,0,0
49469,1,1,1,0
49475,1,1,0,\N
49478,1,0,0,0
49483,1,1,1,0
49486,1,0,0,0
49488,0,\N,0,0
49489,1,0,0,0
49504,1,1,1,1
49506,1,0,0,0
49508,1,0,0,0
49510,1,1,0,0
49519,1,1,1,0
49522,1,1,0,0
49525,1,0,0,0
49527,1,1,0,0
49530,1,0,0,0
49532,1,1,0,0
49533,1,0,0,0
49537,1,0,0,0
49538,1,1,1,0
49540,1,1,1,1
49541,1,1,0,\N
49543,1,0,0,0
49545,1,0,0,0
49546,1,0,0,0
49547,1,0,0,0
49551,1,1,1,0
49552,1,0,0,0
49558,1,0,0,0
49562,1,1,1,1
49563,1,1,1,0
49570,1,0,0,0
49572,1,1,1,1
49575,1,0,0,0
49577,1,0,0,0
49578,1,0,0,0
49579,1,1,0,0
49580,1,0,0,0
49585,1,0,0,0
49586,1,0,0,0
49587,1,0,0,0
49591,1,1,0,0
49593,1,0,0,0
49594,1,1,0,0
49595,1,0,0,0
49597,1,0,0,0
49600,1,0,0,0
49601,1,1,1,0
49602,1,0,0,0
49603,1,0,0,0
49605,1,0,0,0
49610,1,0,0,0
49613,1,0,0,0
49614,1,1,1,1
49615,1,0,0,0
49620,1,1,1,1
49621,1,1,0,0
49625,1,0,0,0
49630,1,0,0,0
49631,1,1,1,0
49633,1,0,0,0
49637,1,1,1,1
49642,1,1,0,0
49646,0,\N,0,0
49647,1,0,0,0
49649,1,0,0,0
49651,1,0,0,0
49654,1,0,0,0
49658,1,0,0,0
49661,1,0,0,0
49664,1,0,0,0
49666,1,1,1,1
49668,1,0,0,0
49669,1,0,0,0
49672,1,0,\N,1
49673,1,1,0,0
49675,1,1,0,0
49680,1,0,0,0
49681,1,0,\N,0
49682,1,1,0,0
49684,1,0,0,0
49689,1,0,0,0
49693,1,1,1,1
49695,1,1,1,0
49696,1,1,1,1
49705,1,1,0,0
49706,1,0,0,0
49707,1,0,0,0
49708,1,1,1,1
49709,1,0,0,0
49712,1,0,0,0
49714,1,1,1,0
49719,1,1,0,0
49724,1,0,0,0
49725,1,0,0,0
49727,1,0,0,0
49728,1,0,0,0
49733,1,0,0,0
49741,1,0,0,0
49744,1,0,0,0
49746,1,0,0,0
49747,1,0,0,0
49748,1,0,\N,0
49749,1,1,1,0
49754,1,0,0,0
49756,1,0,0,0
49762,1,1,1,1
49763,1,0,0,0
49764,1,1,1,0
49767,1,0,0,0
49770,1,1,0,0
49775,1,0,0,0
49777,1,1,1,1
49778,1,0,0,0
49782,1,0,0,0
49783,1,0,0,0
49785,1,1,0,0
49786,1,1,1,0
49788,1,1,0,0
49789,1,0,0,0
49790,1,0,\N,1
49793,1,0,0,0
49795,1,0,0,0
49799,1,1,0,0
49801,1,0,0,0
49802,1,0,0,0
49803,1,1,1,0
49806,1,0,0,0
49811,1,0,0,0
49812,1,0,0,0
49813,1,0,0,0
49818,1,1,1,0
49822,1,1,0,0
49827,1,0,0,0
49829,1,0,0,0
49830,1,0,0,0
49831,1,0,0,0
49833,1,0,0,0
49835,1,1,0,0
49839,1,1,0,0
49840,1,0,0,0
49841,1,1,0,0
49844,1,1,0,0
49845,1,0,0,0
49848,1,1,1,0
49850,1,0,0,0
49854,1,0,0,0
49860,0,\N,0,0
49864,1,1,0,0
49867,1,0,0,0
49869,1,1,0,0
49873,1,0,0,0
49878,1,0,0,0
49879,1,0,0,0
49882,1,0,0,0
49883,1,1,1,1
49887,1,1,0,0
49888,1,0,0,0
49890,1,0,\N,1
49891,1,0,0,0
49896,1,0,0,0
49897,1,1,0,0
49898,1,0,0,0
49900,1,0,0,0
49902,1,0,0,0
49908,1,0,0,0
49910,1,0,0,0
49911,1,1,1,1
49914,1,0,0,0
49915,1,1,0,0
49918,1,1,1,0
49919,1,1,1,1
49925,1,1,0,0
49927,1,0,0,0
49929,1,0,0,0
49930,1,0,0,0
49931,1,1,0,0
49932,1,0,0,0
49933,1,1,1,1
49938,1,1,1,0
49939,1,1,1,1
49943,1,1,1,0
49955,1,0,0,0
49956,1,1,1,1
49957,1,1,1,1
49963,1,0,0,0
49964,1,0,0,0
49966,1,0,0,0
49967,1,0,0,0
49968,1,1,0,0
49975,1,1,1,1
49982,1,0,0,0
49988,1,1,0,\N
49989,1,0,0,0
49992,1,1,0,0
49993,1,0,0,0
49994,1,0,0,0
49999,1,1,1,0
50000,1,0,0,0
